ISO-10303-21;
HEADER;

/* File generated by HOOPS Exchange Version 25.2.0 */

FILE_DESCRIPTION(('HOOPS Exchange Step'),'2;1');

FILE_NAME('C:\\Nextcloud\\3d\\Printables\\!Home\\!Air\\AC-Hisense\\3d\\AEH-W4G1_FULL_mod.stp',
'2026-09-07T20:06:07+03:00',
('ILYA'),
('Unknown organisation'),
'HOOPS Exchange 2025.2',
'HOOPS Exchange',
'Unknown authorisation');

FILE_SCHEMA( ('AP242_MANAGED_MODEL_BASED_3D_ENGINEERING_MIM_LF {1 0 10303 442 3 1 4}') );

ENDSEC;

DATA;
#3=(NAMED_UNIT(*)PLANE_ANGLE_UNIT()SI_UNIT($,.RADIAN.));
#4=PLANE_ANGLE_MEASURE_WITH_UNIT(PLANE_ANGLE_MEASURE(0.0174532925),#3);
#5=(CONVERSION_BASED_UNIT('DEGREE',#4)NAMED_UNIT(#6)PLANE_ANGLE_UNIT());
#6=DIMENSIONAL_EXPONENTS(0.,0.,0.,0.,0.,0.,0.);
#7=(NAMED_UNIT(*)SI_UNIT($,.STERADIAN.)SOLID_ANGLE_UNIT());
#8=(LENGTH_UNIT()NAMED_UNIT(*)SI_UNIT(.MILLI.,.METRE.));
#9=UNCERTAINTY_MEASURE_WITH_UNIT(LENGTH_MEASURE(1.000000E-03),#8,'DISTANCE_ACCURACY_VALUE','Maximum Tolerance applied to model');
#10=(GEOMETRIC_REPRESENTATION_CONTEXT(3)GLOBAL_UNCERTAINTY_ASSIGNED_CONTEXT((#9))GLOBAL_UNIT_ASSIGNED_CONTEXT((#8,#5,#7))REPRESENTATION_CONTEXT('','AEH-W4G1 (\X2\04320442043E04400430044F\X0\ \X2\043A0440044B0448043A0430\X0\)'));
#12=CARTESIAN_POINT('',(0.,0.,0.));
#13=DIRECTION('',(0.,0.,1.));
#14=DIRECTION('',(1.,0.,0.));
#15=AXIS2_PLACEMENT_3D('',#12,#13,#14);
#26=(NAMED_UNIT(*)PLANE_ANGLE_UNIT()SI_UNIT($,.RADIAN.));
#27=PLANE_ANGLE_MEASURE_WITH_UNIT(PLANE_ANGLE_MEASURE(0.0174532925),#26);
#28=(CONVERSION_BASED_UNIT('DEGREE',#27)NAMED_UNIT(#29)PLANE_ANGLE_UNIT());
#29=DIMENSIONAL_EXPONENTS(0.,0.,0.,0.,0.,0.,0.);
#30=(NAMED_UNIT(*)SI_UNIT($,.STERADIAN.)SOLID_ANGLE_UNIT());
#31=(LENGTH_UNIT()NAMED_UNIT(*)SI_UNIT(.MILLI.,.METRE.));
#32=UNCERTAINTY_MEASURE_WITH_UNIT(LENGTH_MEASURE(1.000000E-05),#31,'DISTANCE_ACCURACY_VALUE','Maximum Tolerance applied to model');
#33=(GEOMETRIC_REPRESENTATION_CONTEXT(3)GLOBAL_UNCERTAINTY_ASSIGNED_CONTEXT((#32))GLOBAL_UNIT_ASSIGNED_CONTEXT((#31,#28,#30))REPRESENTATION_CONTEXT('','AEH-W4G1'));
#45=CARTESIAN_POINT('',(0.,0.,0.));
#46=DIRECTION('',(0.,0.,1.));
#47=DIRECTION('',(1.,0.,-0.));
#48=AXIS2_PLACEMENT_3D('',#45,#46,#47);
#49=ITEM_DEFINED_TRANSFORMATION('','',#48,#15);
#50=(REPRESENTATION_RELATIONSHIP('','',#35,#16)REPRESENTATION_RELATIONSHIP_WITH_TRANSFORMATION(#49)SHAPE_REPRESENTATION_RELATIONSHIP());
#51=NEXT_ASSEMBLY_USAGE_OCCURRENCE('AEH-W4G1_1','AEH-W4G1','AEH-W4G1',#25,#44,$);
#52=PRODUCT_DEFINITION_SHAPE('','',#51);
#53=CONTEXT_DEPENDENT_SHAPE_REPRESENTATION(#50,#52);
#55=CARTESIAN_POINT('',(-25.734664741,0.,-2.));
#56=DIRECTION('',(1.,0.,0.));
#57=DIRECTION('',(0.,0.,-1.));
#58=AXIS2_PLACEMENT_3D('',#55,#56,#57);
#59=PLANE('',#58);
#60=CARTESIAN_POINT('',(-25.734664741,6.5,-2.));
#61=VERTEX_POINT('2490133',#60);
#62=CARTESIAN_POINT('',(-25.734664741,6.5,-1.));
#63=VERTEX_POINT('2490129',#62);
#64=CARTESIAN_POINT('',(-25.734664741,6.5,-2.));
#65=DIRECTION('',(0.,-0.,1.));
#66=VECTOR('',#65,1.);
#67=LINE('',#64,#66);
#68=EDGE_CURVE('2490651',#61,#63,#67,.T.);
#69=ORIENTED_EDGE('',*,*,#68,.F.);
#70=CARTESIAN_POINT('',(-25.734664741,1.,-2.));
#71=VERTEX_POINT('2490121',#70);
#72=CARTESIAN_POINT('',(-25.734664741,1.,-2.));
#73=DIRECTION('',(0.,1.,0.));
#74=VECTOR('',#73,5.5);
#75=LINE('',#72,#74);
#76=EDGE_CURVE('2490152',#71,#61,#75,.T.);
#77=ORIENTED_EDGE('',*,*,#76,.F.);
#78=CARTESIAN_POINT('',(-25.734664741,1.,-1.));
#79=VERTEX_POINT('2490119',#78);
#80=CARTESIAN_POINT('',(-25.734664741,1.,-1.));
#81=DIRECTION('',(0.,0.,-1.));
#82=VECTOR('',#81,1.);
#83=LINE('',#80,#82);
#84=EDGE_CURVE('2490161',#79,#71,#83,.T.);
#85=ORIENTED_EDGE('',*,*,#84,.F.);
#86=CARTESIAN_POINT('',(-25.734664741,6.5,-1.));
#87=DIRECTION('',(0.,-1.,0.));
#88=VECTOR('',#87,5.5);
#89=LINE('',#86,#88);
#90=EDGE_CURVE('2490461',#63,#79,#89,.T.);
#91=ORIENTED_EDGE('',*,*,#90,.F.);
#92=EDGE_LOOP('',(#69,#77,#85,#91));
#93=FACE_BOUND('',#92,.T.);
#94=ADVANCED_FACE('2490673',(#93),#59,.F.);
#95=CARTESIAN_POINT('',(-16.234664741,0.,-2.));
#96=DIRECTION('',(-1.,0.,0.));
#97=DIRECTION('',(0.,0.,1.));
#98=AXIS2_PLACEMENT_3D('',#95,#96,#97);
#99=PLANE('',#98);
#100=CARTESIAN_POINT('',(-16.234664741,6.5,-1.));
#101=VERTEX_POINT('2490127',#100);
#102=CARTESIAN_POINT('',(-16.234664741,6.5,-2.));
#103=VERTEX_POINT('2490135',#102);
#104=CARTESIAN_POINT('',(-16.234664741,6.5,-1.));
#105=DIRECTION('',(-0.,0.,-1.));
#106=VECTOR('',#105,1.);
#107=LINE('',#104,#106);
#108=EDGE_CURVE('2490141',#101,#103,#107,.T.);
#109=ORIENTED_EDGE('',*,*,#108,.F.);
#110=CARTESIAN_POINT('',(-16.234664741,1.,-1.));
#111=VERTEX_POINT('2490123',#110);
#112=CARTESIAN_POINT('',(-16.234664741,1.,-1.));
#113=DIRECTION('',(0.,1.,0.));
#114=VECTOR('',#113,5.5);
#115=LINE('',#112,#114);
#116=EDGE_CURVE('2490151',#111,#101,#115,.T.);
#117=ORIENTED_EDGE('',*,*,#116,.F.);
#118=CARTESIAN_POINT('',(-16.234664741,1.,-2.));
#119=VERTEX_POINT('2490125',#118);
#120=CARTESIAN_POINT('',(-16.234664741,1.,-2.));
#121=DIRECTION('',(0.,-0.,1.));
#122=VECTOR('',#121,1.);
#123=LINE('',#120,#122);
#124=EDGE_CURVE('2490157',#119,#111,#123,.T.);
#125=ORIENTED_EDGE('',*,*,#124,.F.);
#126=CARTESIAN_POINT('',(-16.234664741,1.,-2.));
#127=DIRECTION('',(0.,1.,0.));
#128=VECTOR('',#127,5.5);
#129=LINE('',#126,#128);
#130=EDGE_CURVE('2490150',#119,#103,#129,.T.);
#131=ORIENTED_EDGE('',*,*,#130,.T.);
#132=EDGE_LOOP('',(#109,#117,#125,#131));
#133=FACE_BOUND('',#132,.T.);
#134=ADVANCED_FACE('2490670',(#133),#99,.F.);
#135=CARTESIAN_POINT('',(-24.734664741,0.,-2.));
#136=DIRECTION('',(1.,0.,0.));
#137=DIRECTION('',(0.,0.,-1.));
#138=AXIS2_PLACEMENT_3D('',#135,#136,#137);
#139=PLANE('',#138);
#140=CARTESIAN_POINT('',(-24.734664741,6.5,-0.3));
#141=VERTEX_POINT('2489913',#140);
#142=CARTESIAN_POINT('',(-24.734664741,6.5,-2.));
#143=VERTEX_POINT('2490131',#142);
#144=CARTESIAN_POINT('',(-24.734664741,6.5,-0.3));
#145=DIRECTION('',(-0.,0.,-1.));
#146=VECTOR('',#145,1.7);
#147=LINE('',#144,#146);
#148=EDGE_CURVE('2490652',#141,#143,#147,.T.);
#149=ORIENTED_EDGE('',*,*,#148,.F.);
#150=CARTESIAN_POINT('',(-24.734664741,0.,-0.3));
#151=VERTEX_POINT('2489911',#150);
#152=CARTESIAN_POINT('',(-24.734664741,6.5,-0.3));
#153=DIRECTION('',(-0.,-1.,-0.));
#154=VECTOR('',#153,6.5);
#155=LINE('',#152,#154);
#156=EDGE_CURVE('2490481',#141,#151,#155,.T.);
#157=ORIENTED_EDGE('',*,*,#156,.T.);
#158=CARTESIAN_POINT('',(-24.734664741,0.,-2.));
#159=VERTEX_POINT('2490117',#158);
#160=CARTESIAN_POINT('',(-24.734664741,0.,-2.));
#161=DIRECTION('',(0.,-0.,1.));
#162=VECTOR('',#161,1.7);
#163=LINE('',#160,#162);
#164=EDGE_CURVE('2490459',#159,#151,#163,.T.);
#165=ORIENTED_EDGE('',*,*,#164,.F.);
#166=CARTESIAN_POINT('',(-24.734664741,0.,-2.));
#167=DIRECTION('',(0.,1.,0.));
#168=VECTOR('',#167,6.5);
#169=LINE('',#166,#168);
#170=EDGE_CURVE('2490163',#159,#143,#169,.T.);
#171=ORIENTED_EDGE('',*,*,#170,.T.);
#172=EDGE_LOOP('',(#149,#157,#165,#171));
#173=FACE_BOUND('',#172,.T.);
#174=ADVANCED_FACE('2490668',(#173),#139,.T.);
#175=CARTESIAN_POINT('',(-20.984664741,0.,-2.));
#176=DIRECTION('',(0.,1.,0.));
#177=DIRECTION('',(0.,-0.,1.));
#178=AXIS2_PLACEMENT_3D('',#175,#176,#177);
#179=CYLINDRICAL_SURFACE('',#178,3.75);
#180=CARTESIAN_POINT('',(-17.234664741,0.,-2.));
#181=VERTEX_POINT('2490115',#180);
#182=CARTESIAN_POINT('',(-17.234664741,6.5,-2.));
#183=VERTEX_POINT('2489929',#182);
#184=CARTESIAN_POINT('',(-17.234664741,0.,-2.));
#185=DIRECTION('',(0.,1.,0.));
#186=VECTOR('',#185,6.5);
#187=LINE('',#184,#186);
#188=EDGE_CURVE('2490165',#181,#183,#187,.T.);
#189=ORIENTED_EDGE('',*,*,#188,.T.);
#190=CARTESIAN_POINT('',(-20.984664741,6.5,-2.));
#191=DIRECTION('',(0.,-1.,-0.));
#192=DIRECTION('',(1.,0.,0.));
#193=AXIS2_PLACEMENT_3D('',#190,#191,#192);
#194=CIRCLE('',#193,3.75);
#195=EDGE_CURVE('2490657',#143,#183,#194,.T.);
#196=ORIENTED_EDGE('',*,*,#195,.F.);
#197=ORIENTED_EDGE('',*,*,#170,.F.);
#198=CARTESIAN_POINT('',(-20.984664741,0.,-2.));
#199=DIRECTION('',(0.,-1.,-0.));
#200=DIRECTION('',(1.,0.,0.));
#201=AXIS2_PLACEMENT_3D('',#198,#199,#200);
#202=CIRCLE('',#201,3.75);
#203=EDGE_CURVE('2490453',#159,#181,#202,.T.);
#204=ORIENTED_EDGE('',*,*,#203,.T.);
#205=EDGE_LOOP('',(#189,#196,#197,#204));
#206=FACE_BOUND('',#205,.T.);
#207=ADVANCED_FACE('2490669',(#206),#179,.F.);
#208=CARTESIAN_POINT('',(-17.234664741,0.,-2.));
#209=DIRECTION('',(-1.,0.,0.));
#210=DIRECTION('',(0.,0.,1.));
#211=AXIS2_PLACEMENT_3D('',#208,#209,#210);
#212=PLANE('',#211);
#213=CARTESIAN_POINT('',(-17.234664741,0.,-0.3));
#214=VERTEX_POINT('2489921',#213);
#215=CARTESIAN_POINT('',(-17.234664741,0.,-2.));
#216=DIRECTION('',(0.,-0.,1.));
#217=VECTOR('',#216,1.7);
#218=LINE('',#215,#217);
#219=EDGE_CURVE('2490457',#181,#214,#218,.T.);
#220=ORIENTED_EDGE('',*,*,#219,.T.);
#221=CARTESIAN_POINT('',(-17.234664741,6.5,-0.3));
#222=VERTEX_POINT('2489923',#221);
#223=CARTESIAN_POINT('',(-17.234664741,0.,-0.3));
#224=DIRECTION('',(0.,1.,0.));
#225=VECTOR('',#224,6.5);
#226=LINE('',#223,#225);
#227=EDGE_CURVE('2490469',#214,#222,#226,.T.);
#228=ORIENTED_EDGE('',*,*,#227,.T.);
#229=CARTESIAN_POINT('',(-17.234664741,6.5,-2.));
#230=DIRECTION('',(0.,-0.,1.));
#231=VECTOR('',#230,1.7);
#232=LINE('',#229,#231);
#233=EDGE_CURVE('2490659',#183,#222,#232,.T.);
#234=ORIENTED_EDGE('',*,*,#233,.F.);
#235=ORIENTED_EDGE('',*,*,#188,.F.);
#236=EDGE_LOOP('',(#220,#228,#234,#235));
#237=FACE_BOUND('',#236,.T.);
#238=ADVANCED_FACE('2490679',(#237),#212,.T.);
#239=CARTESIAN_POINT('',(-20.984664741,0.,-2.));
#240=DIRECTION('',(0.,1.,0.));
#241=DIRECTION('',(0.,-0.,1.));
#242=AXIS2_PLACEMENT_3D('',#239,#240,#241);
#243=CYLINDRICAL_SURFACE('',#242,4.75);
#244=CARTESIAN_POINT('',(-20.984664741,6.5,-2.));
#245=DIRECTION('',(-0.,1.,0.));
#246=DIRECTION('',(1.,0.,0.));
#247=AXIS2_PLACEMENT_3D('',#244,#245,#246);
#248=CIRCLE('',#247,4.75);
#249=EDGE_CURVE('2490146',#103,#61,#248,.T.);
#250=ORIENTED_EDGE('',*,*,#249,.F.);
#251=ORIENTED_EDGE('',*,*,#130,.F.);
#252=CARTESIAN_POINT('',(-20.984664741,1.,-2.));
#253=DIRECTION('',(-0.,-1.,-0.));
#254=DIRECTION('',(0.,-0.,1.));
#255=AXIS2_PLACEMENT_3D('',#252,#253,#254);
#256=CIRCLE('',#255,4.75);
#257=EDGE_CURVE('2490159',#71,#119,#256,.T.);
#258=ORIENTED_EDGE('',*,*,#257,.F.);
#259=ORIENTED_EDGE('',*,*,#76,.T.);
#260=EDGE_LOOP('',(#250,#251,#258,#259));
#261=FACE_BOUND('',#260,.T.);
#262=ADVANCED_FACE('2490676',(#261),#243,.T.);
#263=CARTESIAN_POINT('',(0.,6.5,-50.));
#264=DIRECTION('',(0.,1.,0.));
#265=DIRECTION('',(-1.,0.,-0.));
#266=AXIS2_PLACEMENT_3D('',#263,#264,#265);
#267=PLANE('',#266);
#268=CARTESIAN_POINT('',(-28.,6.5,-0.));
#269=VERTEX_POINT('2490011',#268);
#270=CARTESIAN_POINT('',(-25.034664741,6.5,-0.));
#271=VERTEX_POINT('2489917',#270);
#272=CARTESIAN_POINT('',(-28.,6.5,-0.));
#273=DIRECTION('',(1.,0.,-0.));
#274=VECTOR('',#273,2.965335259);
#275=LINE('',#272,#274);
#276=EDGE_CURVE('2490307',#269,#271,#275,.T.);
#277=ORIENTED_EDGE('',*,*,#276,.T.);
#278=CARTESIAN_POINT('',(-25.034664741,6.5,-0.3));
#279=DIRECTION('',(0.,1.,0.));
#280=DIRECTION('',(0.,-0.,1.));
#281=AXIS2_PLACEMENT_3D('',#278,#279,#280);
#282=CIRCLE('',#281,0.3);
#283=EDGE_CURVE('2490479',#271,#141,#282,.T.);
#284=ORIENTED_EDGE('',*,*,#283,.T.);
#285=ORIENTED_EDGE('',*,*,#148,.T.);
#286=ORIENTED_EDGE('',*,*,#195,.T.);
#287=ORIENTED_EDGE('',*,*,#233,.T.);
#288=CARTESIAN_POINT('',(-17.142093546,6.5,-0.083266776));
#289=VERTEX_POINT('2489905',#288);
#290=CARTESIAN_POINT('',(-16.934664741,6.5,-0.3));
#291=DIRECTION('',(0.,1.,0.));
#292=DIRECTION('',(0.,-0.,1.));
#293=AXIS2_PLACEMENT_3D('',#290,#291,#292);
#294=CIRCLE('',#293,0.3);
#295=EDGE_CURVE('2490471',#222,#289,#294,.T.);
#296=ORIENTED_EDGE('',*,*,#295,.T.);
#297=CARTESIAN_POINT('',(-16.833522899,6.5,0.639177306));
#298=VERTEX_POINT('2489899',#297);
#299=CARTESIAN_POINT('',(-17.833522899,6.5,0.639177306));
#300=DIRECTION('',(-0.,-1.,-0.));
#301=DIRECTION('',(0.,-0.,1.));
#302=AXIS2_PLACEMENT_3D('',#299,#300,#301);
#303=CIRCLE('',#302,1.);
#304=EDGE_CURVE('2490500',#289,#298,#303,.T.);
#305=ORIENTED_EDGE('',*,*,#304,.T.);
#306=CARTESIAN_POINT('',(-16.833522899,6.5,5.));
#307=VERTEX_POINT('2489927',#306);
#308=CARTESIAN_POINT('',(-16.833522899,6.5,0.639177306));
#309=DIRECTION('',(-0.,-0.,1.));
#310=VECTOR('',#309,4.360822694);
#311=LINE('',#308,#310);
#312=EDGE_CURVE('2490463',#298,#307,#311,.T.);
#313=ORIENTED_EDGE('',*,*,#312,.T.);
#314=CARTESIAN_POINT('',(-16.07498478,6.5,5.));
#315=VERTEX_POINT('2489947',#314);
#316=CARTESIAN_POINT('',(-16.07498478,6.5,5.));
#317=DIRECTION('',(-1.,0.,0.));
#318=VECTOR('',#317,0.758538118);
#319=LINE('',#316,#318);
#320=EDGE_CURVE('2490389',#315,#307,#319,.T.);
#321=ORIENTED_EDGE('',*,*,#320,.F.);
#322=CARTESIAN_POINT('',(-16.07498478,6.5,-1.));
#323=VERTEX_POINT('2489965',#322);
#324=CARTESIAN_POINT('',(-16.07498478,6.5,-1.));
#325=DIRECTION('',(0.,0.,1.));
#326=VECTOR('',#325,6.);
#327=LINE('',#324,#326);
#328=EDGE_CURVE('2490401',#323,#315,#327,.T.);
#329=ORIENTED_EDGE('',*,*,#328,.F.);
#330=CARTESIAN_POINT('',(-16.07498478,6.5,-1.));
#331=DIRECTION('',(-1.,0.,0.));
#332=VECTOR('',#331,0.15967996);
#333=LINE('',#330,#332);
#334=EDGE_CURVE('2490351',#323,#101,#333,.T.);
#335=ORIENTED_EDGE('',*,*,#334,.T.);
#336=ORIENTED_EDGE('',*,*,#108,.T.);
#337=ORIENTED_EDGE('',*,*,#249,.T.);
#338=ORIENTED_EDGE('',*,*,#68,.T.);
#339=CARTESIAN_POINT('',(-26.,6.5,-1.));
#340=VERTEX_POINT('2490105',#339);
#341=CARTESIAN_POINT('',(-25.734664741,6.5,-1.));
#342=DIRECTION('',(-1.,0.,0.));
#343=VECTOR('',#342,0.265335259);
#344=LINE('',#341,#343);
#345=EDGE_CURVE('2490999',#63,#340,#344,.T.);
#346=ORIENTED_EDGE('',*,*,#345,.T.);
#347=CARTESIAN_POINT('',(-28.,6.5,-1.));
#348=VERTEX_POINT('2489931',#347);
#349=CARTESIAN_POINT('',(-28.,6.5,-1.));
#350=DIRECTION('',(1.,0.,-0.));
#351=VECTOR('',#350,2.);
#352=LINE('',#349,#351);
#353=EDGE_CURVE('2490185',#348,#340,#352,.T.);
#354=ORIENTED_EDGE('',*,*,#353,.F.);
#355=CARTESIAN_POINT('',(-28.,6.5,-3.));
#356=VERTEX_POINT('2489971',#355);
#357=CARTESIAN_POINT('',(-28.,6.5,-3.));
#358=DIRECTION('',(0.,0.,1.));
#359=VECTOR('',#358,2.);
#360=LINE('',#357,#359);
#361=EDGE_CURVE('2490169',#356,#348,#360,.T.);
#362=ORIENTED_EDGE('',*,*,#361,.F.);
#363=CARTESIAN_POINT('',(-28.,6.5,-47.));
#364=VERTEX_POINT('2489945',#363);
#365=CARTESIAN_POINT('',(-28.,6.5,-3.));
#366=DIRECTION('',(0.,0.,-1.));
#367=VECTOR('',#366,44.);
#368=LINE('',#365,#367);
#369=EDGE_CURVE('2490359',#356,#364,#368,.T.);
#370=ORIENTED_EDGE('',*,*,#369,.T.);
#371=CARTESIAN_POINT('',(-28.,6.5,-49.));
#372=VERTEX_POINT('2489935',#371);
#373=CARTESIAN_POINT('',(-28.,6.5,-49.));
#374=DIRECTION('',(0.,0.,1.));
#375=VECTOR('',#374,2.);
#376=LINE('',#373,#375);
#377=EDGE_CURVE('2490451',#372,#364,#376,.T.);
#378=ORIENTED_EDGE('',*,*,#377,.F.);
#379=CARTESIAN_POINT('',(-24.,6.5,-49.));
#380=VERTEX_POINT('2489975',#379);
#381=CARTESIAN_POINT('',(-24.,6.5,-49.));
#382=DIRECTION('',(-1.,0.,0.));
#383=VECTOR('',#382,4.);
#384=LINE('',#381,#383);
#385=EDGE_CURVE('2490433',#380,#372,#384,.T.);
#386=ORIENTED_EDGE('',*,*,#385,.F.);
#387=CARTESIAN_POINT('',(-21.372983346,6.5,-49.));
#388=VERTEX_POINT('2490053',#387);
#389=CARTESIAN_POINT('',(-24.,6.5,-49.));
#390=DIRECTION('',(1.,0.,-0.));
#391=VECTOR('',#390,2.627016654);
#392=LINE('',#389,#391);
#393=EDGE_CURVE('2490335',#380,#388,#392,.T.);
#394=ORIENTED_EDGE('',*,*,#393,.T.);
#395=CARTESIAN_POINT('',(-19.436491673,6.5,-47.5));
#396=VERTEX_POINT('2490057',#395);
#397=CARTESIAN_POINT('',(-21.372983346,6.5,-47.));
#398=DIRECTION('',(-0.,-1.,-0.));
#399=DIRECTION('',(0.,-0.,1.));
#400=AXIS2_PLACEMENT_3D('',#397,#398,#399);
#401=CIRCLE('',#400,2.);
#402=EDGE_CURVE('2490251',#388,#396,#401,.T.);
#403=ORIENTED_EDGE('',*,*,#402,.T.);
#404=CARTESIAN_POINT('',(-17.5,6.5,-46.));
#405=VERTEX_POINT('2490047',#404);
#406=CARTESIAN_POINT('',(-17.5,6.5,-48.));
#407=DIRECTION('',(0.,1.,0.));
#408=DIRECTION('',(0.,-0.,1.));
#409=AXIS2_PLACEMENT_3D('',#406,#407,#408);
#410=CIRCLE('',#409,2.);
#411=EDGE_CURVE('2490263',#396,#405,#410,.T.);
#412=ORIENTED_EDGE('',*,*,#411,.T.);
#413=CARTESIAN_POINT('',(-11.372983346,6.5,-46.));
#414=VERTEX_POINT('2490039',#413);
#415=CARTESIAN_POINT('',(-17.5,6.5,-46.));
#416=DIRECTION('',(1.,0.,-0.));
#417=VECTOR('',#416,6.127016654);
#418=LINE('',#415,#417);
#419=EDGE_CURVE('2490417',#405,#414,#418,.T.);
#420=ORIENTED_EDGE('',*,*,#419,.T.);
#421=CARTESIAN_POINT('',(-9.436491673,6.5,-47.5));
#422=VERTEX_POINT('2490043',#421);
#423=CARTESIAN_POINT('',(-11.372983346,6.5,-48.));
#424=DIRECTION('',(0.,1.,0.));
#425=DIRECTION('',(0.,-0.,1.));
#426=AXIS2_PLACEMENT_3D('',#423,#424,#425);
#427=CIRCLE('',#426,2.);
#428=EDGE_CURVE('2490269',#414,#422,#427,.T.);
#429=ORIENTED_EDGE('',*,*,#428,.T.);
#430=CARTESIAN_POINT('',(-7.5,6.5,-49.));
#431=VERTEX_POINT('2490035',#430);
#432=CARTESIAN_POINT('',(-7.5,6.5,-47.));
#433=DIRECTION('',(-0.,-1.,-0.));
#434=DIRECTION('',(0.,-0.,1.));
#435=AXIS2_PLACEMENT_3D('',#432,#433,#434);
#436=CIRCLE('',#435,2.);
#437=EDGE_CURVE('2490273',#422,#431,#436,.T.);
#438=ORIENTED_EDGE('',*,*,#437,.T.);
#439=CARTESIAN_POINT('',(-5.,6.5,-49.));
#440=VERTEX_POINT('2489977',#439);
#441=CARTESIAN_POINT('',(-7.5,6.5,-49.));
#442=DIRECTION('',(1.,0.,-0.));
#443=VECTOR('',#442,2.5);
#444=LINE('',#441,#443);
#445=EDGE_CURVE('2490935',#431,#440,#444,.T.);
#446=ORIENTED_EDGE('',*,*,#445,.T.);
#447=CARTESIAN_POINT('',(-1.,6.5,-49.));
#448=VERTEX_POINT('2490077',#447);
#449=CARTESIAN_POINT('',(-1.,6.5,-49.));
#450=DIRECTION('',(-1.,0.,0.));
#451=VECTOR('',#450,4.);
#452=LINE('',#449,#451);
#453=EDGE_CURVE('2490213',#448,#440,#452,.T.);
#454=ORIENTED_EDGE('',*,*,#453,.F.);
#455=CARTESIAN_POINT('',(-1.,6.5,-47.));
#456=VERTEX_POINT('2490075',#455);
#457=CARTESIAN_POINT('',(-1.,6.5,-47.));
#458=DIRECTION('',(0.,0.,-1.));
#459=VECTOR('',#458,2.);
#460=LINE('',#457,#459);
#461=EDGE_CURVE('2490229',#456,#448,#460,.T.);
#462=ORIENTED_EDGE('',*,*,#461,.F.);
#463=CARTESIAN_POINT('',(-1.,6.5,-3.));
#464=VERTEX_POINT('2490087',#463);
#465=CARTESIAN_POINT('',(-1.,6.5,-47.));
#466=DIRECTION('',(-0.,0.,1.));
#467=VECTOR('',#466,44.);
#468=LINE('',#465,#467);
#469=EDGE_CURVE('2490367',#456,#464,#468,.T.);
#470=ORIENTED_EDGE('',*,*,#469,.T.);
#471=CARTESIAN_POINT('',(-1.,6.5,-1.));
#472=VERTEX_POINT('2489933',#471);
#473=CARTESIAN_POINT('',(-1.,6.5,-1.));
#474=DIRECTION('',(0.,0.,-1.));
#475=VECTOR('',#474,2.);
#476=LINE('',#473,#475);
#477=EDGE_CURVE('2490211',#472,#464,#476,.T.);
#478=ORIENTED_EDGE('',*,*,#477,.F.);
#479=CARTESIAN_POINT('',(-3.,6.5,-1.));
#480=VERTEX_POINT('2489969',#479);
#481=CARTESIAN_POINT('',(-3.,6.5,-1.));
#482=DIRECTION('',(1.,0.,-0.));
#483=VECTOR('',#482,2.);
#484=LINE('',#481,#483);
#485=EDGE_CURVE('2490195',#480,#472,#484,.T.);
#486=ORIENTED_EDGE('',*,*,#485,.F.);
#487=CARTESIAN_POINT('',(-11.092061017,6.5,-1.));
#488=VERTEX_POINT('2489967',#487);
#489=CARTESIAN_POINT('',(-3.,6.5,-1.));
#490=DIRECTION('',(-1.,0.,0.));
#491=VECTOR('',#490,8.092061017);
#492=LINE('',#489,#491);
#493=EDGE_CURVE('2490353',#480,#488,#492,.T.);
#494=ORIENTED_EDGE('',*,*,#493,.T.);
#495=CARTESIAN_POINT('',(-11.092061017,6.5,5.));
#496=VERTEX_POINT('2490021',#495);
#497=CARTESIAN_POINT('',(-11.092061017,6.5,-1.));
#498=DIRECTION('',(0.,0.,1.));
#499=VECTOR('',#498,6.);
#500=LINE('',#497,#499);
#501=EDGE_CURVE('2490303',#488,#496,#500,.T.);
#502=ORIENTED_EDGE('',*,*,#501,.T.);
#503=CARTESIAN_POINT('',(-10.333522899,6.5,5.));
#504=VERTEX_POINT('2489925',#503);
#505=CARTESIAN_POINT('',(-10.333522899,6.5,5.));
#506=DIRECTION('',(-1.,0.,0.));
#507=VECTOR('',#506,0.758538118);
#508=LINE('',#505,#507);
#509=EDGE_CURVE('2490297',#504,#496,#508,.T.);
#510=ORIENTED_EDGE('',*,*,#509,.F.);
#511=CARTESIAN_POINT('',(-10.333522899,6.5,1.));
#512=VERTEX_POINT('2489901',#511);
#513=CARTESIAN_POINT('',(-10.333522899,6.5,1.));
#514=DIRECTION('',(-0.,-0.,1.));
#515=VECTOR('',#514,4.);
#516=LINE('',#513,#515);
#517=EDGE_CURVE('2490467',#512,#504,#516,.T.);
#518=ORIENTED_EDGE('',*,*,#517,.F.);
#519=CARTESIAN_POINT('',(-9.333522899,6.5,-0.));
#520=VERTEX_POINT('2489907',#519);
#521=CARTESIAN_POINT('',(-9.333522899,6.5,1.));
#522=DIRECTION('',(-0.,-1.,-0.));
#523=DIRECTION('',(0.,-0.,1.));
#524=AXIS2_PLACEMENT_3D('',#521,#522,#523);
#525=CIRCLE('',#524,1.);
#526=EDGE_CURVE('2489896',#512,#520,#525,.T.);
#527=ORIENTED_EDGE('',*,*,#526,.T.);
#528=CARTESIAN_POINT('',(-1.,6.5,0.));
#529=VERTEX_POINT('2490023',#528);
#530=CARTESIAN_POINT('',(-9.333522899,6.5,-0.));
#531=DIRECTION('',(1.,0.,0.));
#532=VECTOR('',#531,8.333522899);
#533=LINE('',#530,#532);
#534=EDGE_CURVE('2490301',#520,#529,#533,.T.);
#535=ORIENTED_EDGE('',*,*,#534,.T.);
#536=CARTESIAN_POINT('',(0.,6.5,-1.));
#537=VERTEX_POINT('2490009',#536);
#538=CARTESIAN_POINT('',(-1.,6.5,-1.));
#539=DIRECTION('',(0.,-1.,-0.));
#540=DIRECTION('',(0.,-0.,1.));
#541=AXIS2_PLACEMENT_3D('',#538,#539,#540);
#542=CIRCLE('',#541,1.);
#543=EDGE_CURVE('2490289',#537,#529,#542,.T.);
#544=ORIENTED_EDGE('',*,*,#543,.F.);
#545=CARTESIAN_POINT('',(0.,6.5,-49.));
#546=VERTEX_POINT('2490017',#545);
#547=CARTESIAN_POINT('',(0.,6.5,-1.));
#548=DIRECTION('',(0.,0.,-1.));
#549=VECTOR('',#548,48.);
#550=LINE('',#547,#549);
#551=EDGE_CURVE('2490295',#537,#546,#550,.T.);
#552=ORIENTED_EDGE('',*,*,#551,.T.);
#553=CARTESIAN_POINT('',(-1.,6.5,-50.));
#554=VERTEX_POINT('2490015',#553);
#555=CARTESIAN_POINT('',(-1.,6.5,-49.));
#556=DIRECTION('',(0.,-1.,-0.));
#557=DIRECTION('',(1.,0.,-0.));
#558=AXIS2_PLACEMENT_3D('',#555,#556,#557);
#559=CIRCLE('',#558,1.);
#560=EDGE_CURVE('2490305',#554,#546,#559,.T.);
#561=ORIENTED_EDGE('',*,*,#560,.F.);
#562=CARTESIAN_POINT('',(-28.,6.5,-50.));
#563=VERTEX_POINT('2490019',#562);
#564=CARTESIAN_POINT('',(-1.,6.5,-50.));
#565=DIRECTION('',(-1.,0.,0.));
#566=VECTOR('',#565,27.);
#567=LINE('',#564,#566);
#568=EDGE_CURVE('2490309',#554,#563,#567,.T.);
#569=ORIENTED_EDGE('',*,*,#568,.T.);
#570=CARTESIAN_POINT('',(-29.,6.5,-49.));
#571=VERTEX_POINT('2490025',#570);
#572=CARTESIAN_POINT('',(-28.,6.5,-49.));
#573=DIRECTION('',(0.,-1.,-0.));
#574=DIRECTION('',(-0.,0.,-1.));
#575=AXIS2_PLACEMENT_3D('',#572,#573,#574);
#576=CIRCLE('',#575,1.);
#577=EDGE_CURVE('2490299',#571,#563,#576,.T.);
#578=ORIENTED_EDGE('',*,*,#577,.F.);
#579=CARTESIAN_POINT('',(-29.,6.5,-1.));
#580=VERTEX_POINT('2490013',#579);
#581=CARTESIAN_POINT('',(-29.,6.5,-49.));
#582=DIRECTION('',(0.,0.,1.));
#583=VECTOR('',#582,48.);
#584=LINE('',#581,#583);
#585=EDGE_CURVE('2490291',#571,#580,#584,.T.);
#586=ORIENTED_EDGE('',*,*,#585,.T.);
#587=CARTESIAN_POINT('',(-28.,6.5,-1.));
#588=DIRECTION('',(0.,-1.,-0.));
#589=DIRECTION('',(-1.,-0.,0.));
#590=AXIS2_PLACEMENT_3D('',#587,#588,#589);
#591=CIRCLE('',#590,1.);
#592=EDGE_CURVE('2490293',#269,#580,#591,.T.);
#593=ORIENTED_EDGE('',*,*,#592,.F.);
#594=EDGE_LOOP('',(#277,#284,#285,#286,#287,#296,#305,#313,#321,#329,#335,#336,#337,#338,#346,#354,#362,#370,#378,#386,#394,#403,#412,#420,#429,#438,
#446,#454,#462,#470,#478,#486,#494,#502,#510,#518,#527,#535,#544,#552,#561,#569,#578,#586,#593));
#595=FACE_BOUND('',#594,.T.);
#596=ADVANCED_FACE('2490678',(#595),#267,.T.);
#597=CARTESIAN_POINT('',(0.,1.,0.));
#598=DIRECTION('',(0.,1.,0.));
#599=DIRECTION('',(0.,0.,-1.));
#600=AXIS2_PLACEMENT_3D('',#597,#598,#599);
#601=PLANE('',#600);
#602=CARTESIAN_POINT('',(-16.741569623,1.,-20.03205127));
#603=VERTEX_POINT('2489973',#602);
#604=CARTESIAN_POINT('',(-20.021204907,1.,-20.03205127));
#605=VERTEX_POINT('2489985',#604);
#606=CARTESIAN_POINT('',(-16.741569623,1.,-20.03205127));
#607=DIRECTION('',(-1.,0.,0.));
#608=VECTOR('',#607,3.279635284);
#609=LINE('',#606,#608);
#610=EDGE_CURVE('2490337',#603,#605,#609,.T.);
#611=ORIENTED_EDGE('',*,*,#610,.F.);
#612=CARTESIAN_POINT('',(-16.741569623,1.,-13.03205127));
#613=VERTEX_POINT('2489989',#612);
#614=CARTESIAN_POINT('',(-16.741569623,1.,-13.03205127));
#615=DIRECTION('',(0.,0.,-1.));
#616=VECTOR('',#615,7.);
#617=LINE('',#614,#616);
#618=EDGE_CURVE('2490345',#613,#603,#617,.T.);
#619=ORIENTED_EDGE('',*,*,#618,.F.);
#620=CARTESIAN_POINT('',(-20.021204907,1.,-13.03205127));
#621=VERTEX_POINT('2489979',#620);
#622=CARTESIAN_POINT('',(-20.021204907,1.,-13.03205127));
#623=DIRECTION('',(1.,0.,-0.));
#624=VECTOR('',#623,3.279635284);
#625=LINE('',#622,#624);
#626=EDGE_CURVE('2490327',#621,#613,#625,.T.);
#627=ORIENTED_EDGE('',*,*,#626,.F.);
#628=CARTESIAN_POINT('',(-20.021204907,1.,-20.03205127));
#629=DIRECTION('',(0.,0.,1.));
#630=VECTOR('',#629,7.);
#631=LINE('',#628,#630);
#632=EDGE_CURVE('2490329',#605,#621,#631,.T.);
#633=ORIENTED_EDGE('',*,*,#632,.F.);
#634=EDGE_LOOP('',(#611,#619,#627,#633));
#635=FACE_BOUND('',#634,.T.);
#636=CARTESIAN_POINT('',(-26.,1.,-1.));
#637=VERTEX_POINT('2489995',#636);
#638=CARTESIAN_POINT('',(-25.734664741,1.,-1.));
#639=DIRECTION('',(-1.,0.,0.));
#640=VECTOR('',#639,0.265335259);
#641=LINE('',#638,#640);
#642=EDGE_CURVE('2490993',#79,#637,#641,.T.);
#643=ORIENTED_EDGE('',*,*,#642,.F.);
#644=ORIENTED_EDGE('',*,*,#84,.T.);
#645=ORIENTED_EDGE('',*,*,#257,.T.);
#646=ORIENTED_EDGE('',*,*,#124,.T.);
#647=CARTESIAN_POINT('',(-3.,1.,-1.));
#648=VERTEX_POINT('2489991',#647);
#649=CARTESIAN_POINT('',(-3.,1.,-1.));
#650=DIRECTION('',(-1.,0.,0.));
#651=VECTOR('',#650,13.234664741);
#652=LINE('',#649,#651);
#653=EDGE_CURVE('2490323',#648,#111,#652,.T.);
#654=ORIENTED_EDGE('',*,*,#653,.F.);
#655=CARTESIAN_POINT('',(-3.,1.,-3.));
#656=VERTEX_POINT('2489983',#655);
#657=CARTESIAN_POINT('',(-3.,1.,-3.));
#658=DIRECTION('',(0.,0.,1.));
#659=VECTOR('',#658,2.);
#660=LINE('',#657,#659);
#661=EDGE_CURVE('2490347',#656,#648,#660,.T.);
#662=ORIENTED_EDGE('',*,*,#661,.F.);
#663=CARTESIAN_POINT('',(-1.,1.,-3.));
#664=VERTEX_POINT('2489981',#663);
#665=CARTESIAN_POINT('',(-1.,1.,-3.));
#666=DIRECTION('',(-1.,0.,0.));
#667=VECTOR('',#666,2.);
#668=LINE('',#665,#667);
#669=EDGE_CURVE('2490339',#664,#656,#668,.T.);
#670=ORIENTED_EDGE('',*,*,#669,.F.);
#671=CARTESIAN_POINT('',(-1.,1.,-47.));
#672=VERTEX_POINT('2489987',#671);
#673=CARTESIAN_POINT('',(-1.,1.,-47.));
#674=DIRECTION('',(-0.,0.,1.));
#675=VECTOR('',#674,44.);
#676=LINE('',#673,#675);
#677=EDGE_CURVE('2490343',#672,#664,#676,.T.);
#678=ORIENTED_EDGE('',*,*,#677,.F.);
#679=CARTESIAN_POINT('',(-5.,1.,-47.));
#680=VERTEX_POINT('2490001',#679);
#681=CARTESIAN_POINT('',(-5.,1.,-47.));
#682=DIRECTION('',(1.,0.,-0.));
#683=VECTOR('',#682,4.);
#684=LINE('',#681,#683);
#685=EDGE_CURVE('2490333',#680,#672,#684,.T.);
#686=ORIENTED_EDGE('',*,*,#685,.F.);
#687=CARTESIAN_POINT('',(-5.,1.,-49.));
#688=VERTEX_POINT('2490003',#687);
#689=CARTESIAN_POINT('',(-5.,1.,-49.));
#690=DIRECTION('',(-0.,0.,1.));
#691=VECTOR('',#690,2.);
#692=LINE('',#689,#691);
#693=EDGE_CURVE('2490325',#688,#680,#692,.T.);
#694=ORIENTED_EDGE('',*,*,#693,.F.);
#695=CARTESIAN_POINT('',(-7.5,1.,-49.));
#696=VERTEX_POINT('2490037',#695);
#697=CARTESIAN_POINT('',(-7.5,1.,-49.));
#698=DIRECTION('',(1.,0.,-0.));
#699=VECTOR('',#698,2.5);
#700=LINE('',#697,#699);
#701=EDGE_CURVE('2490917',#696,#688,#700,.T.);
#702=ORIENTED_EDGE('',*,*,#701,.F.);
#703=CARTESIAN_POINT('',(-9.436491673,1.,-47.5));
#704=VERTEX_POINT('2490045',#703);
#705=CARTESIAN_POINT('',(-7.5,1.,-47.));
#706=DIRECTION('',(0.,1.,0.));
#707=DIRECTION('',(0.,-0.,1.));
#708=AXIS2_PLACEMENT_3D('',#705,#706,#707);
#709=CIRCLE('',#708,2.);
#710=EDGE_CURVE('2490275',#696,#704,#709,.T.);
#711=ORIENTED_EDGE('',*,*,#710,.T.);
#712=CARTESIAN_POINT('',(-11.372983346,1.,-46.));
#713=VERTEX_POINT('2490041',#712);
#714=CARTESIAN_POINT('',(-11.372983346,1.,-48.));
#715=DIRECTION('',(-0.,-1.,-0.));
#716=DIRECTION('',(0.,-0.,1.));
#717=AXIS2_PLACEMENT_3D('',#714,#715,#716);
#718=CIRCLE('',#717,2.);
#719=EDGE_CURVE('2490265',#704,#713,#718,.T.);
#720=ORIENTED_EDGE('',*,*,#719,.T.);
#721=CARTESIAN_POINT('',(-17.5,1.,-46.));
#722=VERTEX_POINT('2490049',#721);
#723=CARTESIAN_POINT('',(-17.5,1.,-46.));
#724=DIRECTION('',(1.,0.,-0.));
#725=VECTOR('',#724,6.127016654);
#726=LINE('',#723,#725);
#727=EDGE_CURVE('2490287',#722,#713,#726,.T.);
#728=ORIENTED_EDGE('',*,*,#727,.F.);
#729=CARTESIAN_POINT('',(-19.436491673,1.,-47.5));
#730=VERTEX_POINT('2490055',#729);
#731=CARTESIAN_POINT('',(-17.5,1.,-48.));
#732=DIRECTION('',(-0.,-1.,-0.));
#733=DIRECTION('',(0.,-0.,1.));
#734=AXIS2_PLACEMENT_3D('',#731,#732,#733);
#735=CIRCLE('',#734,2.);
#736=EDGE_CURVE('2490259',#722,#730,#735,.T.);
#737=ORIENTED_EDGE('',*,*,#736,.T.);
#738=CARTESIAN_POINT('',(-21.372983346,1.,-49.));
#739=VERTEX_POINT('2490051',#738);
#740=CARTESIAN_POINT('',(-21.372983346,1.,-47.));
#741=DIRECTION('',(0.,1.,0.));
#742=DIRECTION('',(0.,-0.,1.));
#743=AXIS2_PLACEMENT_3D('',#740,#741,#742);
#744=CIRCLE('',#743,2.);
#745=EDGE_CURVE('2490253',#730,#739,#744,.T.);
#746=ORIENTED_EDGE('',*,*,#745,.T.);
#747=CARTESIAN_POINT('',(-24.,1.,-49.));
#748=VERTEX_POINT('2490007',#747);
#749=CARTESIAN_POINT('',(-24.,1.,-49.));
#750=DIRECTION('',(1.,0.,-0.));
#751=VECTOR('',#750,2.627016654);
#752=LINE('',#749,#751);
#753=EDGE_CURVE('2490311',#748,#739,#752,.T.);
#754=ORIENTED_EDGE('',*,*,#753,.F.);
#755=CARTESIAN_POINT('',(-24.,1.,-47.));
#756=VERTEX_POINT('2490005',#755);
#757=CARTESIAN_POINT('',(-24.,1.,-47.));
#758=DIRECTION('',(0.,0.,-1.));
#759=VECTOR('',#758,2.);
#760=LINE('',#757,#759);
#761=EDGE_CURVE('2490313',#756,#748,#760,.T.);
#762=ORIENTED_EDGE('',*,*,#761,.F.);
#763=CARTESIAN_POINT('',(-28.,1.,-47.));
#764=VERTEX_POINT('2489993',#763);
#765=CARTESIAN_POINT('',(-28.,1.,-47.));
#766=DIRECTION('',(1.,0.,-0.));
#767=VECTOR('',#766,4.);
#768=LINE('',#765,#767);
#769=EDGE_CURVE('2490315',#764,#756,#768,.T.);
#770=ORIENTED_EDGE('',*,*,#769,.F.);
#771=CARTESIAN_POINT('',(-28.,1.,-3.));
#772=VERTEX_POINT('2489999',#771);
#773=CARTESIAN_POINT('',(-28.,1.,-3.));
#774=DIRECTION('',(0.,0.,-1.));
#775=VECTOR('',#774,44.);
#776=LINE('',#773,#775);
#777=EDGE_CURVE('2490317',#772,#764,#776,.T.);
#778=ORIENTED_EDGE('',*,*,#777,.F.);
#779=CARTESIAN_POINT('',(-26.,1.,-3.));
#780=VERTEX_POINT('2489997',#779);
#781=CARTESIAN_POINT('',(-26.,1.,-3.));
#782=DIRECTION('',(-1.,0.,0.));
#783=VECTOR('',#782,2.);
#784=LINE('',#781,#783);
#785=EDGE_CURVE('2490319',#780,#772,#784,.T.);
#786=ORIENTED_EDGE('',*,*,#785,.F.);
#787=CARTESIAN_POINT('',(-26.,1.,-1.));
#788=DIRECTION('',(0.,0.,-1.));
#789=VECTOR('',#788,2.);
#790=LINE('',#787,#789);
#791=EDGE_CURVE('2490321',#637,#780,#790,.T.);
#792=ORIENTED_EDGE('',*,*,#791,.F.);
#793=EDGE_LOOP('',(#643,#644,#645,#646,#654,#662,#670,#678,#686,#694,#702,#711,#720,#728,#737,#746,#754,#762,#770,#778,#786,#792));
#794=FACE_BOUND('',#793,.T.);
#795=ADVANCED_FACE('2490782',(#635,#794),#601,.T.);
#796=CARTESIAN_POINT('',(-1.,1.,-1.));
#797=DIRECTION('',(0.,0.,-1.));
#798=DIRECTION('',(-1.,-0.,-0.));
#799=AXIS2_PLACEMENT_3D('',#796,#797,#798);
#800=PLANE('',#799);
#801=ORIENTED_EDGE('',*,*,#345,.F.);
#802=ORIENTED_EDGE('',*,*,#90,.T.);
#803=ORIENTED_EDGE('',*,*,#642,.T.);
#804=CARTESIAN_POINT('',(-26.,6.5,-1.));
#805=DIRECTION('',(0.,-1.,0.));
#806=VECTOR('',#805,5.5);
#807=LINE('',#804,#806);
#808=EDGE_CURVE('2490349',#340,#637,#807,.T.);
#809=ORIENTED_EDGE('',*,*,#808,.F.);
#810=EDGE_LOOP('',(#801,#802,#803,#809));
#811=FACE_BOUND('',#810,.T.);
#812=ADVANCED_FACE('2490720',(#811),#800,.T.);
#813=CARTESIAN_POINT('',(-1.,1.,-1.));
#814=DIRECTION('',(0.,0.,-1.));
#815=DIRECTION('',(-1.,-0.,-0.));
#816=AXIS2_PLACEMENT_3D('',#813,#814,#815);
#817=PLANE('',#816);
#818=ORIENTED_EDGE('',*,*,#653,.T.);
#819=ORIENTED_EDGE('',*,*,#116,.T.);
#820=ORIENTED_EDGE('',*,*,#334,.F.);
#821=CARTESIAN_POINT('',(-13.583522899,6.5,-1.));
#822=DIRECTION('',(-0.,0.,1.));
#823=DIRECTION('',(-1.,0.,-0.));
#824=AXIS2_PLACEMENT_3D('',#821,#822,#823);
#825=CIRCLE('',#824,2.491461882);
#826=EDGE_CURVE('2490369',#323,#488,#825,.T.);
#827=ORIENTED_EDGE('',*,*,#826,.T.);
#828=ORIENTED_EDGE('',*,*,#493,.F.);
#829=CARTESIAN_POINT('',(-3.,1.,-1.));
#830=DIRECTION('',(0.,1.,0.));
#831=VECTOR('',#830,5.5);
#832=LINE('',#829,#831);
#833=EDGE_CURVE('2490355',#648,#480,#832,.T.);
#834=ORIENTED_EDGE('',*,*,#833,.F.);
#835=EDGE_LOOP('',(#818,#819,#820,#827,#828,#834));
#836=FACE_BOUND('',#835,.T.);
#837=ADVANCED_FACE('2491057',(#836),#817,.T.);
#838=CARTESIAN_POINT('',(-29.,0.,-0.));
#839=DIRECTION('',(-0.,-0.,1.));
#840=DIRECTION('',(1.,-0.,0.));
#841=AXIS2_PLACEMENT_3D('',#838,#839,#840);
#842=PLANE('',#841);
#843=CARTESIAN_POINT('',(-28.,0.,-0.));
#844=VERTEX_POINT('2489961',#843);
#845=CARTESIAN_POINT('',(-25.034664741,0.,-0.));
#846=VERTEX_POINT('2489915',#845);
#847=CARTESIAN_POINT('',(-28.,0.,-0.));
#848=DIRECTION('',(1.,-0.,0.));
#849=VECTOR('',#848,2.965335259);
#850=LINE('',#847,#849);
#851=EDGE_CURVE('2490167',#844,#846,#850,.T.);
#852=ORIENTED_EDGE('',*,*,#851,.T.);
#853=CARTESIAN_POINT('',(-25.034664741,0.,-0.));
#854=DIRECTION('',(0.,1.,0.));
#855=VECTOR('',#854,6.5);
#856=LINE('',#853,#855);
#857=EDGE_CURVE('2490477',#846,#271,#856,.T.);
#858=ORIENTED_EDGE('',*,*,#857,.T.);
#859=ORIENTED_EDGE('',*,*,#276,.F.);
#860=CARTESIAN_POINT('',(-28.,0.,-0.));
#861=DIRECTION('',(0.,1.,0.));
#862=VECTOR('',#861,6.5);
#863=LINE('',#860,#862);
#864=EDGE_CURVE('2490381',#844,#269,#863,.T.);
#865=ORIENTED_EDGE('',*,*,#864,.F.);
#866=EDGE_LOOP('',(#852,#858,#859,#865));
#867=FACE_BOUND('',#866,.T.);
#868=ADVANCED_FACE('2491058',(#867),#842,.T.);
#869=CARTESIAN_POINT('',(-29.,0.,-0.));
#870=DIRECTION('',(-0.,-0.,1.));
#871=DIRECTION('',(1.,-0.,0.));
#872=AXIS2_PLACEMENT_3D('',#869,#870,#871);
#873=PLANE('',#872);
#874=ORIENTED_EDGE('',*,*,#534,.F.);
#875=CARTESIAN_POINT('',(-16.934664741,3.886123883,-0.));
#876=VERTEX_POINT('2489909',#875);
#877=CARTESIAN_POINT('',(-13.583522899,6.5,-0.));
#878=DIRECTION('',(0.,0.,-1.));
#879=DIRECTION('',(1.,0.,0.));
#880=AXIS2_PLACEMENT_3D('',#877,#878,#879);
#881=CIRCLE('',#880,4.25);
#882=EDGE_CURVE('2490485',#520,#876,#881,.T.);
#883=ORIENTED_EDGE('',*,*,#882,.T.);
#884=CARTESIAN_POINT('',(-16.934664741,0.,-0.));
#885=VERTEX_POINT('2489919',#884);
#886=CARTESIAN_POINT('',(-16.934664741,3.886123883,-0.));
#887=DIRECTION('',(-0.,-1.,-0.));
#888=VECTOR('',#887,3.886123883);
#889=LINE('',#886,#888);
#890=EDGE_CURVE('2490473',#876,#885,#889,.T.);
#891=ORIENTED_EDGE('',*,*,#890,.T.);
#892=CARTESIAN_POINT('',(-1.,-0.,-0.));
#893=VERTEX_POINT('2489953',#892);
#894=CARTESIAN_POINT('',(-1.,-0.,-0.));
#895=DIRECTION('',(-1.,0.,-0.));
#896=VECTOR('',#895,15.934664741);
#897=LINE('',#894,#896);
#898=EDGE_CURVE('2490455',#893,#885,#897,.T.);
#899=ORIENTED_EDGE('',*,*,#898,.F.);
#900=CARTESIAN_POINT('',(-1.,-0.,-0.));
#901=DIRECTION('',(0.,1.,0.));
#902=VECTOR('',#901,6.5);
#903=LINE('',#900,#902);
#904=EDGE_CURVE('2490391',#893,#529,#903,.T.);
#905=ORIENTED_EDGE('',*,*,#904,.T.);
#906=EDGE_LOOP('',(#874,#883,#891,#899,#905));
#907=FACE_BOUND('',#906,.T.);
#908=ADVANCED_FACE('2490683',(#907),#873,.T.);
#909=CARTESIAN_POINT('',(0.,10.,0.));
#910=DIRECTION('',(0.,1.,0.));
#911=DIRECTION('',(-0.,-0.,1.));
#912=AXIS2_PLACEMENT_3D('',#909,#910,#911);
#913=PLANE('',#912);
#914=CARTESIAN_POINT('',(-28.,10.,-47.));
#915=VERTEX_POINT('2489939',#914);
#916=CARTESIAN_POINT('',(-24.,10.,-47.));
#917=VERTEX_POINT('2489941',#916);
#918=CARTESIAN_POINT('',(-28.,10.,-47.));
#919=DIRECTION('',(1.,0.,-0.));
#920=VECTOR('',#919,4.);
#921=LINE('',#918,#920);
#922=EDGE_CURVE('2490445',#915,#917,#921,.T.);
#923=ORIENTED_EDGE('',*,*,#922,.T.);
#924=CARTESIAN_POINT('',(-24.,10.,-49.));
#925=VERTEX_POINT('2489943',#924);
#926=CARTESIAN_POINT('',(-24.,10.,-47.));
#927=DIRECTION('',(0.,0.,-1.));
#928=VECTOR('',#927,2.);
#929=LINE('',#926,#928);
#930=EDGE_CURVE('2490443',#917,#925,#929,.T.);
#931=ORIENTED_EDGE('',*,*,#930,.T.);
#932=CARTESIAN_POINT('',(-28.,10.,-49.));
#933=VERTEX_POINT('2489937',#932);
#934=CARTESIAN_POINT('',(-24.,10.,-49.));
#935=DIRECTION('',(-1.,0.,0.));
#936=VECTOR('',#935,4.);
#937=LINE('',#934,#936);
#938=EDGE_CURVE('2490439',#925,#933,#937,.T.);
#939=ORIENTED_EDGE('',*,*,#938,.T.);
#940=CARTESIAN_POINT('',(-28.,10.,-49.));
#941=DIRECTION('',(0.,0.,1.));
#942=VECTOR('',#941,2.);
#943=LINE('',#940,#942);
#944=EDGE_CURVE('2490437',#933,#915,#943,.T.);
#945=ORIENTED_EDGE('',*,*,#944,.T.);
#946=EDGE_LOOP('',(#923,#931,#939,#945));
#947=FACE_BOUND('',#946,.T.);
#948=ADVANCED_FACE('2490772',(#947),#913,.T.);
#949=CARTESIAN_POINT('',(-28.,1.,-49.));
#950=DIRECTION('',(-1.,0.,0.));
#951=DIRECTION('',(0.,-0.,1.));
#952=AXIS2_PLACEMENT_3D('',#949,#950,#951);
#953=PLANE('',#952);
#954=ORIENTED_EDGE('',*,*,#377,.T.);
#955=CARTESIAN_POINT('',(-28.,6.5,-47.));
#956=DIRECTION('',(0.,1.,0.));
#957=VECTOR('',#956,3.5);
#958=LINE('',#955,#957);
#959=EDGE_CURVE('2490441',#364,#915,#958,.T.);
#960=ORIENTED_EDGE('',*,*,#959,.T.);
#961=ORIENTED_EDGE('',*,*,#944,.F.);
#962=CARTESIAN_POINT('',(-28.,6.5,-49.));
#963=DIRECTION('',(0.,1.,0.));
#964=VECTOR('',#963,3.5);
#965=LINE('',#962,#964);
#966=EDGE_CURVE('2490449',#372,#933,#965,.T.);
#967=ORIENTED_EDGE('',*,*,#966,.F.);
#968=EDGE_LOOP('',(#954,#960,#961,#967));
#969=FACE_BOUND('',#968,.T.);
#970=ADVANCED_FACE('2490774',(#969),#953,.T.);
#971=CARTESIAN_POINT('',(-24.,1.,-49.));
#972=DIRECTION('',(0.,0.,-1.));
#973=DIRECTION('',(-1.,-0.,0.));
#974=AXIS2_PLACEMENT_3D('',#971,#972,#973);
#975=PLANE('',#974);
#976=ORIENTED_EDGE('',*,*,#385,.T.);
#977=ORIENTED_EDGE('',*,*,#966,.T.);
#978=ORIENTED_EDGE('',*,*,#938,.F.);
#979=CARTESIAN_POINT('',(-24.,6.5,-49.));
#980=DIRECTION('',(0.,1.,0.));
#981=VECTOR('',#980,3.5);
#982=LINE('',#979,#981);
#983=EDGE_CURVE('2490447',#380,#925,#982,.T.);
#984=ORIENTED_EDGE('',*,*,#983,.F.);
#985=EDGE_LOOP('',(#976,#977,#978,#984));
#986=FACE_BOUND('',#985,.T.);
#987=ADVANCED_FACE('2490776',(#986),#975,.T.);
#988=CARTESIAN_POINT('',(-28.,1.,-47.));
#989=DIRECTION('',(0.,0.,1.));
#990=DIRECTION('',(1.,-0.,0.));
#991=AXIS2_PLACEMENT_3D('',#988,#989,#990);
#992=PLANE('',#991);
#993=ORIENTED_EDGE('',*,*,#959,.F.);
#994=CARTESIAN_POINT('',(-28.,6.5,-47.));
#995=DIRECTION('',(0.,-1.,0.));
#996=VECTOR('',#995,5.5);
#997=LINE('',#994,#996);
#998=EDGE_CURVE('2490357',#364,#764,#997,.T.);
#999=ORIENTED_EDGE('',*,*,#998,.T.);
#1000=ORIENTED_EDGE('',*,*,#769,.T.);
#1001=CARTESIAN_POINT('',(-24.,1.,-47.));
#1002=DIRECTION('',(0.,1.,0.));
#1003=VECTOR('',#1002,9.);
#1004=LINE('',#1001,#1003);
#1005=EDGE_CURVE('2490435',#756,#917,#1004,.T.);
#1006=ORIENTED_EDGE('',*,*,#1005,.T.);
#1007=ORIENTED_EDGE('',*,*,#922,.F.);
#1008=EDGE_LOOP('',(#993,#999,#1000,#1006,#1007));
#1009=FACE_BOUND('',#1008,.T.);
#1010=ADVANCED_FACE('2490780',(#1009),#992,.T.);
#1011=CARTESIAN_POINT('',(-24.,1.,-47.));
#1012=DIRECTION('',(1.,0.,0.));
#1013=DIRECTION('',(0.,0.,-1.));
#1014=AXIS2_PLACEMENT_3D('',#1011,#1012,#1013);
#1015=PLANE('',#1014);
#1016=ORIENTED_EDGE('',*,*,#1005,.F.);
#1017=ORIENTED_EDGE('',*,*,#761,.T.);
#1018=CARTESIAN_POINT('',(-24.,1.,-49.));
#1019=DIRECTION('',(0.,1.,0.));
#1020=VECTOR('',#1019,5.5);
#1021=LINE('',#1018,#1020);
#1022=EDGE_CURVE('2490341',#748,#380,#1021,.T.);
#1023=ORIENTED_EDGE('',*,*,#1022,.T.);
#1024=ORIENTED_EDGE('',*,*,#983,.T.);
#1025=ORIENTED_EDGE('',*,*,#930,.F.);
#1026=EDGE_LOOP('',(#1016,#1017,#1023,#1024,#1025));
#1027=FACE_BOUND('',#1026,.T.);
#1028=ADVANCED_FACE('2490778',(#1027),#1015,.T.);
#1029=CARTESIAN_POINT('',(-16.741569623,1.,-13.03205127));
#1030=DIRECTION('',(1.,0.,0.));
#1031=DIRECTION('',(0.,0.,-1.));
#1032=AXIS2_PLACEMENT_3D('',#1029,#1030,#1031);
#1033=PLANE('',#1032);
#1034=CARTESIAN_POINT('',(-16.741569623,9.,-20.03205127));
#1035=VERTEX_POINT('2490103',#1034);
#1036=CARTESIAN_POINT('',(-16.741569623,1.,-20.03205127));
#1037=DIRECTION('',(0.,1.,0.));
#1038=VECTOR('',#1037,8.);
#1039=LINE('',#1036,#1038);
#1040=EDGE_CURVE('2490419',#603,#1035,#1039,.T.);
#1041=ORIENTED_EDGE('',*,*,#1040,.T.);
#1042=CARTESIAN_POINT('',(-16.741569623,9.,-13.03205127));
#1043=VERTEX_POINT('2490101',#1042);
#1044=CARTESIAN_POINT('',(-16.741569623,9.,-13.03205127));
#1045=DIRECTION('',(0.,0.,-1.));
#1046=VECTOR('',#1045,7.);
#1047=LINE('',#1044,#1046);
#1048=EDGE_CURVE('2490193',#1043,#1035,#1047,.T.);
#1049=ORIENTED_EDGE('',*,*,#1048,.F.);
#1050=CARTESIAN_POINT('',(-16.741569623,1.,-13.03205127));
#1051=DIRECTION('',(0.,1.,0.));
#1052=VECTOR('',#1051,8.);
#1053=LINE('',#1050,#1052);
#1054=EDGE_CURVE('2490421',#613,#1043,#1053,.T.);
#1055=ORIENTED_EDGE('',*,*,#1054,.F.);
#1056=ORIENTED_EDGE('',*,*,#618,.T.);
#1057=EDGE_LOOP('',(#1041,#1049,#1055,#1056));
#1058=FACE_BOUND('',#1057,.T.);
#1059=ADVANCED_FACE('2490758',(#1058),#1033,.T.);
#1060=CARTESIAN_POINT('',(-20.021204907,1.,-13.03205127));
#1061=DIRECTION('',(0.,0.,1.));
#1062=DIRECTION('',(1.,-0.,0.));
#1063=AXIS2_PLACEMENT_3D('',#1060,#1061,#1062);
#1064=PLANE('',#1063);
#1065=ORIENTED_EDGE('',*,*,#1054,.T.);
#1066=CARTESIAN_POINT('',(-20.021204907,9.,-13.03205127));
#1067=VERTEX_POINT('2490099',#1066);
#1068=CARTESIAN_POINT('',(-20.021204907,9.,-13.03205127));
#1069=DIRECTION('',(1.,0.,-0.));
#1070=VECTOR('',#1069,3.279635284);
#1071=LINE('',#1068,#1070);
#1072=EDGE_CURVE('2490191',#1067,#1043,#1071,.T.);
#1073=ORIENTED_EDGE('',*,*,#1072,.F.);
#1074=CARTESIAN_POINT('',(-20.021204907,1.,-13.03205127));
#1075=DIRECTION('',(0.,1.,0.));
#1076=VECTOR('',#1075,8.);
#1077=LINE('',#1074,#1076);
#1078=EDGE_CURVE('2490423',#621,#1067,#1077,.T.);
#1079=ORIENTED_EDGE('',*,*,#1078,.F.);
#1080=ORIENTED_EDGE('',*,*,#626,.T.);
#1081=EDGE_LOOP('',(#1065,#1073,#1079,#1080));
#1082=FACE_BOUND('',#1081,.T.);
#1083=ADVANCED_FACE('2490756',(#1082),#1064,.T.);
#1084=CARTESIAN_POINT('',(-20.021204907,1.,-20.03205127));
#1085=DIRECTION('',(-1.,0.,0.));
#1086=DIRECTION('',(0.,-0.,1.));
#1087=AXIS2_PLACEMENT_3D('',#1084,#1085,#1086);
#1088=PLANE('',#1087);
#1089=ORIENTED_EDGE('',*,*,#1078,.T.);
#1090=CARTESIAN_POINT('',(-20.021204907,9.,-20.03205127));
#1091=VERTEX_POINT('2490097',#1090);
#1092=CARTESIAN_POINT('',(-20.021204907,9.,-20.03205127));
#1093=DIRECTION('',(0.,0.,1.));
#1094=VECTOR('',#1093,7.);
#1095=LINE('',#1092,#1094);
#1096=EDGE_CURVE('2490187',#1091,#1067,#1095,.T.);
#1097=ORIENTED_EDGE('',*,*,#1096,.F.);
#1098=CARTESIAN_POINT('',(-20.021204907,1.,-20.03205127));
#1099=DIRECTION('',(0.,1.,0.));
#1100=VECTOR('',#1099,8.);
#1101=LINE('',#1098,#1100);
#1102=EDGE_CURVE('2490425',#605,#1091,#1101,.T.);
#1103=ORIENTED_EDGE('',*,*,#1102,.F.);
#1104=ORIENTED_EDGE('',*,*,#632,.T.);
#1105=EDGE_LOOP('',(#1089,#1097,#1103,#1104));
#1106=FACE_BOUND('',#1105,.T.);
#1107=ADVANCED_FACE('2490754',(#1106),#1088,.T.);
#1108=CARTESIAN_POINT('',(-16.741569623,1.,-20.03205127));
#1109=DIRECTION('',(0.,0.,-1.));
#1110=DIRECTION('',(-1.,-0.,0.));
#1111=AXIS2_PLACEMENT_3D('',#1108,#1109,#1110);
#1112=PLANE('',#1111);
#1113=ORIENTED_EDGE('',*,*,#1102,.T.);
#1114=CARTESIAN_POINT('',(-16.741569623,9.,-20.03205127));
#1115=DIRECTION('',(-1.,0.,0.));
#1116=VECTOR('',#1115,3.279635284);
#1117=LINE('',#1114,#1116);
#1118=EDGE_CURVE('2490189',#1035,#1091,#1117,.T.);
#1119=ORIENTED_EDGE('',*,*,#1118,.F.);
#1120=ORIENTED_EDGE('',*,*,#1040,.F.);
#1121=ORIENTED_EDGE('',*,*,#610,.T.);
#1122=EDGE_LOOP('',(#1113,#1119,#1120,#1121));
#1123=FACE_BOUND('',#1122,.T.);
#1124=ADVANCED_FACE('2490752',(#1123),#1112,.T.);
#1125=CARTESIAN_POINT('',(-5.,1.,-49.));
#1126=DIRECTION('',(-1.,0.,0.));
#1127=DIRECTION('',(0.,-0.,1.));
#1128=AXIS2_PLACEMENT_3D('',#1125,#1126,#1127);
#1129=PLANE('',#1128);
#1130=CARTESIAN_POINT('',(-5.,10.,-47.));
#1131=VERTEX_POINT('2490083',#1130);
#1132=CARTESIAN_POINT('',(-5.,1.,-47.));
#1133=DIRECTION('',(0.,1.,0.));
#1134=VECTOR('',#1133,9.);
#1135=LINE('',#1132,#1134);
#1136=EDGE_CURVE('2490431',#680,#1131,#1135,.T.);
#1137=ORIENTED_EDGE('',*,*,#1136,.T.);
#1138=CARTESIAN_POINT('',(-5.,10.,-49.));
#1139=VERTEX_POINT('2490085',#1138);
#1140=CARTESIAN_POINT('',(-5.,10.,-49.));
#1141=DIRECTION('',(0.,0.,1.));
#1142=VECTOR('',#1141,2.);
#1143=LINE('',#1140,#1142);
#1144=EDGE_CURVE('2490217',#1139,#1131,#1143,.T.);
#1145=ORIENTED_EDGE('',*,*,#1144,.F.);
#1146=CARTESIAN_POINT('',(-5.,6.5,-49.));
#1147=DIRECTION('',(0.,1.,0.));
#1148=VECTOR('',#1147,3.5);
#1149=LINE('',#1146,#1148);
#1150=EDGE_CURVE('2490215',#440,#1139,#1149,.T.);
#1151=ORIENTED_EDGE('',*,*,#1150,.F.);
#1152=CARTESIAN_POINT('',(-5.,6.5,-49.));
#1153=DIRECTION('',(0.,-1.,0.));
#1154=VECTOR('',#1153,5.5);
#1155=LINE('',#1152,#1154);
#1156=EDGE_CURVE('2490331',#440,#688,#1155,.T.);
#1157=ORIENTED_EDGE('',*,*,#1156,.T.);
#1158=ORIENTED_EDGE('',*,*,#693,.T.);
#1159=EDGE_LOOP('',(#1137,#1145,#1151,#1157,#1158));
#1160=FACE_BOUND('',#1159,.T.);
#1161=ADVANCED_FACE('2490770',(#1160),#1129,.T.);
#1162=CARTESIAN_POINT('',(-26.,1.,-3.));
#1163=DIRECTION('',(-0.,0.,-1.));
#1164=DIRECTION('',(-1.,-0.,-0.));
#1165=AXIS2_PLACEMENT_3D('',#1162,#1163,#1164);
#1166=PLANE('',#1165);
#1167=CARTESIAN_POINT('',(-28.,1.,-3.));
#1168=DIRECTION('',(0.,1.,0.));
#1169=VECTOR('',#1168,5.5);
#1170=LINE('',#1167,#1169);
#1171=EDGE_CURVE('2490361',#772,#356,#1170,.T.);
#1172=ORIENTED_EDGE('',*,*,#1171,.T.);
#1173=CARTESIAN_POINT('',(-28.,10.,-3.));
#1174=VERTEX_POINT('2490107',#1173);
#1175=CARTESIAN_POINT('',(-28.,6.5,-3.));
#1176=DIRECTION('',(0.,1.,0.));
#1177=VECTOR('',#1176,3.5);
#1178=LINE('',#1175,#1177);
#1179=EDGE_CURVE('2490183',#356,#1174,#1178,.T.);
#1180=ORIENTED_EDGE('',*,*,#1179,.T.);
#1181=CARTESIAN_POINT('',(-26.,10.,-3.));
#1182=VERTEX_POINT('2490109',#1181);
#1183=CARTESIAN_POINT('',(-26.,10.,-3.));
#1184=DIRECTION('',(-1.,0.,0.));
#1185=VECTOR('',#1184,2.);
#1186=LINE('',#1183,#1185);
#1187=EDGE_CURVE('2490177',#1182,#1174,#1186,.T.);
#1188=ORIENTED_EDGE('',*,*,#1187,.F.);
#1189=CARTESIAN_POINT('',(-26.,1.,-3.));
#1190=DIRECTION('',(0.,1.,0.));
#1191=VECTOR('',#1190,9.);
#1192=LINE('',#1189,#1191);
#1193=EDGE_CURVE('2490427',#780,#1182,#1192,.T.);
#1194=ORIENTED_EDGE('',*,*,#1193,.F.);
#1195=ORIENTED_EDGE('',*,*,#785,.T.);
#1196=EDGE_LOOP('',(#1172,#1180,#1188,#1194,#1195));
#1197=FACE_BOUND('',#1196,.T.);
#1198=ADVANCED_FACE('2490762',(#1197),#1166,.T.);
#1199=CARTESIAN_POINT('',(-26.,1.,-1.));
#1200=DIRECTION('',(1.,0.,0.));
#1201=DIRECTION('',(0.,0.,-1.));
#1202=AXIS2_PLACEMENT_3D('',#1199,#1200,#1201);
#1203=PLANE('',#1202);
#1204=ORIENTED_EDGE('',*,*,#1193,.T.);
#1205=CARTESIAN_POINT('',(-26.,10.,-1.));
#1206=VERTEX_POINT('2490111',#1205);
#1207=CARTESIAN_POINT('',(-26.,10.,-1.));
#1208=DIRECTION('',(0.,0.,-1.));
#1209=VECTOR('',#1208,2.);
#1210=LINE('',#1207,#1209);
#1211=EDGE_CURVE('2490179',#1206,#1182,#1210,.T.);
#1212=ORIENTED_EDGE('',*,*,#1211,.F.);
#1213=CARTESIAN_POINT('',(-26.,6.5,-1.));
#1214=DIRECTION('',(0.,1.,0.));
#1215=VECTOR('',#1214,3.5);
#1216=LINE('',#1213,#1215);
#1217=EDGE_CURVE('2490181',#340,#1206,#1216,.T.);
#1218=ORIENTED_EDGE('',*,*,#1217,.F.);
#1219=ORIENTED_EDGE('',*,*,#808,.T.);
#1220=ORIENTED_EDGE('',*,*,#791,.T.);
#1221=EDGE_LOOP('',(#1204,#1212,#1218,#1219,#1220));
#1222=FACE_BOUND('',#1221,.T.);
#1223=ADVANCED_FACE('2490760',(#1222),#1203,.T.);
#1224=CARTESIAN_POINT('',(-3.,1.,-3.));
#1225=DIRECTION('',(-1.,0.,0.));
#1226=DIRECTION('',(0.,-0.,1.));
#1227=AXIS2_PLACEMENT_3D('',#1224,#1225,#1226);
#1228=PLANE('',#1227);
#1229=ORIENTED_EDGE('',*,*,#833,.T.);
#1230=CARTESIAN_POINT('',(-3.,10.,-1.));
#1231=VERTEX_POINT('2490089',#1230);
#1232=CARTESIAN_POINT('',(-3.,6.5,-1.));
#1233=DIRECTION('',(0.,1.,0.));
#1234=VECTOR('',#1233,3.5);
#1235=LINE('',#1232,#1234);
#1236=EDGE_CURVE('2490203',#480,#1231,#1235,.T.);
#1237=ORIENTED_EDGE('',*,*,#1236,.T.);
#1238=CARTESIAN_POINT('',(-3.,10.,-3.));
#1239=VERTEX_POINT('2490091',#1238);
#1240=CARTESIAN_POINT('',(-3.,10.,-3.));
#1241=DIRECTION('',(0.,0.,1.));
#1242=VECTOR('',#1241,2.);
#1243=LINE('',#1240,#1242);
#1244=EDGE_CURVE('2490205',#1239,#1231,#1243,.T.);
#1245=ORIENTED_EDGE('',*,*,#1244,.F.);
#1246=CARTESIAN_POINT('',(-3.,1.,-3.));
#1247=DIRECTION('',(0.,1.,0.));
#1248=VECTOR('',#1247,9.);
#1249=LINE('',#1246,#1248);
#1250=EDGE_CURVE('2490429',#656,#1239,#1249,.T.);
#1251=ORIENTED_EDGE('',*,*,#1250,.F.);
#1252=ORIENTED_EDGE('',*,*,#661,.T.);
#1253=EDGE_LOOP('',(#1229,#1237,#1245,#1251,#1252));
#1254=FACE_BOUND('',#1253,.T.);
#1255=ADVANCED_FACE('2490766',(#1254),#1228,.T.);
#1256=CARTESIAN_POINT('',(-1.,1.,-3.));
#1257=DIRECTION('',(-0.,0.,-1.));
#1258=DIRECTION('',(-1.,-0.,-0.));
#1259=AXIS2_PLACEMENT_3D('',#1256,#1257,#1258);
#1260=PLANE('',#1259);
#1261=ORIENTED_EDGE('',*,*,#1250,.T.);
#1262=CARTESIAN_POINT('',(-1.,10.,-3.));
#1263=VERTEX_POINT('2490093',#1262);
#1264=CARTESIAN_POINT('',(-1.,10.,-3.));
#1265=DIRECTION('',(-1.,0.,0.));
#1266=VECTOR('',#1265,2.);
#1267=LINE('',#1264,#1266);
#1268=EDGE_CURVE('2490209',#1263,#1239,#1267,.T.);
#1269=ORIENTED_EDGE('',*,*,#1268,.F.);
#1270=CARTESIAN_POINT('',(-1.,6.5,-3.));
#1271=DIRECTION('',(0.,1.,0.));
#1272=VECTOR('',#1271,3.5);
#1273=LINE('',#1270,#1272);
#1274=EDGE_CURVE('2490207',#464,#1263,#1273,.T.);
#1275=ORIENTED_EDGE('',*,*,#1274,.F.);
#1276=CARTESIAN_POINT('',(-1.,6.5,-3.));
#1277=DIRECTION('',(0.,-1.,0.));
#1278=VECTOR('',#1277,5.5);
#1279=LINE('',#1276,#1278);
#1280=EDGE_CURVE('2490363',#464,#664,#1279,.T.);
#1281=ORIENTED_EDGE('',*,*,#1280,.T.);
#1282=ORIENTED_EDGE('',*,*,#669,.T.);
#1283=EDGE_LOOP('',(#1261,#1269,#1275,#1281,#1282));
#1284=FACE_BOUND('',#1283,.T.);
#1285=ADVANCED_FACE('2490764',(#1284),#1260,.T.);
#1286=CARTESIAN_POINT('',(-5.,1.,-47.));
#1287=DIRECTION('',(0.,0.,1.));
#1288=DIRECTION('',(1.,-0.,0.));
#1289=AXIS2_PLACEMENT_3D('',#1286,#1287,#1288);
#1290=PLANE('',#1289);
#1291=CARTESIAN_POINT('',(-1.,1.,-47.));
#1292=DIRECTION('',(0.,1.,0.));
#1293=VECTOR('',#1292,5.5);
#1294=LINE('',#1291,#1293);
#1295=EDGE_CURVE('2490365',#672,#456,#1294,.T.);
#1296=ORIENTED_EDGE('',*,*,#1295,.T.);
#1297=CARTESIAN_POINT('',(-1.,10.,-47.));
#1298=VERTEX_POINT('2490079',#1297);
#1299=CARTESIAN_POINT('',(-1.,6.5,-47.));
#1300=DIRECTION('',(0.,1.,0.));
#1301=VECTOR('',#1300,3.5);
#1302=LINE('',#1299,#1301);
#1303=EDGE_CURVE('2490227',#456,#1298,#1302,.T.);
#1304=ORIENTED_EDGE('',*,*,#1303,.T.);
#1305=CARTESIAN_POINT('',(-5.,10.,-47.));
#1306=DIRECTION('',(1.,0.,-0.));
#1307=VECTOR('',#1306,4.);
#1308=LINE('',#1305,#1307);
#1309=EDGE_CURVE('2490221',#1131,#1298,#1308,.T.);
#1310=ORIENTED_EDGE('',*,*,#1309,.F.);
#1311=ORIENTED_EDGE('',*,*,#1136,.F.);
#1312=ORIENTED_EDGE('',*,*,#685,.T.);
#1313=EDGE_LOOP('',(#1296,#1304,#1310,#1311,#1312));
#1314=FACE_BOUND('',#1313,.T.);
#1315=ADVANCED_FACE('2490768',(#1314),#1290,.T.);
#1316=CARTESIAN_POINT('',(-28.,1.,-49.));
#1317=DIRECTION('',(0.,0.,1.));
#1318=DIRECTION('',(1.,-0.,0.));
#1319=AXIS2_PLACEMENT_3D('',#1316,#1317,#1318);
#1320=PLANE('',#1319);
#1321=ORIENTED_EDGE('',*,*,#753,.T.);
#1322=CARTESIAN_POINT('',(-21.372983346,1.,-49.));
#1323=DIRECTION('',(-0.,1.,-0.));
#1324=VECTOR('',#1323,5.5);
#1325=LINE('',#1322,#1324);
#1326=EDGE_CURVE('2490257',#739,#388,#1325,.T.);
#1327=ORIENTED_EDGE('',*,*,#1326,.T.);
#1328=ORIENTED_EDGE('',*,*,#393,.F.);
#1329=ORIENTED_EDGE('',*,*,#1022,.F.);
#1330=EDGE_LOOP('',(#1321,#1327,#1328,#1329));
#1331=FACE_BOUND('',#1330,.T.);
#1332=ADVANCED_FACE('2490987',(#1331),#1320,.T.);
#1333=CARTESIAN_POINT('',(0.,0.,-50.));
#1334=DIRECTION('',(0.,0.,-1.));
#1335=DIRECTION('',(-1.,-0.,0.));
#1336=AXIS2_PLACEMENT_3D('',#1333,#1334,#1335);
#1337=PLANE('',#1336);
#1338=CARTESIAN_POINT('',(-28.,0.,-50.));
#1339=VERTEX_POINT('2489959',#1338);
#1340=CARTESIAN_POINT('',(-28.,0.,-50.));
#1341=DIRECTION('',(0.,1.,0.));
#1342=VECTOR('',#1341,6.5);
#1343=LINE('',#1340,#1342);
#1344=EDGE_CURVE('2490397',#1339,#563,#1343,.T.);
#1345=ORIENTED_EDGE('',*,*,#1344,.T.);
#1346=ORIENTED_EDGE('',*,*,#568,.F.);
#1347=CARTESIAN_POINT('',(-1.,0.,-50.));
#1348=VERTEX_POINT('2489963',#1347);
#1349=CARTESIAN_POINT('',(-1.,0.,-50.));
#1350=DIRECTION('',(0.,1.,0.));
#1351=VECTOR('',#1350,6.5);
#1352=LINE('',#1349,#1351);
#1353=EDGE_CURVE('2490399',#1348,#554,#1352,.T.);
#1354=ORIENTED_EDGE('',*,*,#1353,.F.);
#1355=CARTESIAN_POINT('',(-1.,0.,-50.));
#1356=DIRECTION('',(-1.,0.,0.));
#1357=VECTOR('',#1356,27.);
#1358=LINE('',#1355,#1357);
#1359=EDGE_CURVE('2490373',#1348,#1339,#1358,.T.);
#1360=ORIENTED_EDGE('',*,*,#1359,.T.);
#1361=EDGE_LOOP('',(#1345,#1346,#1354,#1360));
#1362=FACE_BOUND('',#1361,.T.);
#1363=CARTESIAN_POINT('',(-17.2,2.2,-50.));
#1364=VERTEX_POINT('2490071',#1363);
#1365=CARTESIAN_POINT('',(-11.8,2.2,-50.));
#1366=VERTEX_POINT('2490073',#1365);
#1367=CARTESIAN_POINT('',(-17.2,2.2,-50.));
#1368=DIRECTION('',(1.,0.,0.));
#1369=VECTOR('',#1368,5.4);
#1370=LINE('',#1367,#1369);
#1371=EDGE_CURVE('2490237',#1364,#1366,#1370,.T.);
#1372=ORIENTED_EDGE('',*,*,#1371,.T.);
#1373=CARTESIAN_POINT('',(-11.8,6.,-50.));
#1374=VERTEX_POINT('2490059',#1373);
#1375=CARTESIAN_POINT('',(-11.8,2.2,-50.));
#1376=DIRECTION('',(0.,1.,0.));
#1377=VECTOR('',#1376,3.8);
#1378=LINE('',#1375,#1377);
#1379=EDGE_CURVE('2490249',#1366,#1374,#1378,.T.);
#1380=ORIENTED_EDGE('',*,*,#1379,.T.);
#1381=CARTESIAN_POINT('',(-17.2,6.,-50.));
#1382=VERTEX_POINT('2490065',#1381);
#1383=CARTESIAN_POINT('',(-11.8,6.,-50.));
#1384=DIRECTION('',(-1.,0.,0.));
#1385=VECTOR('',#1384,5.4);
#1386=LINE('',#1383,#1385);
#1387=EDGE_CURVE('2490407',#1374,#1382,#1386,.T.);
#1388=ORIENTED_EDGE('',*,*,#1387,.T.);
#1389=CARTESIAN_POINT('',(-17.2,6.,-50.));
#1390=DIRECTION('',(0.,-1.,0.));
#1391=VECTOR('',#1390,3.8);
#1392=LINE('',#1389,#1391);
#1393=EDGE_CURVE('2490243',#1382,#1364,#1392,.T.);
#1394=ORIENTED_EDGE('',*,*,#1393,.T.);
#1395=EDGE_LOOP('',(#1372,#1380,#1388,#1394));
#1396=FACE_BOUND('',#1395,.T.);
#1397=ADVANCED_FACE('2490734',(#1362,#1396),#1337,.T.);
#1398=CARTESIAN_POINT('',(-28.,1.,-49.));
#1399=DIRECTION('',(0.,0.,1.));
#1400=DIRECTION('',(1.,-0.,0.));
#1401=AXIS2_PLACEMENT_3D('',#1398,#1399,#1400);
#1402=PLANE('',#1401);
#1403=ORIENTED_EDGE('',*,*,#445,.F.);
#1404=CARTESIAN_POINT('',(-7.5,6.5,-49.));
#1405=DIRECTION('',(-0.,-1.,-0.));
#1406=VECTOR('',#1405,5.5);
#1407=LINE('',#1404,#1406);
#1408=EDGE_CURVE('2490277',#431,#696,#1407,.T.);
#1409=ORIENTED_EDGE('',*,*,#1408,.T.);
#1410=ORIENTED_EDGE('',*,*,#701,.T.);
#1411=ORIENTED_EDGE('',*,*,#1156,.F.);
#1412=EDGE_LOOP('',(#1403,#1409,#1410,#1411));
#1413=FACE_BOUND('',#1412,.T.);
#1414=ADVANCED_FACE('2490718',(#1413),#1402,.T.);
#1415=CARTESIAN_POINT('',(-28.,-4.,-49.));
#1416=DIRECTION('',(0.,-1.,0.));
#1417=DIRECTION('',(-1.,0.,0.));
#1418=AXIS2_PLACEMENT_3D('',#1415,#1416,#1417);
#1419=CYLINDRICAL_SURFACE('',#1418,1.);
#1420=ORIENTED_EDGE('',*,*,#1344,.F.);
#1421=CARTESIAN_POINT('',(-29.,0.,-49.));
#1422=VERTEX_POINT('2489955',#1421);
#1423=CARTESIAN_POINT('',(-28.,0.,-49.));
#1424=DIRECTION('',(0.,1.,0.));
#1425=DIRECTION('',(-1.,0.,-0.));
#1426=AXIS2_PLACEMENT_3D('',#1423,#1424,#1425);
#1427=CIRCLE('',#1426,1.);
#1428=EDGE_CURVE('2490385',#1339,#1422,#1427,.T.);
#1429=ORIENTED_EDGE('',*,*,#1428,.T.);
#1430=CARTESIAN_POINT('',(-29.,0.,-49.));
#1431=DIRECTION('',(0.,1.,0.));
#1432=VECTOR('',#1431,6.5);
#1433=LINE('',#1430,#1432);
#1434=EDGE_CURVE('2490393',#1422,#571,#1433,.T.);
#1435=ORIENTED_EDGE('',*,*,#1434,.T.);
#1436=ORIENTED_EDGE('',*,*,#577,.T.);
#1437=EDGE_LOOP('',(#1420,#1429,#1435,#1436));
#1438=FACE_BOUND('',#1437,.T.);
#1439=ADVANCED_FACE('2490732',(#1438),#1419,.T.);
#1440=CARTESIAN_POINT('',(-1.,-4.,-49.));
#1441=DIRECTION('',(0.,-1.,-0.));
#1442=DIRECTION('',(-0.,0.,-1.));
#1443=AXIS2_PLACEMENT_3D('',#1440,#1441,#1442);
#1444=CYLINDRICAL_SURFACE('',#1443,1.);
#1445=CARTESIAN_POINT('',(0.,0.,-49.));
#1446=VERTEX_POINT('2489951',#1445);
#1447=CARTESIAN_POINT('',(0.,0.,-49.));
#1448=DIRECTION('',(-0.,1.,0.));
#1449=VECTOR('',#1448,6.5);
#1450=LINE('',#1447,#1449);
#1451=EDGE_CURVE('2490403',#1446,#546,#1450,.T.);
#1452=ORIENTED_EDGE('',*,*,#1451,.F.);
#1453=CARTESIAN_POINT('',(-1.,0.,-49.));
#1454=DIRECTION('',(0.,1.,0.));
#1455=DIRECTION('',(0.,0.,-1.));
#1456=AXIS2_PLACEMENT_3D('',#1453,#1454,#1455);
#1457=CIRCLE('',#1456,1.);
#1458=EDGE_CURVE('2490379',#1446,#1348,#1457,.T.);
#1459=ORIENTED_EDGE('',*,*,#1458,.T.);
#1460=ORIENTED_EDGE('',*,*,#1353,.T.);
#1461=ORIENTED_EDGE('',*,*,#560,.T.);
#1462=EDGE_LOOP('',(#1452,#1459,#1460,#1461));
#1463=FACE_BOUND('',#1462,.T.);
#1464=ADVANCED_FACE('2490730',(#1463),#1444,.T.);
#1465=CARTESIAN_POINT('',(-1.,-4.,-1.));
#1466=DIRECTION('',(0.,-1.,-0.));
#1467=DIRECTION('',(1.,0.,-0.));
#1468=AXIS2_PLACEMENT_3D('',#1465,#1466,#1467);
#1469=CYLINDRICAL_SURFACE('',#1468,1.);
#1470=ORIENTED_EDGE('',*,*,#904,.F.);
#1471=CARTESIAN_POINT('',(0.,0.,-1.));
#1472=VERTEX_POINT('2489957',#1471);
#1473=CARTESIAN_POINT('',(-1.,0.,-1.));
#1474=DIRECTION('',(0.,1.,0.));
#1475=DIRECTION('',(1.,-0.,0.));
#1476=AXIS2_PLACEMENT_3D('',#1473,#1474,#1475);
#1477=CIRCLE('',#1476,1.);
#1478=EDGE_CURVE('2490377',#893,#1472,#1477,.T.);
#1479=ORIENTED_EDGE('',*,*,#1478,.T.);
#1480=CARTESIAN_POINT('',(0.,0.,-1.));
#1481=DIRECTION('',(0.,1.,0.));
#1482=VECTOR('',#1481,6.5);
#1483=LINE('',#1480,#1482);
#1484=EDGE_CURVE('2490405',#1472,#537,#1483,.T.);
#1485=ORIENTED_EDGE('',*,*,#1484,.T.);
#1486=ORIENTED_EDGE('',*,*,#543,.T.);
#1487=EDGE_LOOP('',(#1470,#1479,#1485,#1486));
#1488=FACE_BOUND('',#1487,.T.);
#1489=ADVANCED_FACE('2490728',(#1488),#1469,.T.);
#1490=CARTESIAN_POINT('',(-28.,-4.,-1.));
#1491=DIRECTION('',(0.,-1.,-0.));
#1492=DIRECTION('',(0.,-0.,1.));
#1493=AXIS2_PLACEMENT_3D('',#1490,#1491,#1492);
#1494=CYLINDRICAL_SURFACE('',#1493,1.);
#1495=CARTESIAN_POINT('',(-29.,0.,-1.));
#1496=VERTEX_POINT('2489949',#1495);
#1497=CARTESIAN_POINT('',(-29.,0.,-1.));
#1498=DIRECTION('',(0.,1.,0.));
#1499=VECTOR('',#1498,6.5);
#1500=LINE('',#1497,#1499);
#1501=EDGE_CURVE('2490387',#1496,#580,#1500,.T.);
#1502=ORIENTED_EDGE('',*,*,#1501,.F.);
#1503=CARTESIAN_POINT('',(-28.,0.,-1.));
#1504=DIRECTION('',(0.,1.,0.));
#1505=DIRECTION('',(-0.,-0.,1.));
#1506=AXIS2_PLACEMENT_3D('',#1503,#1504,#1505);
#1507=CIRCLE('',#1506,1.);
#1508=EDGE_CURVE('2490383',#1496,#844,#1507,.T.);
#1509=ORIENTED_EDGE('',*,*,#1508,.T.);
#1510=ORIENTED_EDGE('',*,*,#864,.T.);
#1511=ORIENTED_EDGE('',*,*,#592,.T.);
#1512=EDGE_LOOP('',(#1502,#1509,#1510,#1511));
#1513=FACE_BOUND('',#1512,.T.);
#1514=ADVANCED_FACE('2490724',(#1513),#1494,.T.);
#1515=CARTESIAN_POINT('',(-29.,0.,-50.));
#1516=DIRECTION('',(-1.,0.,-0.));
#1517=DIRECTION('',(-0.,-0.,1.));
#1518=AXIS2_PLACEMENT_3D('',#1515,#1516,#1517);
#1519=PLANE('',#1518);
#1520=ORIENTED_EDGE('',*,*,#1434,.F.);
#1521=CARTESIAN_POINT('',(-29.,0.,-49.));
#1522=DIRECTION('',(0.,-0.,1.));
#1523=VECTOR('',#1522,48.);
#1524=LINE('',#1521,#1523);
#1525=EDGE_CURVE('2490371',#1422,#1496,#1524,.T.);
#1526=ORIENTED_EDGE('',*,*,#1525,.T.);
#1527=ORIENTED_EDGE('',*,*,#1501,.T.);
#1528=ORIENTED_EDGE('',*,*,#585,.F.);
#1529=EDGE_LOOP('',(#1520,#1526,#1527,#1528));
#1530=FACE_BOUND('',#1529,.T.);
#1531=ADVANCED_FACE('2490738',(#1530),#1519,.T.);
#1532=CARTESIAN_POINT('',(0.,0.,0.));
#1533=DIRECTION('',(1.,-0.,0.));
#1534=DIRECTION('',(0.,0.,-1.));
#1535=AXIS2_PLACEMENT_3D('',#1532,#1533,#1534);
#1536=PLANE('',#1535);
#1537=ORIENTED_EDGE('',*,*,#1451,.T.);
#1538=ORIENTED_EDGE('',*,*,#551,.F.);
#1539=ORIENTED_EDGE('',*,*,#1484,.F.);
#1540=CARTESIAN_POINT('',(0.,0.,-1.));
#1541=DIRECTION('',(0.,0.,-1.));
#1542=VECTOR('',#1541,48.);
#1543=LINE('',#1540,#1542);
#1544=EDGE_CURVE('2490375',#1472,#1446,#1543,.T.);
#1545=ORIENTED_EDGE('',*,*,#1544,.T.);
#1546=EDGE_LOOP('',(#1537,#1538,#1539,#1545));
#1547=FACE_BOUND('',#1546,.T.);
#1548=ADVANCED_FACE('2490726',(#1547),#1536,.T.);
#1549=CARTESIAN_POINT('',(-13.583522899,6.5,-0.));
#1550=DIRECTION('',(-0.,-0.,1.));
#1551=DIRECTION('',(-1.,0.,-0.));
#1552=AXIS2_PLACEMENT_3D('',#1549,#1550,#1551);
#1553=CYLINDRICAL_SURFACE('',#1552,3.25);
#1554=ORIENTED_EDGE('',*,*,#312,.F.);
#1555=CARTESIAN_POINT('',(-16.146160778,4.501153558,1.));
#1556=VERTEX_POINT('2489897',#1555);
#1557=CARTESIAN_POINT('',(-16.833522899,6.499999992,0.639177539));
#1558=CARTESIAN_POINT('',(-16.833522898,6.319401439,0.63917754));
#1559=CARTESIAN_POINT('',(-16.818003388,6.1358106,0.659543679));
#1560=CARTESIAN_POINT('',(-16.788250048,5.959422627,0.692461326));
#1561=CARTESIAN_POINT('',(-16.758496708,5.783034653,0.725378973));
#1562=CARTESIAN_POINT('',(-16.71479488,5.611692091,0.769944064));
#1563=CARTESIAN_POINT('',(-16.657165625,5.443960044,0.815105048));
#1564=CARTESIAN_POINT('',(-16.59953637,5.276227996,0.860266032));
#1565=CARTESIAN_POINT('',(-16.527242424,5.11110008,0.906343026));
#1566=CARTESIAN_POINT('',(-16.442094287,4.953691617,0.941063561));
#1567=CARTESIAN_POINT('',(-16.356946151,4.796283154,0.975784095));
#1568=CARTESIAN_POINT('',(-16.258815708,4.645583758,1.));
#1569=CARTESIAN_POINT('',(-16.146160778,4.501153558,1.));
#1570=B_SPLINE_CURVE_WITH_KNOTS('',3,(#1557,#1558,#1559,#1560,#1561,#1562,#1563,#1564,#1565,#1566,#1567,#1568,#1569),.UNSPECIFIED.,.F.,.F.,(4,3,3,3,4),(0.,0.000708673,0.001417347,0.00212602,0.002834693),.UNSPECIFIED.);
#1571=EDGE_CURVE('2490498',#298,#1556,#1570,.T.);
#1572=ORIENTED_EDGE('',*,*,#1571,.T.);
#1573=CARTESIAN_POINT('',(-13.583522899,6.5,1.));
#1574=DIRECTION('',(-0.,-0.,1.));
#1575=DIRECTION('',(1.,0.,0.));
#1576=AXIS2_PLACEMENT_3D('',#1573,#1574,#1575);
#1577=CIRCLE('',#1576,3.25);
#1578=EDGE_CURVE('2491063',#1556,#512,#1577,.T.);
#1579=ORIENTED_EDGE('',*,*,#1578,.T.);
#1580=ORIENTED_EDGE('',*,*,#517,.T.);
#1581=CARTESIAN_POINT('',(-13.583522899,6.5,5.));
#1582=DIRECTION('',(-0.,-0.,1.));
#1583=DIRECTION('',(1.,0.,0.));
#1584=AXIS2_PLACEMENT_3D('',#1581,#1582,#1583);
#1585=CIRCLE('',#1584,3.25);
#1586=EDGE_CURVE('2490465',#307,#504,#1585,.T.);
#1587=ORIENTED_EDGE('',*,*,#1586,.F.);
#1588=EDGE_LOOP('',(#1554,#1572,#1579,#1580,#1587));
#1589=FACE_BOUND('',#1588,.T.);
#1590=ADVANCED_FACE('2491056',(#1589),#1553,.T.);
#1591=COLOUR_RGB('',0.686274529,0.56078434,0.56078434);
#1592=FILL_AREA_STYLE_COLOUR('',#1591);
#1593=FILL_AREA_STYLE('',(#1592));
#1594=SURFACE_STYLE_FILL_AREA(#1593);
#1595=SURFACE_SIDE_STYLE('',(#1594));
#1596=SURFACE_STYLE_USAGE(.BOTH.,#1595);
#1597=PRESENTATION_STYLE_ASSIGNMENT((#1596));
#1598=OVER_RIDING_STYLED_ITEM('',(#1597),#1590,#54);
#1599=CARTESIAN_POINT('',(-0.,-0.,5.));
#1600=DIRECTION('',(-0.,-0.,1.));
#1601=DIRECTION('',(-1.,0.,-0.));
#1602=AXIS2_PLACEMENT_3D('',#1599,#1600,#1601);
#1603=PLANE('',#1602);
#1604=CARTESIAN_POINT('',(-13.583522899,6.5,5.));
#1605=DIRECTION('',(0.,0.,-1.));
#1606=DIRECTION('',(1.,0.,0.));
#1607=AXIS2_PLACEMENT_3D('',#1604,#1605,#1606);
#1608=CIRCLE('',#1607,2.491461882);
#1609=EDGE_CURVE('2490395',#496,#315,#1608,.T.);
#1610=ORIENTED_EDGE('',*,*,#1609,.T.);
#1611=ORIENTED_EDGE('',*,*,#320,.T.);
#1612=ORIENTED_EDGE('',*,*,#1586,.T.);
#1613=ORIENTED_EDGE('',*,*,#509,.T.);
#1614=EDGE_LOOP('',(#1610,#1611,#1612,#1613));
#1615=FACE_BOUND('',#1614,.T.);
#1616=ADVANCED_FACE('2490740',(#1615),#1603,.T.);
#1617=OVER_RIDING_STYLED_ITEM('',(#1597),#1616,#54);
#1618=CARTESIAN_POINT('',(-13.583522899,6.5,-0.));
#1619=DIRECTION('',(0.,0.,-1.));
#1620=DIRECTION('',(1.,0.,0.));
#1621=AXIS2_PLACEMENT_3D('',#1618,#1619,#1620);
#1622=CYLINDRICAL_SURFACE('',#1621,2.491461882);
#1623=ORIENTED_EDGE('',*,*,#328,.T.);
#1624=ORIENTED_EDGE('',*,*,#1609,.F.);
#1625=ORIENTED_EDGE('',*,*,#501,.F.);
#1626=ORIENTED_EDGE('',*,*,#826,.F.);
#1627=EDGE_LOOP('',(#1623,#1624,#1625,#1626));
#1628=FACE_BOUND('',#1627,.T.);
#1629=ADVANCED_FACE('2490736',(#1628),#1622,.F.);
#1630=OVER_RIDING_STYLED_ITEM('',(#1597),#1629,#54);
#1631=CARTESIAN_POINT('',(0.,0.,0.));
#1632=DIRECTION('',(0.,1.,0.));
#1633=DIRECTION('',(0.,0.,-1.));
#1634=AXIS2_PLACEMENT_3D('',#1631,#1632,#1633);
#1635=PLANE('',#1634);
#1636=ORIENTED_EDGE('',*,*,#164,.T.);
#1637=CARTESIAN_POINT('',(-25.034664741,0.,-0.3));
#1638=DIRECTION('',(-0.,-1.,-0.));
#1639=DIRECTION('',(0.,-0.,1.));
#1640=AXIS2_PLACEMENT_3D('',#1637,#1638,#1639);
#1641=CIRCLE('',#1640,0.3);
#1642=EDGE_CURVE('2490483',#151,#846,#1641,.T.);
#1643=ORIENTED_EDGE('',*,*,#1642,.T.);
#1644=ORIENTED_EDGE('',*,*,#851,.F.);
#1645=ORIENTED_EDGE('',*,*,#1508,.F.);
#1646=ORIENTED_EDGE('',*,*,#1525,.F.);
#1647=ORIENTED_EDGE('',*,*,#1428,.F.);
#1648=ORIENTED_EDGE('',*,*,#1359,.F.);
#1649=ORIENTED_EDGE('',*,*,#1458,.F.);
#1650=ORIENTED_EDGE('',*,*,#1544,.F.);
#1651=ORIENTED_EDGE('',*,*,#1478,.F.);
#1652=ORIENTED_EDGE('',*,*,#898,.T.);
#1653=CARTESIAN_POINT('',(-16.934664741,0.,-0.3));
#1654=DIRECTION('',(-0.,-1.,-0.));
#1655=DIRECTION('',(0.,-0.,1.));
#1656=AXIS2_PLACEMENT_3D('',#1653,#1654,#1655);
#1657=CIRCLE('',#1656,0.3);
#1658=EDGE_CURVE('2490475',#885,#214,#1657,.T.);
#1659=ORIENTED_EDGE('',*,*,#1658,.T.);
#1660=ORIENTED_EDGE('',*,*,#219,.F.);
#1661=ORIENTED_EDGE('',*,*,#203,.F.);
#1662=EDGE_LOOP('',(#1636,#1643,#1644,#1645,#1646,#1647,#1648,#1649,#1650,#1651,#1652,#1659,#1660,#1661));
#1663=FACE_BOUND('',#1662,.T.);
#1664=ADVANCED_FACE('2490784',(#1663),#1635,.F.);
#1665=CARTESIAN_POINT('',(-1.,1.,-49.));
#1666=DIRECTION('',(-1.,0.,-0.));
#1667=DIRECTION('',(-0.,-0.,1.));
#1668=AXIS2_PLACEMENT_3D('',#1665,#1666,#1667);
#1669=PLANE('',#1668);
#1670=ORIENTED_EDGE('',*,*,#1295,.F.);
#1671=ORIENTED_EDGE('',*,*,#677,.T.);
#1672=ORIENTED_EDGE('',*,*,#1280,.F.);
#1673=ORIENTED_EDGE('',*,*,#469,.F.);
#1674=EDGE_LOOP('',(#1670,#1671,#1672,#1673));
#1675=FACE_BOUND('',#1674,.T.);
#1676=ADVANCED_FACE('2490722',(#1675),#1669,.T.);
#1677=CARTESIAN_POINT('',(-28.,1.,-1.));
#1678=DIRECTION('',(1.,0.,0.));
#1679=DIRECTION('',(0.,0.,-1.));
#1680=AXIS2_PLACEMENT_3D('',#1677,#1678,#1679);
#1681=PLANE('',#1680);
#1682=ORIENTED_EDGE('',*,*,#1171,.F.);
#1683=ORIENTED_EDGE('',*,*,#777,.T.);
#1684=ORIENTED_EDGE('',*,*,#998,.F.);
#1685=ORIENTED_EDGE('',*,*,#369,.F.);
#1686=EDGE_LOOP('',(#1682,#1683,#1684,#1685));
#1687=FACE_BOUND('',#1686,.T.);
#1688=ADVANCED_FACE('2490716',(#1687),#1681,.T.);
#1689=CARTESIAN_POINT('',(-16.8,6.,-50.));
#1690=DIRECTION('',(1.,0.,0.));
#1691=DIRECTION('',(0.,-1.,0.));
#1692=AXIS2_PLACEMENT_3D('',#1689,#1690,#1691);
#1693=PLANE('',#1692);
#1694=CARTESIAN_POINT('',(-16.8,2.6,-49.6));
#1695=VERTEX_POINT('2490069',#1694);
#1696=CARTESIAN_POINT('',(-16.8,2.6,-47.8));
#1697=VERTEX_POINT('2490033',#1696);
#1698=CARTESIAN_POINT('',(-16.8,2.6,-49.6));
#1699=DIRECTION('',(-0.,-0.,1.));
#1700=VECTOR('',#1699,1.8);
#1701=LINE('',#1698,#1700);
#1702=EDGE_CURVE('2490413',#1695,#1697,#1701,.T.);
#1703=ORIENTED_EDGE('',*,*,#1702,.F.);
#1704=CARTESIAN_POINT('',(-16.8,6.,-49.6));
#1705=VERTEX_POINT('2490067',#1704);
#1706=CARTESIAN_POINT('',(-16.8,2.6,-49.6));
#1707=DIRECTION('',(-0.,1.,-0.));
#1708=VECTOR('',#1707,3.4);
#1709=LINE('',#1706,#1708);
#1710=EDGE_CURVE('2490241',#1695,#1705,#1709,.T.);
#1711=ORIENTED_EDGE('',*,*,#1710,.T.);
#1712=CARTESIAN_POINT('',(-16.8,6.,-47.8));
#1713=VERTEX_POINT('2490031',#1712);
#1714=CARTESIAN_POINT('',(-16.8,6.,-49.6));
#1715=DIRECTION('',(-0.,-0.,1.));
#1716=VECTOR('',#1715,1.8);
#1717=LINE('',#1714,#1716);
#1718=EDGE_CURVE('2490411',#1705,#1713,#1717,.T.);
#1719=ORIENTED_EDGE('',*,*,#1718,.T.);
#1720=CARTESIAN_POINT('',(-16.8,2.6,-47.8));
#1721=DIRECTION('',(0.,1.,0.));
#1722=VECTOR('',#1721,3.4);
#1723=LINE('',#1720,#1722);
#1724=EDGE_CURVE('2490279',#1697,#1713,#1723,.T.);
#1725=ORIENTED_EDGE('',*,*,#1724,.F.);
#1726=EDGE_LOOP('',(#1703,#1711,#1719,#1725));
#1727=FACE_BOUND('',#1726,.T.);
#1728=ADVANCED_FACE('2490748',(#1727),#1693,.T.);
#1729=CARTESIAN_POINT('',(-12.2,6.,-50.));
#1730=DIRECTION('',(0.,-1.,0.));
#1731=DIRECTION('',(-1.,0.,0.));
#1732=AXIS2_PLACEMENT_3D('',#1729,#1730,#1731);
#1733=PLANE('',#1732);
#1734=ORIENTED_EDGE('',*,*,#1387,.F.);
#1735=CARTESIAN_POINT('',(-12.2,6.,-49.6));
#1736=VERTEX_POINT('2490063',#1735);
#1737=CARTESIAN_POINT('',(-11.8,6.,-49.6));
#1738=DIRECTION('',(-0.,1.,-0.));
#1739=DIRECTION('',(0.,0.,-1.));
#1740=AXIS2_PLACEMENT_3D('',#1737,#1738,#1739);
#1741=CIRCLE('',#1740,0.4);
#1742=EDGE_CURVE('2490245',#1374,#1736,#1741,.T.);
#1743=ORIENTED_EDGE('',*,*,#1742,.T.);
#1744=CARTESIAN_POINT('',(-12.2,6.,-47.8));
#1745=VERTEX_POINT('2490029',#1744);
#1746=CARTESIAN_POINT('',(-12.2,6.,-49.6));
#1747=DIRECTION('',(-0.,-0.,1.));
#1748=VECTOR('',#1747,1.8);
#1749=LINE('',#1746,#1748);
#1750=EDGE_CURVE('2490409',#1736,#1745,#1749,.T.);
#1751=ORIENTED_EDGE('',*,*,#1750,.T.);
#1752=CARTESIAN_POINT('',(-16.8,6.,-47.8));
#1753=DIRECTION('',(1.,0.,-0.));
#1754=VECTOR('',#1753,4.6);
#1755=LINE('',#1752,#1754);
#1756=EDGE_CURVE('2490281',#1713,#1745,#1755,.T.);
#1757=ORIENTED_EDGE('',*,*,#1756,.F.);
#1758=ORIENTED_EDGE('',*,*,#1718,.F.);
#1759=CARTESIAN_POINT('',(-17.2,6.,-49.6));
#1760=DIRECTION('',(-0.,1.,-0.));
#1761=DIRECTION('',(0.,0.,-1.));
#1762=AXIS2_PLACEMENT_3D('',#1759,#1760,#1761);
#1763=CIRCLE('',#1762,0.4);
#1764=EDGE_CURVE('2490239',#1705,#1382,#1763,.T.);
#1765=ORIENTED_EDGE('',*,*,#1764,.T.);
#1766=EDGE_LOOP('',(#1734,#1743,#1751,#1757,#1758,#1765));
#1767=FACE_BOUND('',#1766,.T.);
#1768=ADVANCED_FACE('2490746',(#1767),#1733,.T.);
#1769=CARTESIAN_POINT('',(-12.2,2.6,-50.));
#1770=DIRECTION('',(-1.,0.,0.));
#1771=DIRECTION('',(0.,1.,0.));
#1772=AXIS2_PLACEMENT_3D('',#1769,#1770,#1771);
#1773=PLANE('',#1772);
#1774=ORIENTED_EDGE('',*,*,#1750,.F.);
#1775=CARTESIAN_POINT('',(-12.2,2.6,-49.6));
#1776=VERTEX_POINT('2490061',#1775);
#1777=CARTESIAN_POINT('',(-12.2,6.,-49.6));
#1778=DIRECTION('',(-0.,-1.,-0.));
#1779=VECTOR('',#1778,3.4);
#1780=LINE('',#1777,#1779);
#1781=EDGE_CURVE('2490247',#1736,#1776,#1780,.T.);
#1782=ORIENTED_EDGE('',*,*,#1781,.T.);
#1783=CARTESIAN_POINT('',(-12.2,2.6,-47.8));
#1784=VERTEX_POINT('2490027',#1783);
#1785=CARTESIAN_POINT('',(-12.2,2.6,-49.6));
#1786=DIRECTION('',(-0.,-0.,1.));
#1787=VECTOR('',#1786,1.8);
#1788=LINE('',#1785,#1787);
#1789=EDGE_CURVE('2490415',#1776,#1784,#1788,.T.);
#1790=ORIENTED_EDGE('',*,*,#1789,.T.);
#1791=CARTESIAN_POINT('',(-12.2,6.,-47.8));
#1792=DIRECTION('',(-0.,-1.,-0.));
#1793=VECTOR('',#1792,3.4);
#1794=LINE('',#1791,#1793);
#1795=EDGE_CURVE('2490283',#1745,#1784,#1794,.T.);
#1796=ORIENTED_EDGE('',*,*,#1795,.F.);
#1797=EDGE_LOOP('',(#1774,#1782,#1790,#1796));
#1798=FACE_BOUND('',#1797,.T.);
#1799=ADVANCED_FACE('2490744',(#1798),#1773,.T.);
#1800=CARTESIAN_POINT('',(-16.8,2.6,-50.));
#1801=DIRECTION('',(-0.,1.,0.));
#1802=DIRECTION('',(1.,0.,0.));
#1803=AXIS2_PLACEMENT_3D('',#1800,#1801,#1802);
#1804=PLANE('',#1803);
#1805=ORIENTED_EDGE('',*,*,#1789,.F.);
#1806=CARTESIAN_POINT('',(-12.2,2.6,-49.6));
#1807=DIRECTION('',(-1.,-0.,-0.));
#1808=VECTOR('',#1807,4.6);
#1809=LINE('',#1806,#1808);
#1810=EDGE_CURVE('2490235',#1776,#1695,#1809,.T.);
#1811=ORIENTED_EDGE('',*,*,#1810,.T.);
#1812=ORIENTED_EDGE('',*,*,#1702,.T.);
#1813=CARTESIAN_POINT('',(-12.2,2.6,-47.8));
#1814=DIRECTION('',(-1.,-0.,-0.));
#1815=VECTOR('',#1814,4.6);
#1816=LINE('',#1813,#1815);
#1817=EDGE_CURVE('2490285',#1784,#1697,#1816,.T.);
#1818=ORIENTED_EDGE('',*,*,#1817,.F.);
#1819=EDGE_LOOP('',(#1805,#1811,#1812,#1818));
#1820=FACE_BOUND('',#1819,.T.);
#1821=ADVANCED_FACE('2490742',(#1820),#1804,.T.);
#1822=CARTESIAN_POINT('',(-24.,1.,-47.8));
#1823=DIRECTION('',(0.,0.,-1.));
#1824=DIRECTION('',(0.,1.,0.));
#1825=AXIS2_PLACEMENT_3D('',#1822,#1823,#1824);
#1826=PLANE('',#1825);
#1827=ORIENTED_EDGE('',*,*,#1817,.T.);
#1828=ORIENTED_EDGE('',*,*,#1724,.T.);
#1829=ORIENTED_EDGE('',*,*,#1756,.T.);
#1830=ORIENTED_EDGE('',*,*,#1795,.T.);
#1831=EDGE_LOOP('',(#1827,#1828,#1829,#1830));
#1832=FACE_BOUND('',#1831,.T.);
#1833=ADVANCED_FACE('2490714',(#1832),#1826,.T.);
#1834=CARTESIAN_POINT('',(-19.5,1.,-46.));
#1835=DIRECTION('',(0.,-0.,1.));
#1836=DIRECTION('',(0.,-1.,-0.));
#1837=AXIS2_PLACEMENT_3D('',#1834,#1835,#1836);
#1838=PLANE('',#1837);
#1839=ORIENTED_EDGE('',*,*,#419,.F.);
#1840=CARTESIAN_POINT('',(-17.5,6.5,-46.));
#1841=DIRECTION('',(-0.,-1.,-0.));
#1842=VECTOR('',#1841,5.5);
#1843=LINE('',#1840,#1842);
#1844=EDGE_CURVE('2490261',#405,#722,#1843,.T.);
#1845=ORIENTED_EDGE('',*,*,#1844,.T.);
#1846=ORIENTED_EDGE('',*,*,#727,.T.);
#1847=CARTESIAN_POINT('',(-11.372983346,1.,-46.));
#1848=DIRECTION('',(0.,1.,0.));
#1849=VECTOR('',#1848,5.5);
#1850=LINE('',#1847,#1849);
#1851=EDGE_CURVE('2490271',#713,#414,#1850,.T.);
#1852=ORIENTED_EDGE('',*,*,#1851,.T.);
#1853=EDGE_LOOP('',(#1839,#1845,#1846,#1852));
#1854=FACE_BOUND('',#1853,.T.);
#1855=ADVANCED_FACE('2490750',(#1854),#1838,.T.);
#1856=CARTESIAN_POINT('',(-7.5,1.,-47.));
#1857=DIRECTION('',(0.,-1.,0.));
#1858=DIRECTION('',(0.,0.,-1.));
#1859=AXIS2_PLACEMENT_3D('',#1856,#1857,#1858);
#1860=CYLINDRICAL_SURFACE('',#1859,2.);
#1861=ORIENTED_EDGE('',*,*,#437,.F.);
#1862=CARTESIAN_POINT('',(-9.436491673,6.5,-47.5));
#1863=DIRECTION('',(0.,-1.,0.));
#1864=VECTOR('',#1863,5.5);
#1865=LINE('',#1862,#1864);
#1866=EDGE_CURVE('2490267',#422,#704,#1865,.T.);
#1867=ORIENTED_EDGE('',*,*,#1866,.T.);
#1868=ORIENTED_EDGE('',*,*,#710,.F.);
#1869=ORIENTED_EDGE('',*,*,#1408,.F.);
#1870=EDGE_LOOP('',(#1861,#1867,#1868,#1869));
#1871=FACE_BOUND('',#1870,.T.);
#1872=ADVANCED_FACE('2490712',(#1871),#1860,.F.);
#1873=CARTESIAN_POINT('',(-11.372983346,1.,-48.));
#1874=DIRECTION('',(0.,-1.,0.));
#1875=DIRECTION('',(0.,0.,-1.));
#1876=AXIS2_PLACEMENT_3D('',#1873,#1874,#1875);
#1877=CYLINDRICAL_SURFACE('',#1876,2.);
#1878=ORIENTED_EDGE('',*,*,#719,.F.);
#1879=ORIENTED_EDGE('',*,*,#1866,.F.);
#1880=ORIENTED_EDGE('',*,*,#428,.F.);
#1881=ORIENTED_EDGE('',*,*,#1851,.F.);
#1882=EDGE_LOOP('',(#1878,#1879,#1880,#1881));
#1883=FACE_BOUND('',#1882,.T.);
#1884=ADVANCED_FACE('2490710',(#1883),#1877,.T.);
#1885=CARTESIAN_POINT('',(-17.5,1.,-48.));
#1886=DIRECTION('',(0.,1.,0.));
#1887=DIRECTION('',(0.,-0.,1.));
#1888=AXIS2_PLACEMENT_3D('',#1885,#1886,#1887);
#1889=CYLINDRICAL_SURFACE('',#1888,2.);
#1890=ORIENTED_EDGE('',*,*,#411,.F.);
#1891=CARTESIAN_POINT('',(-19.436491673,6.5,-47.5));
#1892=DIRECTION('',(-0.,-1.,-0.));
#1893=VECTOR('',#1892,5.5);
#1894=LINE('',#1891,#1893);
#1895=EDGE_CURVE('2490255',#396,#730,#1894,.T.);
#1896=ORIENTED_EDGE('',*,*,#1895,.T.);
#1897=ORIENTED_EDGE('',*,*,#736,.F.);
#1898=ORIENTED_EDGE('',*,*,#1844,.F.);
#1899=EDGE_LOOP('',(#1890,#1896,#1897,#1898));
#1900=FACE_BOUND('',#1899,.T.);
#1901=ADVANCED_FACE('2490708',(#1900),#1889,.T.);
#1902=CARTESIAN_POINT('',(-21.372983346,1.,-47.));
#1903=DIRECTION('',(0.,1.,0.));
#1904=DIRECTION('',(0.,-0.,1.));
#1905=AXIS2_PLACEMENT_3D('',#1902,#1903,#1904);
#1906=CYLINDRICAL_SURFACE('',#1905,2.);
#1907=ORIENTED_EDGE('',*,*,#745,.F.);
#1908=ORIENTED_EDGE('',*,*,#1895,.F.);
#1909=ORIENTED_EDGE('',*,*,#402,.F.);
#1910=ORIENTED_EDGE('',*,*,#1326,.F.);
#1911=EDGE_LOOP('',(#1907,#1908,#1909,#1910));
#1912=FACE_BOUND('',#1911,.T.);
#1913=ADVANCED_FACE('2490706',(#1912),#1906,.F.);
#1914=CARTESIAN_POINT('',(-11.8,0.,-49.6));
#1915=DIRECTION('',(0.,1.,0.));
#1916=DIRECTION('',(-1.,0.,0.));
#1917=AXIS2_PLACEMENT_3D('',#1914,#1915,#1916);
#1918=CYLINDRICAL_SURFACE('',#1917,0.4);
#1919=ORIENTED_EDGE('',*,*,#1379,.F.);
#1920=CARTESIAN_POINT('',(-11.8,2.2,-49.6));
#1921=DIRECTION('',(0.707106781,0.707106781,0.));
#1922=DIRECTION('',(0.707106781,-0.707106781,0.));
#1923=AXIS2_PLACEMENT_3D('',#1920,#1921,#1922);
#1924=ELLIPSE('',#1923,0.565685425,0.4);
#1925=EDGE_CURVE('2490233',#1366,#1776,#1924,.T.);
#1926=ORIENTED_EDGE('',*,*,#1925,.T.);
#1927=ORIENTED_EDGE('',*,*,#1781,.F.);
#1928=ORIENTED_EDGE('',*,*,#1742,.F.);
#1929=EDGE_LOOP('',(#1919,#1926,#1927,#1928));
#1930=FACE_BOUND('',#1929,.T.);
#1931=ADVANCED_FACE('2490704',(#1930),#1918,.T.);
#1932=CARTESIAN_POINT('',(-17.2,0.,-49.6));
#1933=DIRECTION('',(0.,-1.,0.));
#1934=DIRECTION('',(0.,0.,-1.));
#1935=AXIS2_PLACEMENT_3D('',#1932,#1933,#1934);
#1936=CYLINDRICAL_SURFACE('',#1935,0.4);
#1937=ORIENTED_EDGE('',*,*,#1764,.F.);
#1938=ORIENTED_EDGE('',*,*,#1710,.F.);
#1939=CARTESIAN_POINT('',(-17.2,2.2,-49.6));
#1940=DIRECTION('',(-0.707106781,0.707106781,-0.));
#1941=DIRECTION('',(0.707106781,0.707106781,0.));
#1942=AXIS2_PLACEMENT_3D('',#1939,#1940,#1941);
#1943=ELLIPSE('',#1942,0.565685425,0.4);
#1944=EDGE_CURVE('2490231',#1695,#1364,#1943,.T.);
#1945=ORIENTED_EDGE('',*,*,#1944,.T.);
#1946=ORIENTED_EDGE('',*,*,#1393,.F.);
#1947=EDGE_LOOP('',(#1937,#1938,#1945,#1946));
#1948=FACE_BOUND('',#1947,.T.);
#1949=ADVANCED_FACE('2490702',(#1948),#1936,.T.);
#1950=CARTESIAN_POINT('',(0.,2.2,-49.6));
#1951=DIRECTION('',(1.,0.,0.));
#1952=DIRECTION('',(-0.,1.,0.));
#1953=AXIS2_PLACEMENT_3D('',#1950,#1951,#1952);
#1954=CYLINDRICAL_SURFACE('',#1953,0.4);
#1955=ORIENTED_EDGE('',*,*,#1944,.F.);
#1956=ORIENTED_EDGE('',*,*,#1810,.F.);
#1957=ORIENTED_EDGE('',*,*,#1925,.F.);
#1958=ORIENTED_EDGE('',*,*,#1371,.F.);
#1959=EDGE_LOOP('',(#1955,#1956,#1957,#1958));
#1960=FACE_BOUND('',#1959,.T.);
#1961=ADVANCED_FACE('2490700',(#1960),#1954,.T.);
#1962=CARTESIAN_POINT('',(0.,10.,0.));
#1963=DIRECTION('',(0.,1.,0.));
#1964=DIRECTION('',(-0.,-0.,1.));
#1965=AXIS2_PLACEMENT_3D('',#1962,#1963,#1964);
#1966=PLANE('',#1965);
#1967=CARTESIAN_POINT('',(-1.,10.,-49.));
#1968=VERTEX_POINT('2490081',#1967);
#1969=CARTESIAN_POINT('',(-1.,10.,-47.));
#1970=DIRECTION('',(0.,0.,-1.));
#1971=VECTOR('',#1970,2.);
#1972=LINE('',#1969,#1971);
#1973=EDGE_CURVE('2490219',#1298,#1968,#1972,.T.);
#1974=ORIENTED_EDGE('',*,*,#1973,.T.);
#1975=CARTESIAN_POINT('',(-1.,10.,-49.));
#1976=DIRECTION('',(-1.,0.,0.));
#1977=VECTOR('',#1976,4.);
#1978=LINE('',#1975,#1977);
#1979=EDGE_CURVE('2490225',#1968,#1139,#1978,.T.);
#1980=ORIENTED_EDGE('',*,*,#1979,.T.);
#1981=ORIENTED_EDGE('',*,*,#1144,.T.);
#1982=ORIENTED_EDGE('',*,*,#1309,.T.);
#1983=EDGE_LOOP('',(#1974,#1980,#1981,#1982));
#1984=FACE_BOUND('',#1983,.T.);
#1985=ADVANCED_FACE('2490986',(#1984),#1966,.T.);
#1986=CARTESIAN_POINT('',(-1.,1.,-47.));
#1987=DIRECTION('',(1.,0.,-0.));
#1988=DIRECTION('',(-0.,0.,-1.));
#1989=AXIS2_PLACEMENT_3D('',#1986,#1987,#1988);
#1990=PLANE('',#1989);
#1991=ORIENTED_EDGE('',*,*,#461,.T.);
#1992=CARTESIAN_POINT('',(-1.,6.5,-49.));
#1993=DIRECTION('',(0.,1.,0.));
#1994=VECTOR('',#1993,3.5);
#1995=LINE('',#1992,#1994);
#1996=EDGE_CURVE('2490223',#448,#1968,#1995,.T.);
#1997=ORIENTED_EDGE('',*,*,#1996,.T.);
#1998=ORIENTED_EDGE('',*,*,#1973,.F.);
#1999=ORIENTED_EDGE('',*,*,#1303,.F.);
#2000=EDGE_LOOP('',(#1991,#1997,#1998,#1999));
#2001=FACE_BOUND('',#2000,.T.);
#2002=ADVANCED_FACE('2490696',(#2001),#1990,.T.);
#2003=CARTESIAN_POINT('',(-1.,1.,-49.));
#2004=DIRECTION('',(0.,0.,-1.));
#2005=DIRECTION('',(-1.,-0.,0.));
#2006=AXIS2_PLACEMENT_3D('',#2003,#2004,#2005);
#2007=PLANE('',#2006);
#2008=ORIENTED_EDGE('',*,*,#453,.T.);
#2009=ORIENTED_EDGE('',*,*,#1150,.T.);
#2010=ORIENTED_EDGE('',*,*,#1979,.F.);
#2011=ORIENTED_EDGE('',*,*,#1996,.F.);
#2012=EDGE_LOOP('',(#2008,#2009,#2010,#2011));
#2013=FACE_BOUND('',#2012,.T.);
#2014=ADVANCED_FACE('2490698',(#2013),#2007,.T.);
#2015=CARTESIAN_POINT('',(0.,10.,0.));
#2016=DIRECTION('',(0.,1.,0.));
#2017=DIRECTION('',(-0.,-0.,1.));
#2018=AXIS2_PLACEMENT_3D('',#2015,#2016,#2017);
#2019=PLANE('',#2018);
#2020=ORIENTED_EDGE('',*,*,#1268,.T.);
#2021=ORIENTED_EDGE('',*,*,#1244,.T.);
#2022=CARTESIAN_POINT('',(-1.,10.,-1.));
#2023=VERTEX_POINT('2490095',#2022);
#2024=CARTESIAN_POINT('',(-3.,10.,-1.));
#2025=DIRECTION('',(1.,0.,-0.));
#2026=VECTOR('',#2025,2.);
#2027=LINE('',#2024,#2026);
#2028=EDGE_CURVE('2490197',#1231,#2023,#2027,.T.);
#2029=ORIENTED_EDGE('',*,*,#2028,.T.);
#2030=CARTESIAN_POINT('',(-1.,10.,-1.));
#2031=DIRECTION('',(0.,0.,-1.));
#2032=VECTOR('',#2031,2.);
#2033=LINE('',#2030,#2032);
#2034=EDGE_CURVE('2490201',#2023,#1263,#2033,.T.);
#2035=ORIENTED_EDGE('',*,*,#2034,.T.);
#2036=EDGE_LOOP('',(#2020,#2021,#2029,#2035));
#2037=FACE_BOUND('',#2036,.T.);
#2038=ADVANCED_FACE('2490984',(#2037),#2019,.T.);
#2039=CARTESIAN_POINT('',(-1.,1.,-1.));
#2040=DIRECTION('',(1.,0.,-0.));
#2041=DIRECTION('',(-0.,0.,-1.));
#2042=AXIS2_PLACEMENT_3D('',#2039,#2040,#2041);
#2043=PLANE('',#2042);
#2044=ORIENTED_EDGE('',*,*,#477,.T.);
#2045=ORIENTED_EDGE('',*,*,#1274,.T.);
#2046=ORIENTED_EDGE('',*,*,#2034,.F.);
#2047=CARTESIAN_POINT('',(-1.,6.5,-1.));
#2048=DIRECTION('',(0.,1.,0.));
#2049=VECTOR('',#2048,3.5);
#2050=LINE('',#2047,#2049);
#2051=EDGE_CURVE('2490199',#472,#2023,#2050,.T.);
#2052=ORIENTED_EDGE('',*,*,#2051,.F.);
#2053=EDGE_LOOP('',(#2044,#2045,#2046,#2052));
#2054=FACE_BOUND('',#2053,.T.);
#2055=ADVANCED_FACE('2490692',(#2054),#2043,.T.);
#2056=CARTESIAN_POINT('',(-3.,1.,-1.));
#2057=DIRECTION('',(0.,-0.,1.));
#2058=DIRECTION('',(1.,-0.,-0.));
#2059=AXIS2_PLACEMENT_3D('',#2056,#2057,#2058);
#2060=PLANE('',#2059);
#2061=ORIENTED_EDGE('',*,*,#485,.T.);
#2062=ORIENTED_EDGE('',*,*,#2051,.T.);
#2063=ORIENTED_EDGE('',*,*,#2028,.F.);
#2064=ORIENTED_EDGE('',*,*,#1236,.F.);
#2065=EDGE_LOOP('',(#2061,#2062,#2063,#2064));
#2066=FACE_BOUND('',#2065,.T.);
#2067=ADVANCED_FACE('2490694',(#2066),#2060,.T.);
#2068=CARTESIAN_POINT('',(0.,9.,0.));
#2069=DIRECTION('',(0.,1.,0.));
#2070=DIRECTION('',(-0.,-0.,1.));
#2071=AXIS2_PLACEMENT_3D('',#2068,#2069,#2070);
#2072=PLANE('',#2071);
#2073=ORIENTED_EDGE('',*,*,#1118,.T.);
#2074=ORIENTED_EDGE('',*,*,#1096,.T.);
#2075=ORIENTED_EDGE('',*,*,#1072,.T.);
#2076=ORIENTED_EDGE('',*,*,#1048,.T.);
#2077=EDGE_LOOP('',(#2073,#2074,#2075,#2076));
#2078=FACE_BOUND('',#2077,.T.);
#2079=ADVANCED_FACE('2490690',(#2078),#2072,.T.);
#2080=CARTESIAN_POINT('',(0.,10.,0.));
#2081=DIRECTION('',(0.,1.,0.));
#2082=DIRECTION('',(-0.,-0.,1.));
#2083=AXIS2_PLACEMENT_3D('',#2080,#2081,#2082);
#2084=PLANE('',#2083);
#2085=CARTESIAN_POINT('',(-28.,10.,-1.));
#2086=VERTEX_POINT('2490113',#2085);
#2087=CARTESIAN_POINT('',(-28.,10.,-3.));
#2088=DIRECTION('',(0.,0.,1.));
#2089=VECTOR('',#2088,2.);
#2090=LINE('',#2087,#2089);
#2091=EDGE_CURVE('2490175',#1174,#2086,#2090,.T.);
#2092=ORIENTED_EDGE('',*,*,#2091,.T.);
#2093=CARTESIAN_POINT('',(-28.,10.,-1.));
#2094=DIRECTION('',(1.,0.,-0.));
#2095=VECTOR('',#2094,2.);
#2096=LINE('',#2093,#2095);
#2097=EDGE_CURVE('2490173',#2086,#1206,#2096,.T.);
#2098=ORIENTED_EDGE('',*,*,#2097,.T.);
#2099=ORIENTED_EDGE('',*,*,#1211,.T.);
#2100=ORIENTED_EDGE('',*,*,#1187,.T.);
#2101=EDGE_LOOP('',(#2092,#2098,#2099,#2100));
#2102=FACE_BOUND('',#2101,.T.);
#2103=ADVANCED_FACE('2490985',(#2102),#2084,.T.);
#2104=CARTESIAN_POINT('',(-28.,1.,-1.));
#2105=DIRECTION('',(0.,-0.,1.));
#2106=DIRECTION('',(1.,-0.,-0.));
#2107=AXIS2_PLACEMENT_3D('',#2104,#2105,#2106);
#2108=PLANE('',#2107);
#2109=ORIENTED_EDGE('',*,*,#353,.T.);
#2110=ORIENTED_EDGE('',*,*,#1217,.T.);
#2111=ORIENTED_EDGE('',*,*,#2097,.F.);
#2112=CARTESIAN_POINT('',(-28.,6.5,-1.));
#2113=DIRECTION('',(0.,1.,0.));
#2114=VECTOR('',#2113,3.5);
#2115=LINE('',#2112,#2114);
#2116=EDGE_CURVE('2490171',#348,#2086,#2115,.T.);
#2117=ORIENTED_EDGE('',*,*,#2116,.F.);
#2118=EDGE_LOOP('',(#2109,#2110,#2111,#2117));
#2119=FACE_BOUND('',#2118,.T.);
#2120=ADVANCED_FACE('2490688',(#2119),#2108,.T.);
#2121=CARTESIAN_POINT('',(-28.,1.,-3.));
#2122=DIRECTION('',(-1.,0.,0.));
#2123=DIRECTION('',(0.,-0.,1.));
#2124=AXIS2_PLACEMENT_3D('',#2121,#2122,#2123);
#2125=PLANE('',#2124);
#2126=ORIENTED_EDGE('',*,*,#361,.T.);
#2127=ORIENTED_EDGE('',*,*,#2116,.T.);
#2128=ORIENTED_EDGE('',*,*,#2091,.F.);
#2129=ORIENTED_EDGE('',*,*,#1179,.F.);
#2130=EDGE_LOOP('',(#2126,#2127,#2128,#2129));
#2131=FACE_BOUND('',#2130,.T.);
#2132=ADVANCED_FACE('2490686',(#2131),#2125,.T.);
#2133=CARTESIAN_POINT('',(-16.934664741,0.,-0.3));
#2134=DIRECTION('',(0.,1.,0.));
#2135=DIRECTION('',(0.,-0.,1.));
#2136=AXIS2_PLACEMENT_3D('',#2133,#2134,#2135);
#2137=CYLINDRICAL_SURFACE('',#2136,0.3);
#2138=ORIENTED_EDGE('',*,*,#890,.F.);
#2139=CARTESIAN_POINT('',(-16.934664741,3.886123883,-0.));
#2140=CARTESIAN_POINT('',(-16.968661199,4.074994145,-0.));
#2141=CARTESIAN_POINT('',(-16.998274528,4.272062586,-0.005588286));
#2142=CARTESIAN_POINT('',(-17.023970119,4.477904422,-0.013600717));
#2143=CARTESIAN_POINT('',(-17.049665711,4.683746259,-0.021613148));
#2144=CARTESIAN_POINT('',(-17.071482222,4.899682764,-0.032246308));
#2145=CARTESIAN_POINT('',(-17.0888733,5.119024672,-0.042668074));
#2146=CARTESIAN_POINT('',(-17.106264377,5.33836658,-0.053089839));
#2147=CARTESIAN_POINT('',(-17.119452487,5.562429931,-0.063374107));
#2148=CARTESIAN_POINT('',(-17.128431306,5.793091127,-0.070970486));
#2149=CARTESIAN_POINT('',(-17.137410126,6.023752323,-0.078566866));
#2150=CARTESIAN_POINT('',(-17.142093519,6.263832651,-0.08326675));
#2151=CARTESIAN_POINT('',(-17.14209352,6.49999999,-0.08326675));
#2152=B_SPLINE_CURVE_WITH_KNOTS('',3,(#2139,#2140,#2141,#2142,#2143,#2144,#2145,#2146,#2147,#2148,#2149,#2150,#2151),.UNSPECIFIED.,.F.,.F.,(4,3,3,3,4),(0.,0.000708673,0.001417347,0.00212602,0.002834693),.UNSPECIFIED.);
#2153=EDGE_CURVE('2490487',#876,#289,#2152,.T.);
#2154=ORIENTED_EDGE('',*,*,#2153,.T.);
#2155=ORIENTED_EDGE('',*,*,#295,.F.);
#2156=ORIENTED_EDGE('',*,*,#227,.F.);
#2157=ORIENTED_EDGE('',*,*,#1658,.F.);
#2158=EDGE_LOOP('',(#2138,#2154,#2155,#2156,#2157));
#2159=FACE_BOUND('',#2158,.T.);
#2160=ADVANCED_FACE('2490490',(#2159),#2137,.T.);
#2161=CARTESIAN_POINT('',(-25.034664741,0.,-0.3));
#2162=DIRECTION('',(0.,1.,0.));
#2163=DIRECTION('',(0.,-0.,1.));
#2164=AXIS2_PLACEMENT_3D('',#2161,#2162,#2163);
#2165=CYLINDRICAL_SURFACE('',#2164,0.3);
#2166=ORIENTED_EDGE('',*,*,#1642,.F.);
#2167=ORIENTED_EDGE('',*,*,#156,.F.);
#2168=ORIENTED_EDGE('',*,*,#283,.F.);
#2169=ORIENTED_EDGE('',*,*,#857,.F.);
#2170=EDGE_LOOP('',(#2166,#2167,#2168,#2169));
#2171=FACE_BOUND('',#2170,.T.);
#2172=ADVANCED_FACE('2491068',(#2171),#2165,.T.);
#2173=CARTESIAN_POINT('',(-16.934664741,3.886123883,-0.));
#2174=CARTESIAN_POINT('',(-16.831449813,3.966631079,-0.));
#2175=CARTESIAN_POINT('',(-16.728275497,4.047106599,0.026027323));
#2176=CARTESIAN_POINT('',(-16.537559179,4.195864501,0.126213612));
#2177=CARTESIAN_POINT('',(-16.450092217,4.264088352,0.200333158));
#2178=CARTESIAN_POINT('',(-16.304124266,4.377942721,0.38545328));
#2179=CARTESIAN_POINT('',(-16.245680711,4.423528441,0.49638102));
#2180=CARTESIAN_POINT('',(-16.166683425,4.485145982,0.738252116));
#2181=CARTESIAN_POINT('',(-16.146160778,4.501153558,0.869100306));
#2182=CARTESIAN_POINT('',(-16.146160778,4.501153558,1.));
#2183=CARTESIAN_POINT('',(-16.968661199,4.074994145,-0.));
#2184=CARTESIAN_POINT('',(-16.866780251,4.145104513,0.011696473));
#2185=CARTESIAN_POINT('',(-16.767879639,4.215194477,0.046418121));
#2186=CARTESIAN_POINT('',(-16.589216767,4.346117995,0.157114529));
#2187=CARTESIAN_POINT('',(-16.509507793,4.406913307,0.23305467));
#2188=CARTESIAN_POINT('',(-16.379883025,4.511151038,0.415914922));
#2189=CARTESIAN_POINT('',(-16.330005214,4.554562601,0.522779598));
#2190=CARTESIAN_POINT('',(-16.266657097,4.618191892,0.753129922));
#2191=CARTESIAN_POINT('',(-16.253204671,4.63839008,0.876546512));
#2192=CARTESIAN_POINT('',(-16.258815708,4.645583758,1.));
#2193=CARTESIAN_POINT('',(-16.998274528,4.272062586,-0.005588286));
#2194=CARTESIAN_POINT('',(-16.901671719,4.333457089,0.01563647));
#2195=CARTESIAN_POINT('',(-16.809600991,4.394837367,0.056718195));
#2196=CARTESIAN_POINT('',(-16.645340764,4.510399704,0.173668999));
#2197=CARTESIAN_POINT('',(-16.573189664,4.564554956,0.249510096));
#2198=CARTESIAN_POINT('',(-16.457305185,4.659278985,0.42694975));
#2199=CARTESIAN_POINT('',(-16.413598802,4.699825695,0.528506406));
#2200=CARTESIAN_POINT('',(-16.359771653,4.762527686,0.745328359));
#2201=CARTESIAN_POINT('',(-16.349663356,4.784668192,0.860542705));
#2202=CARTESIAN_POINT('',(-16.356946151,4.796283154,0.975784095));
#2203=CARTESIAN_POINT('',(-17.049665711,4.683746259,-0.021613148));
#2204=CARTESIAN_POINT('',(-16.965493024,4.729648189,0.013531735));
#2205=CARTESIAN_POINT('',(-16.887491199,4.775544133,0.063023793));
#2206=CARTESIAN_POINT('',(-16.75085369,4.86323999,0.186127192));
#2207=CARTESIAN_POINT('',(-16.692236285,4.905028422,0.259721294));
#2208=CARTESIAN_POINT('',(-16.599662772,4.980755953,0.424291717));
#2209=CARTESIAN_POINT('',(-16.565718935,5.01468501,0.515245515));
#2210=CARTESIAN_POINT('',(-16.525549101,5.071621637,0.706259962));
#2211=CARTESIAN_POINT('',(-16.519328341,5.094621447,0.806294739));
#2212=CARTESIAN_POINT('',(-16.527242424,5.11110008,0.906343026));
#2213=CARTESIAN_POINT('',(-17.071482222,4.899682764,-0.032246308));
#2214=CARTESIAN_POINT('',(-16.994561805,4.938783334,0.007369253));
#2215=CARTESIAN_POINT('',(-16.923892863,4.977879912,0.058956225));
#2216=CARTESIAN_POINT('',(-16.800611326,5.053018626,0.181967896));
#2217=CARTESIAN_POINT('',(-16.748011507,5.089053085,0.25337963));
#2218=CARTESIAN_POINT('',(-16.665025122,5.155241813,0.410365677));
#2219=CARTESIAN_POINT('',(-16.634647155,5.185389302,0.495923562));
#2220=CARTESIAN_POINT('',(-16.598508791,5.237434137,0.674418826));
#2221=CARTESIAN_POINT('',(-16.59275215,5.259326119,0.767337588));
#2222=CARTESIAN_POINT('',(-16.59953637,5.276227996,0.860266032));
#2223=CARTESIAN_POINT('',(-17.106264377,5.33836658,-0.053089839));
#2224=CARTESIAN_POINT('',(-17.042094146,5.365150072,-0.008155508));
#2225=CARTESIAN_POINT('',(-16.983858701,5.391932094,0.045116426));
#2226=CARTESIAN_POINT('',(-16.882714441,5.443934726,0.165110927));
#2227=CARTESIAN_POINT('',(-16.839811453,5.469152473,0.231826316));
#2228=CARTESIAN_POINT('',(-16.771888078,5.516549677,0.374687465));
#2229=CARTESIAN_POINT('',(-16.746871602,5.538726499,0.450824797));
#2230=CARTESIAN_POINT('',(-16.716214042,5.578735492,0.607960665));
#2231=CARTESIAN_POINT('',(-16.710574738,5.596565396,0.688949998));
#2232=CARTESIAN_POINT('',(-16.71479488,5.611692091,0.769944064));
#2233=CARTESIAN_POINT('',(-17.119452487,5.562429931,-0.063374107));
#2234=CARTESIAN_POINT('',(-17.060866516,5.583647282,-0.017486959));
#2235=CARTESIAN_POINT('',(-17.007824479,5.604863677,0.035439618));
#2236=CARTESIAN_POINT('',(-16.915625388,5.646195428,0.152565094));
#2237=CARTESIAN_POINT('',(-16.876472632,5.666308919,0.21675849));
#2238=CARTESIAN_POINT('',(-16.814125845,5.704388849,0.3530092));
#2239=CARTESIAN_POINT('',(-16.790934723,5.72235357,0.425060129));
#2240=CARTESIAN_POINT('',(-16.76174174,5.755200992,0.573203799));
#2241=CARTESIAN_POINT('',(-16.755741247,5.77008221,0.649289607));
#2242=CARTESIAN_POINT('',(-16.758496708,5.783034653,0.725378973));
#2243=CARTESIAN_POINT('',(-17.132920716,5.908421725,-0.074768676));
#2244=CARTESIAN_POINT('',(-17.080182541,5.921554393,-0.028311152));
#2245=CARTESIAN_POINT('',(-17.03252826,5.934686614,0.023905688));
#2246=CARTESIAN_POINT('',(-16.949555848,5.960358099,0.137477721));
#2247=CARTESIAN_POINT('',(-16.914240604,5.972896488,0.19882895));
#2248=CARTESIAN_POINT('',(-16.857559081,5.996813151,0.327866832));
#2249=CARTESIAN_POINT('',(-16.836194775,6.00819061,0.395548986));
#2250=CARTESIAN_POINT('',(-16.808391679,6.029270486,0.534157325));
#2251=CARTESIAN_POINT('',(-16.80195386,6.038972184,0.605078679));
#2252=CARTESIAN_POINT('',(-16.803126718,6.047616613,0.676002503));
#2253=CARTESIAN_POINT('',(-17.136348701,6.025416378,-0.077888626));
#2254=CARTESIAN_POINT('',(-17.085145644,6.035900323,-0.031384012));
#2255=CARTESIAN_POINT('',(-17.038891259,6.046383935,0.02056379));
#2256=CARTESIAN_POINT('',(-16.958299399,6.066895883,0.133076513));
#2257=CARTESIAN_POINT('',(-16.92396451,6.076923569,0.193637818));
#2258=CARTESIAN_POINT('',(-16.868716,6.096087514,0.320725194));
#2259=CARTESIAN_POINT('',(-16.847804153,6.105223166,0.387247183));
#2260=CARTESIAN_POINT('',(-16.820318491,6.122205642,0.523342541));
#2261=CARTESIAN_POINT('',(-16.813745559,6.130051929,0.59291154));
#2262=CARTESIAN_POINT('',(-16.814486166,6.137083113,0.662482771));
#2263=CARTESIAN_POINT('',(-17.140958801,6.263314966,-0.082163724));
#2264=CARTESIAN_POINT('',(-17.091833635,6.268500852,-0.03563062));
#2265=CARTESIAN_POINT('',(-17.0474699,6.273686596,0.015924194));
#2266=CARTESIAN_POINT('',(-16.970088389,6.28384795,0.126957471));
#2267=CARTESIAN_POINT('',(-16.937072812,6.288823281,0.186432778));
#2268=CARTESIAN_POINT('',(-16.883748826,6.298361899,0.310855695));
#2269=CARTESIAN_POINT('',(-16.863441932,6.302924923,0.37579977));
#2270=CARTESIAN_POINT('',(-16.836373008,6.311453696,0.50848355));
#2271=CARTESIAN_POINT('',(-16.829611748,6.31541921,0.576219484));
#2272=CARTESIAN_POINT('',(-16.829762768,6.319005562,0.643957342));
#2273=CARTESIAN_POINT('',(-17.14209352,6.38191632,-0.08326675));
#2274=CARTESIAN_POINT('',(-17.093489239,6.38450374,-0.036749061));
#2275=CARTESIAN_POINT('',(-17.049596566,6.387091088,0.014688893));
#2276=CARTESIAN_POINT('',(-16.973011611,6.392160883,0.125322661));
#2277=CARTESIAN_POINT('',(-16.940321442,6.394643189,0.18451542));
#2278=CARTESIAN_POINT('',(-16.887469316,6.399402114,0.30825603));
#2279=CARTESIAN_POINT('',(-16.867308817,6.401678601,0.372800465));
#2280=CARTESIAN_POINT('',(-16.840335228,6.405933451,0.504624254));
#2281=CARTESIAN_POINT('',(-16.833522882,6.407911697,0.571899969));
#2282=CARTESIAN_POINT('',(-16.833522898,6.409700715,0.639177539));
#2283=CARTESIAN_POINT('',(-17.14209352,6.49999999,-0.08326675));
#2284=CARTESIAN_POINT('',(-17.093489239,6.49999999,-0.036749061));
#2285=CARTESIAN_POINT('',(-17.049596567,6.49999999,0.014688893));
#2286=CARTESIAN_POINT('',(-16.973011612,6.49999999,0.125322661));
#2287=CARTESIAN_POINT('',(-16.940321443,6.49999999,0.184515419));
#2288=CARTESIAN_POINT('',(-16.887469316,6.49999999,0.308256029));
#2289=CARTESIAN_POINT('',(-16.867308818,6.499999991,0.372800465));
#2290=CARTESIAN_POINT('',(-16.840335229,6.499999991,0.504624254));
#2291=CARTESIAN_POINT('',(-16.833522883,6.499999992,0.571899968));
#2292=CARTESIAN_POINT('',(-16.833522899,6.499999992,0.639177539));
#2293=B_SPLINE_SURFACE_WITH_KNOTS('',3,3,((#2173,#2174,#2175,#2176,#2177,#2178,#2179,#2180,#2181,#2182),(#2183,#2184,#2185,#2186,#2187,#2188,#2189,#2190,#2191,#2192),(#2193,#2194,#2195,#2196,#2197,#2198,#2199,#2200,#2201,#2202),(#2203,#2204,#2205,#2206,#2207,#2208,#2209,#2210,#2211,#2212),(#2213,#2214,#2215,#2216,#2217,#2218,#2219,#2220,#2221,#2222),(#2223,#2224,#2225,#2226,#2227,#2228,#2229,#2230,#2231,#2232),(#2233,#2234,#2235,#2236,#2237,#2238,#2239,#2240,#2241,#2242),(#2243,#2244,#2245,#2246,#2247,#2248,#2249,#2250,#2251,#2252),(#2253,#2254,#2255,#2256,#2257,#2258,#2259,#2260,#2261,#2262),(#2263,#2264,#2265,#2266,#2267,#2268,#2269,#2270,#2271,#2272),(#2273,#2274,#2275,#2276,#2277,#2278,#2279,#2280,#2281,#2282),(#2283,#2284,#2285,#2286,#2287,#2288,#2289,#2290,#2291,#2292)),.UNSPECIFIED.,.F.,.F.,.U.,(4,2,2,2,2,4),(4,2,2,2,4),(0.,0.000708673,0.001417347,0.00212602,0.002480356,0.002834693),(0.,0.25,0.5,0.75,1.),.UNSPECIFIED.);
#2294=ORIENTED_EDGE('',*,*,#304,.F.);
#2295=ORIENTED_EDGE('',*,*,#2153,.F.);
#2296=CARTESIAN_POINT('',(-16.934664741,3.886123883,1.));
#2297=DIRECTION('',(-0.615029675,0.788503963,0.));
#2298=DIRECTION('',(-0.788503963,-0.615029675,0.));
#2299=AXIS2_PLACEMENT_3D('',#2296,#2297,#2298);
#2300=CIRCLE('',#2299,1.);
#2301=EDGE_CURVE('2490503',#1556,#876,#2300,.T.);
#2302=ORIENTED_EDGE('',*,*,#2301,.F.);
#2303=ORIENTED_EDGE('',*,*,#1571,.F.);
#2304=EDGE_LOOP('',(#2294,#2295,#2302,#2303));
#2305=FACE_BOUND('',#2304,.T.);
#2306=ADVANCED_FACE('2490494',(#2305),#2293,.F.);
#2307=CARTESIAN_POINT('',(-13.583522899,6.5,1.));
#2308=DIRECTION('',(-0.,-0.,1.));
#2309=DIRECTION('',(1.,0.,0.));
#2310=AXIS2_PLACEMENT_3D('',#2307,#2308,#2309);
#2311=TOROIDAL_SURFACE('',#2310,4.25,1.);
#2312=ORIENTED_EDGE('',*,*,#526,.F.);
#2313=ORIENTED_EDGE('',*,*,#1578,.F.);
#2314=ORIENTED_EDGE('',*,*,#2301,.T.);
#2315=ORIENTED_EDGE('',*,*,#882,.F.);
#2316=EDGE_LOOP('',(#2312,#2313,#2314,#2315));
#2317=FACE_BOUND('',#2316,.T.);
#2318=ADVANCED_FACE('2491069',(#2317),#2311,.F.);
#2319=OPEN_SHELL('',(#94,#134,#174,#207,#238,#262,#596,#795,#812,#837,#868,#908,#948,#970,#987,#1010,#1028,#1059,#1083,#1107,#1124,#1161,#1198,#1223,#1255,#1285,
#1315,#1332,#1397,#1414,#1439,#1464,#1489,#1514,#1531,#1548,#1590,#1616,#1629,#1664,#1676,#1688,#1728,#1768,#1799,#1821,#1833,#1855,#1872,#1884,#1901,
#1913,#1931,#1949,#1961,#1985,#2002,#2014,#2038,#2055,#2067,#2079,#2103,#2120,#2132,#2160,#2172,#2306,#2318));
#2320=SHELL_BASED_SURFACE_MODEL('\X2\04220432043504400434043E0435\X0\ \X2\04420435043B043E\X0\',(#2319));
#2321=COLOUR_RGB('',0.447058827,0.447058827,0.447058827);
#2322=FILL_AREA_STYLE_COLOUR('',#2321);
#2323=FILL_AREA_STYLE('',(#2322));
#2324=SURFACE_STYLE_FILL_AREA(#2323);
#2325=SURFACE_SIDE_STYLE('',(#2324));
#2326=SURFACE_STYLE_USAGE(.BOTH.,#2325);
#2327=PRESENTATION_STYLE_ASSIGNMENT((#2326));
#54=STYLED_ITEM('',(#2327),#2320);
#35=SHAPE_REPRESENTATION('AEH-W4G1',(#15),#33);
#40=MANIFOLD_SURFACE_SHAPE_REPRESENTATION('AEH-W4G1',(#2320),#33);
#2335=SHAPE_REPRESENTATION_RELATIONSHIP('','',#35,#40);
#2336=CARTESIAN_POINT('',(0.,0.,0.));
#2337=DIRECTION('',(0.,0.,1.));
#2338=DIRECTION('',(1.,0.,0.));
#2339=AXIS2_PLACEMENT_3D('',#2336,#2337,#2338);
#2341=MAPPED_ITEM('',#2340,#2339);
#2340=REPRESENTATION_MAP(#2339,#35);
#2342=APPLICATION_CONTEXT('Managed model based 3d engineering');
#2343=APPLICATION_PROTOCOL_DEFINITION('international standard','ap242_managed_model_based_3d_engineering',2019,#2342);
#2344=PRODUCT_CONTEXT('',#2342,'mechanical');
#2345=PRODUCT_DEFINITION_CONTEXT('part definition',#2342,'design');
#43=PRODUCT('AEH-W4G1','AEH-W4G1','',(#2344));
#2346=PRODUCT_RELATED_PRODUCT_CATEGORY('part','',(#43));
#2347=PRODUCT_DEFINITION_FORMATION_WITH_SPECIFIED_SOURCE('','',#43,.NOT_KNOWN.);
#44=PRODUCT_DEFINITION('design','',#2347,#2345);
#42=PRODUCT_DEFINITION_SHAPE('','',#44);
#2348=SHAPE_DEFINITION_REPRESENTATION(#42,#35);
#34=DRAUGHTING_MODEL('',(#2341),#33);
#2349=(NAMED_UNIT(*)PLANE_ANGLE_UNIT()SI_UNIT($,.RADIAN.));
#2350=PLANE_ANGLE_MEASURE_WITH_UNIT(PLANE_ANGLE_MEASURE(0.0174532925),#2349);
#2351=(CONVERSION_BASED_UNIT('DEGREE',#2350)NAMED_UNIT(#2352)PLANE_ANGLE_UNIT());
#2352=DIMENSIONAL_EXPONENTS(0.,0.,0.,0.,0.,0.,0.);
#2353=(NAMED_UNIT(*)SI_UNIT($,.STERADIAN.)SOLID_ANGLE_UNIT());
#2354=(LENGTH_UNIT()NAMED_UNIT(*)SI_UNIT(.MILLI.,.METRE.));
#2355=UNCERTAINTY_MEASURE_WITH_UNIT(LENGTH_MEASURE(1.000000E-05),#2354,'DISTANCE_ACCURACY_VALUE','Maximum Tolerance applied to model');
#2356=(GEOMETRIC_REPRESENTATION_CONTEXT(3)GLOBAL_UNCERTAINTY_ASSIGNED_CONTEXT((#2355))GLOBAL_UNIT_ASSIGNED_CONTEXT((#2354,#2351,#2353))REPRESENTATION_CONTEXT('','\X2\041A043E043C043F043E043D0435043D0442\X0\1'));
#2368=CARTESIAN_POINT('',(0.,12.,0.));
#2369=DIRECTION('',(0.,0.,1.));
#2370=DIRECTION('',(1.,0.,-0.));
#2371=AXIS2_PLACEMENT_3D('',#2368,#2369,#2370);
#2372=ITEM_DEFINED_TRANSFORMATION('','',#2371,#15);
#2373=(REPRESENTATION_RELATIONSHIP('','',#2358,#16)REPRESENTATION_RELATIONSHIP_WITH_TRANSFORMATION(#2372)SHAPE_REPRESENTATION_RELATIONSHIP());
#2374=NEXT_ASSEMBLY_USAGE_OCCURRENCE('\X2\041A043E043C043F043E043D0435043D0442\X0\1_2','\X2\041A043E043C043F043E043D0435043D0442\X0\1','\X2\041A043E043C043F043E043D0435043D0442\X0\1',#25,#2367,$);
#2375=PRODUCT_DEFINITION_SHAPE('','',#2374);
#2376=CONTEXT_DEPENDENT_SHAPE_REPRESENTATION(#2373,#2375);
#2378=CARTESIAN_POINT('',(-9.,-5.,-48.));
#2379=DIRECTION('',(0.,-1.,0.));
#2380=DIRECTION('',(-1.,-0.,0.));
#2381=AXIS2_PLACEMENT_3D('',#2378,#2379,#2380);
#2382=PLANE('',#2381);
#2383=CARTESIAN_POINT('',(-20.,-5.,-50.));
#2384=VERTEX_POINT('2489389',#2383);
#2385=CARTESIAN_POINT('',(-9.,-5.,-50.));
#2386=VERTEX_POINT('2489387',#2385);
#2387=CARTESIAN_POINT('',(-20.,-5.,-50.));
#2388=DIRECTION('',(1.,0.,-0.));
#2389=VECTOR('',#2388,11.);
#2390=LINE('',#2387,#2389);
#2391=EDGE_CURVE('2489137',#2384,#2386,#2390,.T.);
#2392=ORIENTED_EDGE('',*,*,#2391,.F.);
#2393=CARTESIAN_POINT('',(-20.,-5.,-49.));
#2394=VERTEX_POINT('2489391',#2393);
#2395=CARTESIAN_POINT('',(-20.,-5.,-49.));
#2396=DIRECTION('',(0.,0.,-1.));
#2397=VECTOR('',#2396,1.);
#2398=LINE('',#2395,#2397);
#2399=EDGE_CURVE('2489131',#2394,#2384,#2398,.T.);
#2400=ORIENTED_EDGE('',*,*,#2399,.F.);
#2401=CARTESIAN_POINT('',(-9.,-5.,-49.));
#2402=VERTEX_POINT('2489385',#2401);
#2403=CARTESIAN_POINT('',(-9.,-5.,-49.));
#2404=DIRECTION('',(-1.,0.,0.));
#2405=VECTOR('',#2404,11.);
#2406=LINE('',#2403,#2405);
#2407=EDGE_CURVE('2489127',#2402,#2394,#2406,.T.);
#2408=ORIENTED_EDGE('',*,*,#2407,.F.);
#2409=CARTESIAN_POINT('',(-9.,-5.,-49.));
#2410=DIRECTION('',(0.,0.,-1.));
#2411=VECTOR('',#2410,1.);
#2412=LINE('',#2409,#2411);
#2413=EDGE_CURVE('2489141',#2402,#2386,#2412,.T.);
#2414=ORIENTED_EDGE('',*,*,#2413,.T.);
#2415=EDGE_LOOP('',(#2392,#2400,#2408,#2414));
#2416=FACE_BOUND('',#2415,.T.);
#2417=ADVANCED_FACE('2489289',(#2416),#2382,.F.);
#2418=CARTESIAN_POINT('',(-9.,0.,-48.));
#2419=DIRECTION('',(1.,0.,0.));
#2420=DIRECTION('',(0.,-1.,0.));
#2421=AXIS2_PLACEMENT_3D('',#2418,#2419,#2420);
#2422=PLANE('',#2421);
#2423=CARTESIAN_POINT('',(-9.,0.,-50.));
#2424=VERTEX_POINT('2489409',#2423);
#2425=CARTESIAN_POINT('',(-9.,-5.,-50.));
#2426=DIRECTION('',(0.,1.,0.));
#2427=VECTOR('',#2426,5.);
#2428=LINE('',#2425,#2427);
#2429=EDGE_CURVE('2489121',#2386,#2424,#2428,.T.);
#2430=ORIENTED_EDGE('',*,*,#2429,.F.);
#2431=ORIENTED_EDGE('',*,*,#2413,.F.);
#2432=CARTESIAN_POINT('',(-9.,0.,-49.));
#2433=VERTEX_POINT('2489381',#2432);
#2434=CARTESIAN_POINT('',(-9.,0.,-49.));
#2435=DIRECTION('',(-0.,-1.,0.));
#2436=VECTOR('',#2435,5.);
#2437=LINE('',#2434,#2436);
#2438=EDGE_CURVE('2489133',#2433,#2402,#2437,.T.);
#2439=ORIENTED_EDGE('',*,*,#2438,.F.);
#2440=CARTESIAN_POINT('',(-9.,0.,-49.));
#2441=DIRECTION('',(-0.,0.,-1.));
#2442=VECTOR('',#2441,1.);
#2443=LINE('',#2440,#2442);
#2444=EDGE_CURVE('2489153',#2433,#2424,#2443,.T.);
#2445=ORIENTED_EDGE('',*,*,#2444,.T.);
#2446=EDGE_LOOP('',(#2430,#2431,#2439,#2445));
#2447=FACE_BOUND('',#2446,.T.);
#2448=ADVANCED_FACE('2489279',(#2447),#2422,.F.);
#2449=CARTESIAN_POINT('',(-20.,-5.,-48.));
#2450=DIRECTION('',(-1.,0.,0.));
#2451=DIRECTION('',(0.,1.,0.));
#2452=AXIS2_PLACEMENT_3D('',#2449,#2450,#2451);
#2453=PLANE('',#2452);
#2454=CARTESIAN_POINT('',(-20.,0.,-50.));
#2455=VERTEX_POINT('2489407',#2454);
#2456=CARTESIAN_POINT('',(-20.,0.,-50.));
#2457=DIRECTION('',(0.,-1.,0.));
#2458=VECTOR('',#2457,5.);
#2459=LINE('',#2456,#2458);
#2460=EDGE_CURVE('2489125',#2455,#2384,#2459,.T.);
#2461=ORIENTED_EDGE('',*,*,#2460,.F.);
#2462=CARTESIAN_POINT('',(-20.,0.,-49.));
#2463=VERTEX_POINT('2489403',#2462);
#2464=CARTESIAN_POINT('',(-20.,0.,-49.));
#2465=DIRECTION('',(0.,0.,-1.));
#2466=VECTOR('',#2465,1.);
#2467=LINE('',#2464,#2466);
#2468=EDGE_CURVE('2489175',#2463,#2455,#2467,.T.);
#2469=ORIENTED_EDGE('',*,*,#2468,.F.);
#2470=CARTESIAN_POINT('',(-20.,-5.,-49.));
#2471=DIRECTION('',(0.,1.,0.));
#2472=VECTOR('',#2471,5.);
#2473=LINE('',#2470,#2472);
#2474=EDGE_CURVE('2489129',#2394,#2463,#2473,.T.);
#2475=ORIENTED_EDGE('',*,*,#2474,.F.);
#2476=ORIENTED_EDGE('',*,*,#2399,.T.);
#2477=EDGE_LOOP('',(#2461,#2469,#2475,#2476));
#2478=FACE_BOUND('',#2477,.T.);
#2479=ADVANCED_FACE('2489281',(#2478),#2453,.F.);
#2480=CARTESIAN_POINT('',(-20.98483033,1.,-1.594923074));
#2481=DIRECTION('',(0.,-1.,-0.));
#2482=DIRECTION('',(-0.91698313,-0.,0.398925981));
#2483=AXIS2_PLACEMENT_3D('',#2480,#2481,#2482);
#2484=CYLINDRICAL_SURFACE('',#2483,4.75);
#2485=CARTESIAN_POINT('',(-25.735058655,-0.,-1.55525568));
#2486=VERTEX_POINT('3202904',#2485);
#2487=CARTESIAN_POINT('',(-25.734760066,-5.5,-1.555260037));
#2488=VERTEX_POINT('3204210',#2487);
#2489=CARTESIAN_POINT('',(-25.734664741,-0.,-1.555261158));
#2490=DIRECTION('',(0.,-1.,-0.));
#2491=VECTOR('',#2490,5.5);
#2492=LINE('',#2489,#2491);
#2493=EDGE_CURVE('3202912',#2486,#2488,#2492,.T.);
#2494=ORIENTED_EDGE('',*,*,#2493,.F.);
#2495=CARTESIAN_POINT('',(-16.234414561,0.,-1.597748927));
#2496=VERTEX_POINT('3202946',#2495);
#2497=CARTESIAN_POINT('',(-20.98483033,-0.,-1.594923074));
#2498=DIRECTION('',(-0.,1.,0.));
#2499=DIRECTION('',(-0.91698313,-0.,0.398925981));
#2500=AXIS2_PLACEMENT_3D('',#2497,#2498,#2499);
#2501=CIRCLE('',#2500,4.75);
#2502=EDGE_CURVE('2488971',#2496,#2486,#2501,.T.);
#2503=ORIENTED_EDGE('',*,*,#2502,.F.);
#2504=CARTESIAN_POINT('',(-16.234598954,-5.5,-1.595446805));
#2505=VERTEX_POINT('3204218',#2504);
#2506=CARTESIAN_POINT('',(-16.234664741,-5.5,-1.592965686));
#2507=DIRECTION('',(-0.,1.,0.));
#2508=VECTOR('',#2507,5.5);
#2509=LINE('',#2506,#2508);
#2510=EDGE_CURVE('3202939',#2505,#2496,#2509,.T.);
#2511=ORIENTED_EDGE('',*,*,#2510,.F.);
#2512=CARTESIAN_POINT('',(-25.734872169,-5.5,-1.595058364));
#2513=VERTEX_POINT('3204090',#2512);
#2514=CARTESIAN_POINT('',(-20.98483033,-5.5,-1.594923074));
#2515=DIRECTION('',(0.,-1.,-0.));
#2516=DIRECTION('',(-0.91698313,-0.,0.398925981));
#2517=AXIS2_PLACEMENT_3D('',#2514,#2515,#2516);
#2518=CIRCLE('',#2517,4.75);
#2519=EDGE_CURVE('3204022',#2513,#2505,#2518,.T.);
#2520=ORIENTED_EDGE('',*,*,#2519,.F.);
#2521=CARTESIAN_POINT('',(-25.734664741,-5.5,-1.555261158));
#2522=DIRECTION('',(0.,0.,-1.));
#2523=VECTOR('',#2522,0.040096164);
#2524=LINE('',#2521,#2523);
#2525=EDGE_CURVE('2489829',#2488,#2513,#2524,.T.);
#2526=ORIENTED_EDGE('',*,*,#2525,.F.);
#2527=EDGE_LOOP('',(#2494,#2503,#2511,#2520,#2526));
#2528=FACE_BOUND('',#2527,.T.);
#2529=ADVANCED_FACE('2493207',(#2528),#2484,.T.);
#2530=CARTESIAN_POINT('',(-25.734664741,-7.55,-1.592965686));
#2531=DIRECTION('',(-1.,-0.,0.));
#2532=DIRECTION('',(0.,-1.,0.));
#2533=AXIS2_PLACEMENT_3D('',#2530,#2531,#2532);
#2534=PLANE('',#2533);
#2535=CARTESIAN_POINT('',(-25.734664741,-5.5,-1.));
#2536=VERTEX_POINT('3204206',#2535);
#2537=CARTESIAN_POINT('',(-25.734664741,-5.5,-1.));
#2538=DIRECTION('',(-0.,0.,-1.));
#2539=VECTOR('',#2538,0.555258916);
#2540=LINE('',#2537,#2539);
#2541=EDGE_CURVE('3203867',#2536,#2488,#2540,.T.);
#2542=ORIENTED_EDGE('',*,*,#2541,.F.);
#2543=CARTESIAN_POINT('',(-25.734664741,-0.,-1.));
#2544=VERTEX_POINT('3202898',#2543);
#2545=CARTESIAN_POINT('',(-25.734664741,-5.5,-1.));
#2546=DIRECTION('',(-0.,1.,-0.));
#2547=VECTOR('',#2546,5.5);
#2548=LINE('',#2545,#2547);
#2549=EDGE_CURVE('3202899',#2536,#2544,#2548,.T.);
#2550=ORIENTED_EDGE('',*,*,#2549,.T.);
#2551=CARTESIAN_POINT('',(-25.734664741,0.,-1.555261158));
#2552=DIRECTION('',(0.,-0.,1.));
#2553=VECTOR('',#2552,0.555261158);
#2554=LINE('',#2551,#2553);
#2555=EDGE_CURVE('3202905',#2486,#2544,#2554,.T.);
#2556=ORIENTED_EDGE('',*,*,#2555,.F.);
#2557=ORIENTED_EDGE('',*,*,#2493,.T.);
#2558=EDGE_LOOP('',(#2542,#2550,#2556,#2557));
#2559=FACE_BOUND('',#2558,.T.);
#2560=ADVANCED_FACE('3202936',(#2559),#2534,.T.);
#2561=CARTESIAN_POINT('',(-1.,-5.5,-1.));
#2562=DIRECTION('',(0.,0.,-1.));
#2563=DIRECTION('',(-1.,-0.,-0.));
#2564=AXIS2_PLACEMENT_3D('',#2561,#2562,#2563);
#2565=PLANE('',#2564);
#2566=ORIENTED_EDGE('',*,*,#2549,.F.);
#2567=CARTESIAN_POINT('',(-28.,-5.5,-1.));
#2568=VERTEX_POINT('2489341',#2567);
#2569=CARTESIAN_POINT('',(-25.734664741,-5.5,-1.));
#2570=DIRECTION('',(-1.,0.,-0.));
#2571=VECTOR('',#2570,2.265335259);
#2572=LINE('',#2569,#2571);
#2573=EDGE_CURVE('2489583',#2536,#2568,#2572,.T.);
#2574=ORIENTED_EDGE('',*,*,#2573,.T.);
#2575=CARTESIAN_POINT('',(-28.,-0.,-1.));
#2576=VERTEX_POINT('2489383',#2575);
#2577=CARTESIAN_POINT('',(-28.,-5.5,-1.));
#2578=DIRECTION('',(0.,1.,0.));
#2579=VECTOR('',#2578,5.5);
#2580=LINE('',#2577,#2579);
#2581=EDGE_CURVE('2489145',#2568,#2576,#2580,.T.);
#2582=ORIENTED_EDGE('',*,*,#2581,.T.);
#2583=CARTESIAN_POINT('',(-28.,-0.,-1.));
#2584=DIRECTION('',(1.,-0.,0.));
#2585=VECTOR('',#2584,2.265335259);
#2586=LINE('',#2583,#2585);
#2587=EDGE_CURVE('2489147',#2576,#2544,#2586,.T.);
#2588=ORIENTED_EDGE('',*,*,#2587,.T.);
#2589=EDGE_LOOP('',(#2566,#2574,#2582,#2588));
#2590=FACE_BOUND('',#2589,.T.);
#2591=ADVANCED_FACE('2489275',(#2590),#2565,.T.);
#2592=CARTESIAN_POINT('',(-28.,-5.5,-1.));
#2593=DIRECTION('',(1.,0.,0.));
#2594=DIRECTION('',(0.,0.,-1.));
#2595=AXIS2_PLACEMENT_3D('',#2592,#2593,#2594);
#2596=PLANE('',#2595);
#2597=CARTESIAN_POINT('',(-28.,0.,-49.));
#2598=VERTEX_POINT('2489405',#2597);
#2599=CARTESIAN_POINT('',(-28.,0.,-49.));
#2600=DIRECTION('',(0.,-0.,1.));
#2601=VECTOR('',#2600,48.);
#2602=LINE('',#2599,#2601);
#2603=EDGE_CURVE('2489149',#2598,#2576,#2602,.T.);
#2604=ORIENTED_EDGE('',*,*,#2603,.T.);
#2605=ORIENTED_EDGE('',*,*,#2581,.F.);
#2606=CARTESIAN_POINT('',(-28.,-5.5,-49.));
#2607=VERTEX_POINT('2489339',#2606);
#2608=CARTESIAN_POINT('',(-28.,-5.5,-1.));
#2609=DIRECTION('',(0.,0.,-1.));
#2610=VECTOR('',#2609,48.);
#2611=LINE('',#2608,#2610);
#2612=EDGE_CURVE('2489215',#2568,#2607,#2611,.T.);
#2613=ORIENTED_EDGE('',*,*,#2612,.T.);
#2614=CARTESIAN_POINT('',(-28.,-5.5,-49.));
#2615=DIRECTION('',(0.,1.,0.));
#2616=VECTOR('',#2615,5.5);
#2617=LINE('',#2614,#2616);
#2618=EDGE_CURVE('2489143',#2607,#2598,#2617,.T.);
#2619=ORIENTED_EDGE('',*,*,#2618,.T.);
#2620=EDGE_LOOP('',(#2604,#2605,#2613,#2619));
#2621=FACE_BOUND('',#2620,.T.);
#2622=ADVANCED_FACE('2489277',(#2621),#2596,.T.);
#2623=CARTESIAN_POINT('',(-28.,-5.5,-49.));
#2624=DIRECTION('',(0.,0.,1.));
#2625=DIRECTION('',(1.,-0.,0.));
#2626=AXIS2_PLACEMENT_3D('',#2623,#2624,#2625);
#2627=PLANE('',#2626);
#2628=ORIENTED_EDGE('',*,*,#2474,.T.);
#2629=CARTESIAN_POINT('',(-20.,0.,-49.));
#2630=DIRECTION('',(-1.,-0.,0.));
#2631=VECTOR('',#2630,8.);
#2632=LINE('',#2629,#2631);
#2633=EDGE_CURVE('2489151',#2463,#2598,#2632,.T.);
#2634=ORIENTED_EDGE('',*,*,#2633,.T.);
#2635=ORIENTED_EDGE('',*,*,#2618,.F.);
#2636=CARTESIAN_POINT('',(-1.,-5.5,-49.));
#2637=VERTEX_POINT('2489337',#2636);
#2638=CARTESIAN_POINT('',(-28.,-5.5,-49.));
#2639=DIRECTION('',(1.,0.,-0.));
#2640=VECTOR('',#2639,27.);
#2641=LINE('',#2638,#2640);
#2642=EDGE_CURVE('2489217',#2607,#2637,#2641,.T.);
#2643=ORIENTED_EDGE('',*,*,#2642,.T.);
#2644=CARTESIAN_POINT('',(-1.,0.,-49.));
#2645=VERTEX_POINT('2489401',#2644);
#2646=CARTESIAN_POINT('',(-1.,-5.5,-49.));
#2647=DIRECTION('',(0.,1.,0.));
#2648=VECTOR('',#2647,5.5);
#2649=LINE('',#2646,#2648);
#2650=EDGE_CURVE('2489135',#2637,#2645,#2649,.T.);
#2651=ORIENTED_EDGE('',*,*,#2650,.T.);
#2652=CARTESIAN_POINT('',(-1.,0.,-49.));
#2653=DIRECTION('',(-1.,-0.,0.));
#2654=VECTOR('',#2653,8.);
#2655=LINE('',#2652,#2654);
#2656=EDGE_CURVE('2489155',#2645,#2433,#2655,.T.);
#2657=ORIENTED_EDGE('',*,*,#2656,.T.);
#2658=ORIENTED_EDGE('',*,*,#2438,.T.);
#2659=ORIENTED_EDGE('',*,*,#2407,.T.);
#2660=EDGE_LOOP('',(#2628,#2634,#2635,#2643,#2651,#2657,#2658,#2659));
#2661=FACE_BOUND('',#2660,.T.);
#2662=ADVANCED_FACE('2489283',(#2661),#2627,.T.);
#2663=CARTESIAN_POINT('',(-1.,-5.5,-49.));
#2664=DIRECTION('',(-1.,0.,-0.));
#2665=DIRECTION('',(-0.,-0.,1.));
#2666=AXIS2_PLACEMENT_3D('',#2663,#2664,#2665);
#2667=PLANE('',#2666);
#2668=CARTESIAN_POINT('',(-1.,-0.,-1.));
#2669=VERTEX_POINT('2489399',#2668);
#2670=CARTESIAN_POINT('',(-1.,0.,-1.));
#2671=DIRECTION('',(0.,0.,-1.));
#2672=VECTOR('',#2671,48.);
#2673=LINE('',#2670,#2672);
#2674=EDGE_CURVE('2489157',#2669,#2645,#2673,.T.);
#2675=ORIENTED_EDGE('',*,*,#2674,.T.);
#2676=ORIENTED_EDGE('',*,*,#2650,.F.);
#2677=CARTESIAN_POINT('',(-1.,-5.5,-1.));
#2678=VERTEX_POINT('2489335',#2677);
#2679=CARTESIAN_POINT('',(-1.,-5.5,-49.));
#2680=DIRECTION('',(-0.,-0.,1.));
#2681=VECTOR('',#2680,48.);
#2682=LINE('',#2679,#2681);
#2683=EDGE_CURVE('2489219',#2637,#2678,#2682,.T.);
#2684=ORIENTED_EDGE('',*,*,#2683,.T.);
#2685=CARTESIAN_POINT('',(-1.,-5.5,-1.));
#2686=DIRECTION('',(0.,1.,0.));
#2687=VECTOR('',#2686,5.5);
#2688=LINE('',#2685,#2687);
#2689=EDGE_CURVE('2489123',#2678,#2669,#2688,.T.);
#2690=ORIENTED_EDGE('',*,*,#2689,.T.);
#2691=EDGE_LOOP('',(#2675,#2676,#2684,#2690));
#2692=FACE_BOUND('',#2691,.T.);
#2693=ADVANCED_FACE('2489285',(#2692),#2667,.T.);
#2694=CARTESIAN_POINT('',(-1.,-9.5,-1.));
#2695=DIRECTION('',(0.,-1.,-0.));
#2696=DIRECTION('',(1.,0.,-0.));
#2697=AXIS2_PLACEMENT_3D('',#2694,#2695,#2696);
#2698=CYLINDRICAL_SURFACE('',#2697,1.);
#2699=CARTESIAN_POINT('',(0.,-5.5,-1.));
#2700=VERTEX_POINT('2489329',#2699);
#2701=CARTESIAN_POINT('',(0.,1.,-1.));
#2702=VERTEX_POINT('2489418',#2701);
#2703=CARTESIAN_POINT('',(0.,-5.5,-1.));
#2704=DIRECTION('',(0.,1.,0.));
#2705=VECTOR('',#2704,6.5);
#2706=LINE('',#2703,#2705);
#2707=EDGE_CURVE('2489161',#2700,#2702,#2706,.T.);
#2708=ORIENTED_EDGE('',*,*,#2707,.T.);
#2709=CARTESIAN_POINT('',(-1.,1.,-0.));
#2710=VERTEX_POINT('2489413',#2709);
#2711=CARTESIAN_POINT('',(-1.,1.,-1.));
#2712=DIRECTION('',(0.,-1.,-0.));
#2713=DIRECTION('',(0.,-0.,1.));
#2714=AXIS2_PLACEMENT_3D('',#2711,#2712,#2713);
#2715=CIRCLE('',#2714,1.);
#2716=EDGE_CURVE('2489097',#2702,#2710,#2715,.T.);
#2717=ORIENTED_EDGE('',*,*,#2716,.T.);
#2718=CARTESIAN_POINT('',(-1.,-5.5,-0.));
#2719=VERTEX_POINT('2489393',#2718);
#2720=CARTESIAN_POINT('',(-1.,-5.5,-0.));
#2721=DIRECTION('',(-0.,1.,0.));
#2722=VECTOR('',#2721,6.5);
#2723=LINE('',#2720,#2722);
#2724=EDGE_CURVE('2489171',#2719,#2710,#2723,.T.);
#2725=ORIENTED_EDGE('',*,*,#2724,.F.);
#2726=CARTESIAN_POINT('',(-1.,-5.5,-1.));
#2727=DIRECTION('',(0.,1.,0.));
#2728=DIRECTION('',(0.,-0.,1.));
#2729=AXIS2_PLACEMENT_3D('',#2726,#2727,#2728);
#2730=CIRCLE('',#2729,1.);
#2731=EDGE_CURVE('2489225',#2719,#2700,#2730,.T.);
#2732=ORIENTED_EDGE('',*,*,#2731,.T.);
#2733=EDGE_LOOP('',(#2708,#2717,#2725,#2732));
#2734=FACE_BOUND('',#2733,.T.);
#2735=ADVANCED_FACE('2489259',(#2734),#2698,.T.);
#2736=CARTESIAN_POINT('',(0.,0.,0.));
#2737=DIRECTION('',(1.,-0.,0.));
#2738=DIRECTION('',(0.,0.,-1.));
#2739=AXIS2_PLACEMENT_3D('',#2736,#2737,#2738);
#2740=PLANE('',#2739);
#2741=CARTESIAN_POINT('',(0.,-5.5,-49.));
#2742=VERTEX_POINT('2489327',#2741);
#2743=CARTESIAN_POINT('',(0.,1.,-49.));
#2744=VERTEX_POINT('2489415',#2743);
#2745=CARTESIAN_POINT('',(0.,-5.5,-49.));
#2746=DIRECTION('',(-0.,1.,0.));
#2747=VECTOR('',#2746,6.5);
#2748=LINE('',#2745,#2747);
#2749=EDGE_CURVE('2489177',#2742,#2744,#2748,.T.);
#2750=ORIENTED_EDGE('',*,*,#2749,.T.);
#2751=CARTESIAN_POINT('',(0.,1.,-1.));
#2752=DIRECTION('',(0.,0.,-1.));
#2753=VECTOR('',#2752,48.);
#2754=LINE('',#2751,#2753);
#2755=EDGE_CURVE('2489095',#2702,#2744,#2754,.T.);
#2756=ORIENTED_EDGE('',*,*,#2755,.F.);
#2757=ORIENTED_EDGE('',*,*,#2707,.F.);
#2758=CARTESIAN_POINT('',(0.,-5.5,-1.));
#2759=DIRECTION('',(0.,0.,-1.));
#2760=VECTOR('',#2759,48.);
#2761=LINE('',#2758,#2760);
#2762=EDGE_CURVE('2489227',#2700,#2742,#2761,.T.);
#2763=ORIENTED_EDGE('',*,*,#2762,.T.);
#2764=EDGE_LOOP('',(#2750,#2756,#2757,#2763));
#2765=FACE_BOUND('',#2764,.T.);
#2766=ADVANCED_FACE('2489273',(#2765),#2740,.T.);
#2767=CARTESIAN_POINT('',(-1.,-9.5,-49.));
#2768=DIRECTION('',(0.,-1.,-0.));
#2769=DIRECTION('',(-0.,0.,-1.));
#2770=AXIS2_PLACEMENT_3D('',#2767,#2768,#2769);
#2771=CYLINDRICAL_SURFACE('',#2770,1.);
#2772=CARTESIAN_POINT('',(-1.,-5.5,-50.));
#2773=VERTEX_POINT('2489325',#2772);
#2774=CARTESIAN_POINT('',(-1.,1.,-50.));
#2775=VERTEX_POINT('2489316',#2774);
#2776=CARTESIAN_POINT('',(-1.,-5.5,-50.));
#2777=DIRECTION('',(0.,1.,0.));
#2778=VECTOR('',#2777,6.5);
#2779=LINE('',#2776,#2778);
#2780=EDGE_CURVE('2489165',#2773,#2775,#2779,.T.);
#2781=ORIENTED_EDGE('',*,*,#2780,.T.);
#2782=CARTESIAN_POINT('',(-1.,1.,-49.));
#2783=DIRECTION('',(0.,-1.,-0.));
#2784=DIRECTION('',(1.,0.,-0.));
#2785=AXIS2_PLACEMENT_3D('',#2782,#2783,#2784);
#2786=CIRCLE('',#2785,1.);
#2787=EDGE_CURVE('2489109',#2775,#2744,#2786,.T.);
#2788=ORIENTED_EDGE('',*,*,#2787,.T.);
#2789=ORIENTED_EDGE('',*,*,#2749,.F.);
#2790=CARTESIAN_POINT('',(-1.,-5.5,-49.));
#2791=DIRECTION('',(0.,1.,0.));
#2792=DIRECTION('',(0.,-0.,1.));
#2793=AXIS2_PLACEMENT_3D('',#2790,#2791,#2792);
#2794=CIRCLE('',#2793,1.);
#2795=EDGE_CURVE('2489229',#2742,#2773,#2794,.T.);
#2796=ORIENTED_EDGE('',*,*,#2795,.T.);
#2797=EDGE_LOOP('',(#2781,#2788,#2789,#2796));
#2798=FACE_BOUND('',#2797,.T.);
#2799=ADVANCED_FACE('2489263',(#2798),#2771,.T.);
#2800=CARTESIAN_POINT('',(0.,0.,-50.));
#2801=DIRECTION('',(0.,0.,-1.));
#2802=DIRECTION('',(-1.,-0.,0.));
#2803=AXIS2_PLACEMENT_3D('',#2800,#2801,#2802);
#2804=PLANE('',#2803);
#2805=CARTESIAN_POINT('',(-9.,0.,-50.));
#2806=DIRECTION('',(-1.,-0.,0.));
#2807=VECTOR('',#2806,11.);
#2808=LINE('',#2805,#2807);
#2809=EDGE_CURVE('2489091',#2424,#2455,#2808,.T.);
#2810=ORIENTED_EDGE('',*,*,#2809,.T.);
#2811=ORIENTED_EDGE('',*,*,#2460,.T.);
#2812=ORIENTED_EDGE('',*,*,#2391,.T.);
#2813=ORIENTED_EDGE('',*,*,#2429,.T.);
#2814=EDGE_LOOP('',(#2810,#2811,#2812,#2813));
#2815=FACE_BOUND('',#2814,.T.);
#2816=CARTESIAN_POINT('',(-28.,-5.5,-50.));
#2817=VERTEX_POINT('2489323',#2816);
#2818=CARTESIAN_POINT('',(-28.,1.,-50.));
#2819=VERTEX_POINT('2489422',#2818);
#2820=CARTESIAN_POINT('',(-28.,-5.5,-50.));
#2821=DIRECTION('',(0.,1.,0.));
#2822=VECTOR('',#2821,6.5);
#2823=LINE('',#2820,#2822);
#2824=EDGE_CURVE('2489173',#2817,#2819,#2823,.T.);
#2825=ORIENTED_EDGE('',*,*,#2824,.T.);
#2826=CARTESIAN_POINT('',(-1.,1.,-50.));
#2827=DIRECTION('',(-1.,0.,0.));
#2828=VECTOR('',#2827,27.);
#2829=LINE('',#2826,#2828);
#2830=EDGE_CURVE('2489093',#2775,#2819,#2829,.T.);
#2831=ORIENTED_EDGE('',*,*,#2830,.F.);
#2832=ORIENTED_EDGE('',*,*,#2780,.F.);
#2833=CARTESIAN_POINT('',(-1.,-5.5,-50.));
#2834=DIRECTION('',(-1.,0.,0.));
#2835=VECTOR('',#2834,27.);
#2836=LINE('',#2833,#2835);
#2837=EDGE_CURVE('2489231',#2773,#2817,#2836,.T.);
#2838=ORIENTED_EDGE('',*,*,#2837,.T.);
#2839=EDGE_LOOP('',(#2825,#2831,#2832,#2838));
#2840=FACE_BOUND('',#2839,.T.);
#2841=ADVANCED_FACE('2489271',(#2815,#2840),#2804,.T.);
#2842=CARTESIAN_POINT('',(-28.,-9.5,-49.));
#2843=DIRECTION('',(0.,-1.,0.));
#2844=DIRECTION('',(-1.,0.,0.));
#2845=AXIS2_PLACEMENT_3D('',#2842,#2843,#2844);
#2846=CYLINDRICAL_SURFACE('',#2845,1.);
#2847=CARTESIAN_POINT('',(-29.,-5.5,-49.));
#2848=VERTEX_POINT('2489321',#2847);
#2849=CARTESIAN_POINT('',(-29.,1.,-49.));
#2850=VERTEX_POINT('2489411',#2849);
#2851=CARTESIAN_POINT('',(-29.,-5.5,-49.));
#2852=DIRECTION('',(0.,1.,0.));
#2853=VECTOR('',#2852,6.5);
#2854=LINE('',#2851,#2853);
#2855=EDGE_CURVE('2489167',#2848,#2850,#2854,.T.);
#2856=ORIENTED_EDGE('',*,*,#2855,.T.);
#2857=CARTESIAN_POINT('',(-28.,1.,-49.));
#2858=DIRECTION('',(0.,-1.,-0.));
#2859=DIRECTION('',(-0.,0.,-1.));
#2860=AXIS2_PLACEMENT_3D('',#2857,#2858,#2859);
#2861=CIRCLE('',#2860,1.);
#2862=EDGE_CURVE('2489105',#2850,#2819,#2861,.T.);
#2863=ORIENTED_EDGE('',*,*,#2862,.T.);
#2864=ORIENTED_EDGE('',*,*,#2824,.F.);
#2865=CARTESIAN_POINT('',(-28.,-5.5,-49.));
#2866=DIRECTION('',(0.,1.,0.));
#2867=DIRECTION('',(0.,-0.,1.));
#2868=AXIS2_PLACEMENT_3D('',#2865,#2866,#2867);
#2869=CIRCLE('',#2868,1.);
#2870=EDGE_CURVE('2489233',#2817,#2848,#2869,.T.);
#2871=ORIENTED_EDGE('',*,*,#2870,.T.);
#2872=EDGE_LOOP('',(#2856,#2863,#2864,#2871));
#2873=FACE_BOUND('',#2872,.T.);
#2874=ADVANCED_FACE('2489265',(#2873),#2846,.T.);
#2875=CARTESIAN_POINT('',(-29.,0.,-50.));
#2876=DIRECTION('',(-1.,0.,-0.));
#2877=DIRECTION('',(-0.,-0.,1.));
#2878=AXIS2_PLACEMENT_3D('',#2875,#2876,#2877);
#2879=PLANE('',#2878);
#2880=CARTESIAN_POINT('',(-29.,-5.5,-1.));
#2881=VERTEX_POINT('2489315',#2880);
#2882=CARTESIAN_POINT('',(-29.,1.,-1.));
#2883=VERTEX_POINT('2489420',#2882);
#2884=CARTESIAN_POINT('',(-29.,-5.5,-1.));
#2885=DIRECTION('',(0.,1.,0.));
#2886=VECTOR('',#2885,6.5);
#2887=LINE('',#2884,#2886);
#2888=EDGE_CURVE('2489169',#2881,#2883,#2887,.T.);
#2889=ORIENTED_EDGE('',*,*,#2888,.T.);
#2890=CARTESIAN_POINT('',(-29.,1.,-49.));
#2891=DIRECTION('',(0.,0.,1.));
#2892=VECTOR('',#2891,48.);
#2893=LINE('',#2890,#2892);
#2894=EDGE_CURVE('2489107',#2850,#2883,#2893,.T.);
#2895=ORIENTED_EDGE('',*,*,#2894,.F.);
#2896=ORIENTED_EDGE('',*,*,#2855,.F.);
#2897=CARTESIAN_POINT('',(-29.,-5.5,-49.));
#2898=DIRECTION('',(-0.,-0.,1.));
#2899=VECTOR('',#2898,48.);
#2900=LINE('',#2897,#2899);
#2901=EDGE_CURVE('2489235',#2848,#2881,#2900,.T.);
#2902=ORIENTED_EDGE('',*,*,#2901,.T.);
#2903=EDGE_LOOP('',(#2889,#2895,#2896,#2902));
#2904=FACE_BOUND('',#2903,.T.);
#2905=ADVANCED_FACE('2489267',(#2904),#2879,.T.);
#2906=CARTESIAN_POINT('',(-28.,-9.5,-1.));
#2907=DIRECTION('',(0.,-1.,-0.));
#2908=DIRECTION('',(0.,-0.,1.));
#2909=AXIS2_PLACEMENT_3D('',#2906,#2907,#2908);
#2910=CYLINDRICAL_SURFACE('',#2909,1.);
#2911=CARTESIAN_POINT('',(-28.,-5.5,-0.));
#2912=VERTEX_POINT('2489308',#2911);
#2913=CARTESIAN_POINT('',(-28.,1.,-0.));
#2914=VERTEX_POINT('2489317',#2913);
#2915=CARTESIAN_POINT('',(-28.,-5.5,-0.));
#2916=DIRECTION('',(0.,1.,0.));
#2917=VECTOR('',#2916,6.5);
#2918=LINE('',#2915,#2917);
#2919=EDGE_CURVE('2489163',#2912,#2914,#2918,.T.);
#2920=ORIENTED_EDGE('',*,*,#2919,.T.);
#2921=CARTESIAN_POINT('',(-28.,1.,-1.));
#2922=DIRECTION('',(0.,-1.,-0.));
#2923=DIRECTION('',(-1.,-0.,0.));
#2924=AXIS2_PLACEMENT_3D('',#2921,#2922,#2923);
#2925=CIRCLE('',#2924,1.);
#2926=EDGE_CURVE('2489103',#2914,#2883,#2925,.T.);
#2927=ORIENTED_EDGE('',*,*,#2926,.T.);
#2928=ORIENTED_EDGE('',*,*,#2888,.F.);
#2929=CARTESIAN_POINT('',(-28.,-5.5,-1.));
#2930=DIRECTION('',(0.,1.,0.));
#2931=DIRECTION('',(0.,-0.,1.));
#2932=AXIS2_PLACEMENT_3D('',#2929,#2930,#2931);
#2933=CIRCLE('',#2932,1.);
#2934=EDGE_CURVE('2489237',#2881,#2912,#2933,.T.);
#2935=ORIENTED_EDGE('',*,*,#2934,.T.);
#2936=EDGE_LOOP('',(#2920,#2927,#2928,#2935));
#2937=FACE_BOUND('',#2936,.T.);
#2938=ADVANCED_FACE('2489261',(#2937),#2910,.T.);
#2939=CARTESIAN_POINT('',(-0.,-0.,5.));
#2940=DIRECTION('',(-0.,-0.,1.));
#2941=DIRECTION('',(-1.,0.,-0.));
#2942=AXIS2_PLACEMENT_3D('',#2939,#2940,#2941);
#2943=PLANE('',#2942);
#2944=CARTESIAN_POINT('',(-16.833522899,-5.5,5.));
#2945=VERTEX_POINT('2489395',#2944);
#2946=CARTESIAN_POINT('',(-16.07498478,-5.5,5.));
#2947=VERTEX_POINT('2489345',#2946);
#2948=CARTESIAN_POINT('',(-16.833522899,-5.5,5.));
#2949=DIRECTION('',(1.,-0.,0.));
#2950=VECTOR('',#2949,0.758538118);
#2951=LINE('',#2948,#2950);
#2952=EDGE_CURVE('2489211',#2945,#2947,#2951,.T.);
#2953=ORIENTED_EDGE('',*,*,#2952,.T.);
#2954=CARTESIAN_POINT('',(-11.092061017,-5.5,5.));
#2955=VERTEX_POINT('2489331',#2954);
#2956=CARTESIAN_POINT('',(-13.583522899,-5.5,5.));
#2957=DIRECTION('',(0.,0.,-1.));
#2958=DIRECTION('',(-1.,-0.,-0.));
#2959=AXIS2_PLACEMENT_3D('',#2956,#2957,#2958);
#2960=CIRCLE('',#2959,2.491461882);
#2961=EDGE_CURVE('3064252',#2947,#2955,#2960,.T.);
#2962=ORIENTED_EDGE('',*,*,#2961,.T.);
#2963=CARTESIAN_POINT('',(-10.333522899,-5.5,5.));
#2964=VERTEX_POINT('2489397',#2963);
#2965=CARTESIAN_POINT('',(-11.092061017,-5.5,5.));
#2966=DIRECTION('',(1.,-0.,0.));
#2967=VECTOR('',#2966,0.758538118);
#2968=LINE('',#2965,#2967);
#2969=EDGE_CURVE('2489552',#2955,#2964,#2968,.T.);
#2970=ORIENTED_EDGE('',*,*,#2969,.T.);
#2971=CARTESIAN_POINT('',(-13.583522899,-5.5,5.));
#2972=DIRECTION('',(-0.,-0.,1.));
#2973=DIRECTION('',(1.,0.,0.));
#2974=AXIS2_PLACEMENT_3D('',#2971,#2972,#2973);
#2975=CIRCLE('',#2974,3.25);
#2976=EDGE_CURVE('3064375',#2964,#2945,#2975,.T.);
#2977=ORIENTED_EDGE('',*,*,#2976,.T.);
#2978=EDGE_LOOP('',(#2953,#2962,#2970,#2977));
#2979=FACE_BOUND('',#2978,.T.);
#2980=ADVANCED_FACE('3064427',(#2979),#2943,.T.);
#2981=OVER_RIDING_STYLED_ITEM('',(#1597),#2980,#2377);
#2982=CARTESIAN_POINT('',(-13.583522899,-5.5,-0.));
#2983=DIRECTION('',(0.,0.,-1.));
#2984=DIRECTION('',(-1.,-0.,-0.));
#2985=AXIS2_PLACEMENT_3D('',#2982,#2983,#2984);
#2986=CYLINDRICAL_SURFACE('',#2985,2.491461882);
#2987=ORIENTED_EDGE('',*,*,#2961,.F.);
#2988=CARTESIAN_POINT('',(-16.07498478,-5.5,-1.));
#2989=VERTEX_POINT('2489343',#2988);
#2990=CARTESIAN_POINT('',(-16.07498478,-5.5,-1.));
#2991=DIRECTION('',(-0.,-0.,1.));
#2992=VECTOR('',#2991,6.);
#2993=LINE('',#2990,#2992);
#2994=EDGE_CURVE('2489213',#2989,#2947,#2993,.T.);
#2995=ORIENTED_EDGE('',*,*,#2994,.F.);
#2996=CARTESIAN_POINT('',(-11.092061017,-5.5,-1.));
#2997=VERTEX_POINT('2489333',#2996);
#2998=CARTESIAN_POINT('',(-13.583522899,-5.5,-1.));
#2999=DIRECTION('',(-0.,0.,1.));
#3000=DIRECTION('',(1.,-0.,0.));
#3001=AXIS2_PLACEMENT_3D('',#2998,#2999,#3000);
#3002=CIRCLE('',#3001,2.491461882);
#3003=EDGE_CURVE('2489139',#2997,#2989,#3002,.T.);
#3004=ORIENTED_EDGE('',*,*,#3003,.F.);
#3005=CARTESIAN_POINT('',(-11.092061017,-5.5,-1.));
#3006=DIRECTION('',(-0.,-0.,1.));
#3007=VECTOR('',#3006,6.);
#3008=LINE('',#3005,#3007);
#3009=EDGE_CURVE('2489223',#2997,#2955,#3008,.T.);
#3010=ORIENTED_EDGE('',*,*,#3009,.T.);
#3011=EDGE_LOOP('',(#2987,#2995,#3004,#3010));
#3012=FACE_BOUND('',#3011,.T.);
#3013=ADVANCED_FACE('3063457',(#3012),#2986,.F.);
#3014=OVER_RIDING_STYLED_ITEM('',(#1597),#3013,#2377);
#3015=CARTESIAN_POINT('',(-1.,-5.5,-1.));
#3016=DIRECTION('',(0.,0.,-1.));
#3017=DIRECTION('',(-1.,-0.,-0.));
#3018=AXIS2_PLACEMENT_3D('',#3015,#3016,#3017);
#3019=PLANE('',#3018);
#3020=CARTESIAN_POINT('',(-16.234664741,-0.,-1.));
#3021=VERTEX_POINT('3203007',#3020);
#3022=CARTESIAN_POINT('',(-16.234664741,-5.5,-1.));
#3023=VERTEX_POINT('3204222',#3022);
#3024=CARTESIAN_POINT('',(-16.234664741,-0.,-1.));
#3025=DIRECTION('',(0.,-1.,0.));
#3026=VECTOR('',#3025,5.5);
#3027=LINE('',#3024,#3026);
#3028=EDGE_CURVE('3203008',#3021,#3023,#3027,.T.);
#3029=ORIENTED_EDGE('',*,*,#3028,.F.);
#3030=CARTESIAN_POINT('',(-16.234664741,-0.,-1.));
#3031=DIRECTION('',(1.,0.,0.));
#3032=VECTOR('',#3031,15.234664741);
#3033=LINE('',#3030,#3032);
#3034=EDGE_CURVE('2489159',#3021,#2669,#3033,.T.);
#3035=ORIENTED_EDGE('',*,*,#3034,.T.);
#3036=ORIENTED_EDGE('',*,*,#2689,.F.);
#3037=CARTESIAN_POINT('',(-1.,-5.5,-1.));
#3038=DIRECTION('',(-1.,0.,-0.));
#3039=VECTOR('',#3038,10.092061017);
#3040=LINE('',#3037,#3039);
#3041=EDGE_CURVE('2489221',#2678,#2997,#3040,.T.);
#3042=ORIENTED_EDGE('',*,*,#3041,.T.);
#3043=ORIENTED_EDGE('',*,*,#3003,.T.);
#3044=CARTESIAN_POINT('',(-16.07498478,-5.5,-1.));
#3045=DIRECTION('',(-1.,0.,-0.));
#3046=VECTOR('',#3045,0.15967996);
#3047=LINE('',#3044,#3046);
#3048=EDGE_CURVE('2489584',#2989,#3023,#3047,.T.);
#3049=ORIENTED_EDGE('',*,*,#3048,.T.);
#3050=EDGE_LOOP('',(#3029,#3035,#3036,#3042,#3043,#3049));
#3051=FACE_BOUND('',#3050,.T.);
#3052=ADVANCED_FACE('2489768',(#3051),#3019,.T.);
#3053=CARTESIAN_POINT('',(-16.234664741,-7.55,-1.592965686));
#3054=DIRECTION('',(1.,0.,0.));
#3055=DIRECTION('',(-0.,1.,0.));
#3056=AXIS2_PLACEMENT_3D('',#3053,#3054,#3055);
#3057=PLANE('',#3056);
#3058=CARTESIAN_POINT('',(-16.234664741,-5.5,-1.595446839));
#3059=DIRECTION('',(0.,-0.,1.));
#3060=VECTOR('',#3059,0.595446839);
#3061=LINE('',#3058,#3060);
#3062=EDGE_CURVE('3203873',#2505,#3023,#3061,.T.);
#3063=ORIENTED_EDGE('',*,*,#3062,.F.);
#3064=ORIENTED_EDGE('',*,*,#2510,.T.);
#3065=CARTESIAN_POINT('',(-16.234664741,0.,-1.));
#3066=DIRECTION('',(-0.,0.,-1.));
#3067=VECTOR('',#3066,0.592965686);
#3068=LINE('',#3065,#3067);
#3069=EDGE_CURVE('3203013',#3021,#2496,#3068,.T.);
#3070=ORIENTED_EDGE('',*,*,#3069,.F.);
#3071=ORIENTED_EDGE('',*,*,#3028,.T.);
#3072=EDGE_LOOP('',(#3063,#3064,#3070,#3071));
#3073=FACE_BOUND('',#3072,.T.);
#3074=ADVANCED_FACE('3203019',(#3073),#3057,.T.);
#3075=CARTESIAN_POINT('',(0.,-5.5,-50.));
#3076=DIRECTION('',(0.,1.,0.));
#3077=DIRECTION('',(-1.,0.,-0.));
#3078=AXIS2_PLACEMENT_3D('',#3075,#3076,#3077);
#3079=PLANE('',#3078);
#3080=ORIENTED_EDGE('',*,*,#3062,.T.);
#3081=ORIENTED_EDGE('',*,*,#3048,.F.);
#3082=ORIENTED_EDGE('',*,*,#2994,.T.);
#3083=ORIENTED_EDGE('',*,*,#2952,.F.);
#3084=CARTESIAN_POINT('',(-16.833522899,-5.5,1.137376396));
#3085=VERTEX_POINT('3510702',#3084);
#3086=CARTESIAN_POINT('',(-16.833522899,-5.5,1.137376396));
#3087=DIRECTION('',(-0.,-0.,1.));
#3088=VECTOR('',#3087,3.862623604);
#3089=LINE('',#3086,#3088);
#3090=EDGE_CURVE('3510703',#3085,#2945,#3089,.T.);
#3091=ORIENTED_EDGE('',*,*,#3090,.F.);
#3092=CARTESIAN_POINT('',(-17.052856963,-5.5,1.070050742));
#3093=VERTEX_POINT('3510680',#3092);
#3094=CARTESIAN_POINT('',(-16.953522899,-5.5,1.137376396));
#3095=DIRECTION('',(0.,1.,0.));
#3096=DIRECTION('',(0.,-0.,1.));
#3097=AXIS2_PLACEMENT_3D('',#3094,#3095,#3096);
#3098=CIRCLE('',#3097,0.12);
#3099=EDGE_CURVE('3510724',#3085,#3093,#3098,.T.);
#3100=ORIENTED_EDGE('',*,*,#3099,.T.);
#3101=CARTESIAN_POINT('',(-25.340500199,-5.5,0.299975338));
#3102=VERTEX_POINT('',#3101);
#3103=CARTESIAN_POINT('',(-20.98483033,-5.5,-1.594923074));
#3104=DIRECTION('',(-0.,-1.,-0.));
#3105=DIRECTION('',(0.,-0.,1.));
#3106=AXIS2_PLACEMENT_3D('',#3103,#3104,#3105);
#3107=CIRCLE('',#3106,4.75);
#3108=EDGE_CURVE('3510681',#3093,#3102,#3107,.T.);
#3109=ORIENTED_EDGE('',*,*,#3108,.T.);
#3110=CARTESIAN_POINT('',(-25.459058798,-5.5,-0.));
#3111=VERTEX_POINT('3204247',#3110);
#3112=CARTESIAN_POINT('',(-20.98483033,-5.5,-1.594923074));
#3113=DIRECTION('',(-0.,-1.,-0.));
#3114=DIRECTION('',(0.,-0.,1.));
#3115=AXIS2_PLACEMENT_3D('',#3112,#3113,#3114);
#3116=CIRCLE('',#3115,4.75);
#3117=EDGE_CURVE('3510681',#3102,#3111,#3116,.T.);
#3118=ORIENTED_EDGE('',*,*,#3117,.T.);
#3119=CARTESIAN_POINT('',(-28.,-5.5,-0.));
#3120=DIRECTION('',(1.,-0.,0.));
#3121=VECTOR('',#3120,2.540941202);
#3122=LINE('',#3119,#3121);
#3123=EDGE_CURVE('2489239',#2912,#3111,#3122,.T.);
#3124=ORIENTED_EDGE('',*,*,#3123,.F.);
#3125=ORIENTED_EDGE('',*,*,#2934,.F.);
#3126=ORIENTED_EDGE('',*,*,#2901,.F.);
#3127=ORIENTED_EDGE('',*,*,#2870,.F.);
#3128=ORIENTED_EDGE('',*,*,#2837,.F.);
#3129=ORIENTED_EDGE('',*,*,#2795,.F.);
#3130=ORIENTED_EDGE('',*,*,#2762,.F.);
#3131=ORIENTED_EDGE('',*,*,#2731,.F.);
#3132=CARTESIAN_POINT('',(-9.333522899,-5.5,-0.));
#3133=VERTEX_POINT('3332490',#3132);
#3134=CARTESIAN_POINT('',(-9.333522899,-5.5,-0.));
#3135=DIRECTION('',(1.,0.,0.));
#3136=VECTOR('',#3135,8.333522899);
#3137=LINE('',#3134,#3136);
#3138=EDGE_CURVE('3332491',#3133,#2719,#3137,.T.);
#3139=ORIENTED_EDGE('',*,*,#3138,.F.);
#3140=CARTESIAN_POINT('',(-10.333522899,-5.5,1.));
#3141=VERTEX_POINT('3332435',#3140);
#3142=CARTESIAN_POINT('',(-9.333522899,-5.5,1.));
#3143=DIRECTION('',(0.,1.,0.));
#3144=DIRECTION('',(0.,-0.,1.));
#3145=AXIS2_PLACEMENT_3D('',#3142,#3143,#3144);
#3146=CIRCLE('',#3145,1.);
#3147=EDGE_CURVE('3332500',#3133,#3141,#3146,.T.);
#3148=ORIENTED_EDGE('',*,*,#3147,.T.);
#3149=CARTESIAN_POINT('',(-10.333522899,-5.5,1.));
#3150=DIRECTION('',(-0.,-0.,1.));
#3151=VECTOR('',#3150,4.);
#3152=LINE('',#3149,#3151);
#3153=EDGE_CURVE('3332436',#3141,#2964,#3152,.T.);
#3154=ORIENTED_EDGE('',*,*,#3153,.T.);
#3155=ORIENTED_EDGE('',*,*,#2969,.F.);
#3156=ORIENTED_EDGE('',*,*,#3009,.F.);
#3157=ORIENTED_EDGE('',*,*,#3041,.F.);
#3158=ORIENTED_EDGE('',*,*,#2683,.F.);
#3159=ORIENTED_EDGE('',*,*,#2642,.F.);
#3160=ORIENTED_EDGE('',*,*,#2612,.F.);
#3161=ORIENTED_EDGE('',*,*,#2573,.F.);
#3162=ORIENTED_EDGE('',*,*,#2541,.T.);
#3163=ORIENTED_EDGE('',*,*,#2525,.T.);
#3164=ORIENTED_EDGE('',*,*,#2519,.T.);
#3165=EDGE_LOOP('',(#3080,#3081,#3082,#3083,#3091,#3100,#3109,#3118,#3124,#3125,#3126,#3127,#3128,#3129,#3130,#3131,#3139,#3148,#3154,#3155,#3156,#3157,#3158,#3159,#3160,#3161,
#3162,#3163,#3164));
#3166=FACE_BOUND('',#3165,.T.);
#3167=CARTESIAN_POINT('',(-20.984664741,-5.5,0.361187679));
#3168=VERTEX_POINT('',#3167);
#3169=CARTESIAN_POINT('',(-20.984664741,-5.5,-3.547119051));
#3170=VERTEX_POINT('',#3169);
#3171=CARTESIAN_POINT('',(-20.984664741,-5.5,-1.592965686));
#3172=DIRECTION('',(0.,1.,0.));
#3173=DIRECTION('',(0.,-0.,1.));
#3174=AXIS2_PLACEMENT_3D('',#3171,#3172,#3173);
#3175=CIRCLE('',#3174,1.954153365);
#3176=EDGE_CURVE('2489816',#3168,#3170,#3175,.T.);
#3177=ORIENTED_EDGE('',*,*,#3176,.T.);
#3178=CARTESIAN_POINT('',(-20.984664741,-5.5,-1.592965686));
#3179=DIRECTION('',(0.,1.,0.));
#3180=DIRECTION('',(0.,-0.,1.));
#3181=AXIS2_PLACEMENT_3D('',#3178,#3179,#3180);
#3182=CIRCLE('',#3181,1.954153365);
#3183=EDGE_CURVE('2489816',#3170,#3168,#3182,.T.);
#3184=ORIENTED_EDGE('',*,*,#3183,.T.);
#3185=EDGE_LOOP('',(#3177,#3184));
#3186=FACE_BOUND('',#3185,.T.);
#3187=ADVANCED_FACE('3202837',(#3166,#3186),#3079,.F.);
#3188=CARTESIAN_POINT('',(-20.984664741,-5.5,-1.592965686));
#3189=DIRECTION('',(0.,1.,0.));
#3190=DIRECTION('',(0.,0.,-1.));
#3191=AXIS2_PLACEMENT_3D('',#3188,#3189,#3190);
#3192=CYLINDRICAL_SURFACE('',#3191,1.954153365);
#3193=CARTESIAN_POINT('',(-20.984664741,-4.3,-3.547119051));
#3194=VERTEX_POINT('',#3193);
#3195=CARTESIAN_POINT('',(-20.984664741,-4.3,-3.547119051));
#3196=DIRECTION('',(-0.,-1.,-0.));
#3197=VECTOR('',#3196,1.2);
#3198=LINE('',#3195,#3197);
#3199=EDGE_CURVE('',#3194,#3170,#3198,.T.);
#3200=ORIENTED_EDGE('',*,*,#3199,.F.);
#3201=CARTESIAN_POINT('',(-19.030511376,-4.3,-1.592965686));
#3202=VERTEX_POINT('',#3201);
#3203=CARTESIAN_POINT('',(-20.984664741,-4.3,-1.592965686));
#3204=DIRECTION('',(-0.,1.,0.));
#3205=DIRECTION('',(1.,0.,0.));
#3206=AXIS2_PLACEMENT_3D('',#3203,#3204,#3205);
#3207=CIRCLE('',#3206,1.954153365);
#3208=EDGE_CURVE('2489820',#3194,#3202,#3207,.T.);
#3209=ORIENTED_EDGE('',*,*,#3208,.T.);
#3210=CARTESIAN_POINT('',(-20.984664741,-4.3,-1.592965686));
#3211=DIRECTION('',(-0.,1.,0.));
#3212=DIRECTION('',(1.,0.,0.));
#3213=AXIS2_PLACEMENT_3D('',#3210,#3211,#3212);
#3214=CIRCLE('',#3213,1.954153365);
#3215=EDGE_CURVE('2489820',#3202,#3194,#3214,.T.);
#3216=ORIENTED_EDGE('',*,*,#3215,.T.);
#3217=ORIENTED_EDGE('',*,*,#3199,.T.);
#3218=ORIENTED_EDGE('',*,*,#3176,.F.);
#3219=ORIENTED_EDGE('',*,*,#3183,.F.);
#3220=EDGE_LOOP('',(#3200,#3209,#3216,#3217,#3218,#3219));
#3221=FACE_BOUND('',#3220,.T.);
#3222=ADVANCED_FACE('3063442',(#3221),#3192,.F.);
#3223=CARTESIAN_POINT('',(-29.,0.,-0.));
#3224=DIRECTION('',(-0.,-0.,1.));
#3225=DIRECTION('',(1.,-0.,0.));
#3226=AXIS2_PLACEMENT_3D('',#3223,#3224,#3225);
#3227=PLANE('',#3226);
#3228=CARTESIAN_POINT('',(-16.934239155,1.,-0.));
#3229=VERTEX_POINT('3232284',#3228);
#3230=CARTESIAN_POINT('',(-16.934239155,-2.885578349,-0.));
#3231=VERTEX_POINT('3332479',#3230);
#3232=CARTESIAN_POINT('',(-16.934239155,1.,-0.));
#3233=DIRECTION('',(0.,-1.,-0.));
#3234=VECTOR('',#3233,3.885578349);
#3235=LINE('',#3232,#3234);
#3236=EDGE_CURVE('3232299',#3229,#3231,#3235,.T.);
#3237=ORIENTED_EDGE('',*,*,#3236,.T.);
#3238=CARTESIAN_POINT('',(-13.583522899,-5.5,-0.));
#3239=DIRECTION('',(0.,0.,-1.));
#3240=DIRECTION('',(1.,0.,0.));
#3241=AXIS2_PLACEMENT_3D('',#3238,#3239,#3240);
#3242=CIRCLE('',#3241,4.25);
#3243=EDGE_CURVE('3332494',#3231,#3133,#3242,.T.);
#3244=ORIENTED_EDGE('',*,*,#3243,.T.);
#3245=ORIENTED_EDGE('',*,*,#3138,.T.);
#3246=ORIENTED_EDGE('',*,*,#2724,.T.);
#3247=CARTESIAN_POINT('',(-1.,1.,-0.));
#3248=DIRECTION('',(-1.,0.,-0.));
#3249=VECTOR('',#3248,15.934239155);
#3250=LINE('',#3247,#3249);
#3251=EDGE_CURVE('3205018',#2710,#3229,#3250,.T.);
#3252=ORIENTED_EDGE('',*,*,#3251,.T.);
#3253=EDGE_LOOP('',(#3237,#3244,#3245,#3246,#3252));
#3254=FACE_BOUND('',#3253,.T.);
#3255=ADVANCED_FACE('3205085',(#3254),#3227,.T.);
#3256=CARTESIAN_POINT('',(-13.583522899,-5.5,-0.));
#3257=DIRECTION('',(-0.,-0.,1.));
#3258=DIRECTION('',(1.,-0.,0.));
#3259=AXIS2_PLACEMENT_3D('',#3256,#3257,#3258);
#3260=CYLINDRICAL_SURFACE('',#3259,3.25);
#3261=CARTESIAN_POINT('',(-16.14583533,-3.500736384,1.));
#3262=VERTEX_POINT('3332444',#3261);
#3263=CARTESIAN_POINT('',(-16.645097024,-4.409466244,0.824164944));
#3264=VERTEX_POINT('3510697',#3263);
#3265=CARTESIAN_POINT('',(-16.14583533,-3.500736384,1.));
#3266=CARTESIAN_POINT('',(-16.254703552,-3.640264958,1.));
#3267=CARTESIAN_POINT('',(-16.350002606,-3.785649953,0.977348496));
#3268=CARTESIAN_POINT('',(-16.433155501,-3.937279926,0.944519863));
#3269=CARTESIAN_POINT('',(-16.516308396,-4.088909898,0.911691231));
#3270=CARTESIAN_POINT('',(-16.587545399,-4.247895301,0.867873575));
#3271=CARTESIAN_POINT('',(-16.645097025,-4.409466247,0.824164971));
#3272=B_SPLINE_CURVE_WITH_KNOTS('',3,(#3265,#3266,#3267,#3268,#3269,#3270,#3271),.UNSPECIFIED.,.F.,.F.,(4,3,4),(0.,0.000684709,0.001369417),.UNSPECIFIED.);
#3273=EDGE_CURVE('3332445',#3262,#3264,#3272,.T.);
#3274=ORIENTED_EDGE('',*,*,#3273,.T.);
#3275=CARTESIAN_POINT('',(-16.645097024,-4.409466244,0.824164944));
#3276=CARTESIAN_POINT('',(-16.701888496,-4.568903125,0.927056195));
#3277=CARTESIAN_POINT('',(-16.749298681,-4.741066203,1.004645806));
#3278=CARTESIAN_POINT('',(-16.782582754,-4.926836812,1.057782056));
#3279=CARTESIAN_POINT('',(-16.799224791,-5.019722116,1.084350181));
#3280=CARTESIAN_POINT('',(-16.81205926,-5.114957582,1.104294496));
#3281=CARTESIAN_POINT('',(-16.820604889,-5.210517381,1.117508013));
#3282=CARTESIAN_POINT('',(-16.829150518,-5.306077181,1.13072153));
#3283=CARTESIAN_POINT('',(-16.833522686,-5.402560202,1.137412163));
#3284=CARTESIAN_POINT('',(-16.833522904,-5.499996438,1.13741249));
#3285=B_SPLINE_CURVE_WITH_KNOTS('',3,(#3275,#3276,#3277,#3278,#3279,#3280,#3281,#3282,#3283,#3284),.UNSPECIFIED.,.F.,.F.,(4,3,3,4),(0.,0.000602206,0.000903309,0.001204411),.UNSPECIFIED.);
#3286=EDGE_CURVE('3510706',#3264,#3085,#3285,.T.);
#3287=ORIENTED_EDGE('',*,*,#3286,.T.);
#3288=ORIENTED_EDGE('',*,*,#3090,.T.);
#3289=ORIENTED_EDGE('',*,*,#2976,.F.);
#3290=ORIENTED_EDGE('',*,*,#3153,.F.);
#3291=CARTESIAN_POINT('',(-13.583522899,-5.5,1.));
#3292=DIRECTION('',(-0.,-0.,1.));
#3293=DIRECTION('',(1.,0.,0.));
#3294=AXIS2_PLACEMENT_3D('',#3291,#3292,#3293);
#3295=CIRCLE('',#3294,3.25);
#3296=EDGE_CURVE('3332450',#3141,#3262,#3295,.T.);
#3297=ORIENTED_EDGE('',*,*,#3296,.T.);
#3298=EDGE_LOOP('',(#3274,#3287,#3288,#3289,#3290,#3297));
#3299=FACE_BOUND('',#3298,.T.);
#3300=ADVANCED_FACE('2489644',(#3299),#3260,.T.);
#3301=OVER_RIDING_STYLED_ITEM('',(#1597),#3300,#2377);
#3302=CARTESIAN_POINT('',(-20.98483033,1.,-1.594923074));
#3303=DIRECTION('',(0.,-1.,-0.));
#3304=DIRECTION('',(-0.91698313,-0.,0.398925981));
#3305=AXIS2_PLACEMENT_3D('',#3302,#3303,#3304);
#3306=CYLINDRICAL_SURFACE('',#3305,4.75);
#3307=CARTESIAN_POINT('',(-25.34048947,-4.3,0.3));
#3308=VERTEX_POINT('3475365',#3307);
#3309=CARTESIAN_POINT('',(-25.340500199,-5.5,0.299975338));
#3310=DIRECTION('',(-0.,1.,0.));
#3311=VECTOR('',#3310,1.2);
#3312=LINE('',#3309,#3311);
#3313=EDGE_CURVE('',#3102,#3308,#3312,.T.);
#3314=ORIENTED_EDGE('',*,*,#3313,.T.);
#3315=CARTESIAN_POINT('',(-25.459058798,-4.,-0.));
#3316=VERTEX_POINT('3475462',#3315);
#3317=CARTESIAN_POINT('',(-25.34048947,-4.3,0.3));
#3318=CARTESIAN_POINT('',(-25.373318957,-4.3,0.224538332));
#3319=CARTESIAN_POINT('',(-25.40339844,-4.271177815,0.14934539));
#3320=CARTESIAN_POINT('',(-25.425053883,-4.216528235,0.092357221));
#3321=CARTESIAN_POINT('',(-25.446709327,-4.161878654,0.035369053));
#3322=CARTESIAN_POINT('',(-25.459058798,-4.082492863,-0.));
#3323=CARTESIAN_POINT('',(-25.459058798,-4.,-0.));
#3324=B_SPLINE_CURVE_WITH_KNOTS('',3,(#3317,#3318,#3319,#3320,#3321,#3322,#3323),.UNSPECIFIED.,.F.,.F.,(4,3,4),(0.,0.000243514,0.000487029),.UNSPECIFIED.);
#3325=EDGE_CURVE('3475511',#3308,#3316,#3324,.T.);
#3326=ORIENTED_EDGE('',*,*,#3325,.T.);
#3327=CARTESIAN_POINT('',(-25.459058798,-4.,-0.));
#3328=DIRECTION('',(0.,-1.,-0.));
#3329=VECTOR('',#3328,1.5);
#3330=LINE('',#3327,#3329);
#3331=EDGE_CURVE('3065721',#3316,#3111,#3330,.T.);
#3332=ORIENTED_EDGE('',*,*,#3331,.T.);
#3333=ORIENTED_EDGE('',*,*,#3117,.F.);
#3334=EDGE_LOOP('',(#3314,#3326,#3332,#3333));
#3335=FACE_BOUND('',#3334,.T.);
#3336=ADVANCED_FACE('2493215',(#3335),#3306,.T.);
#3337=CARTESIAN_POINT('',(-29.,0.,-0.));
#3338=DIRECTION('',(-0.,-0.,1.));
#3339=DIRECTION('',(1.,-0.,0.));
#3340=AXIS2_PLACEMENT_3D('',#3337,#3338,#3339);
#3341=PLANE('',#3340);
#3342=ORIENTED_EDGE('',*,*,#3331,.F.);
#3343=CARTESIAN_POINT('',(-25.035090327,-4.,-0.));
#3344=VERTEX_POINT('3475458',#3343);
#3345=CARTESIAN_POINT('',(-25.459058798,-4.,-0.));
#3346=DIRECTION('',(1.,0.,0.));
#3347=VECTOR('',#3346,0.423968471);
#3348=LINE('',#3345,#3347);
#3349=EDGE_CURVE('3475468',#3316,#3344,#3348,.T.);
#3350=ORIENTED_EDGE('',*,*,#3349,.T.);
#3351=CARTESIAN_POINT('',(-25.035090327,1.,-0.));
#3352=VERTEX_POINT('3322616',#3351);
#3353=CARTESIAN_POINT('',(-25.035090327,-4.,-0.));
#3354=DIRECTION('',(-0.,1.,0.));
#3355=VECTOR('',#3354,5.);
#3356=LINE('',#3353,#3355);
#3357=EDGE_CURVE('3475459',#3344,#3352,#3356,.T.);
#3358=ORIENTED_EDGE('',*,*,#3357,.T.);
#3359=CARTESIAN_POINT('',(-25.035090327,1.,-0.));
#3360=DIRECTION('',(-1.,0.,-0.));
#3361=VECTOR('',#3360,2.964909673);
#3362=LINE('',#3359,#3361);
#3363=EDGE_CURVE('3322617',#3352,#2914,#3362,.T.);
#3364=ORIENTED_EDGE('',*,*,#3363,.T.);
#3365=ORIENTED_EDGE('',*,*,#2919,.F.);
#3366=ORIENTED_EDGE('',*,*,#3123,.T.);
#3367=EDGE_LOOP('',(#3342,#3350,#3358,#3364,#3365,#3366));
#3368=FACE_BOUND('',#3367,.T.);
#3369=ADVANCED_FACE('3205075',(#3368),#3341,.T.);
#3370=CARTESIAN_POINT('',(0.,1.,0.));
#3371=DIRECTION('',(0.,1.,0.));
#3372=DIRECTION('',(0.,0.,-1.));
#3373=AXIS2_PLACEMENT_3D('',#3370,#3371,#3372);
#3374=PLANE('',#3373);
#3375=ORIENTED_EDGE('',*,*,#3363,.F.);
#3376=CARTESIAN_POINT('',(-24.735090327,1.,-0.3));
#3377=VERTEX_POINT('3322632',#3376);
#3378=CARTESIAN_POINT('',(-25.035090327,1.,-0.3));
#3379=DIRECTION('',(0.,1.,0.));
#3380=DIRECTION('',(0.,-0.,1.));
#3381=AXIS2_PLACEMENT_3D('',#3378,#3379,#3380);
#3382=CIRCLE('',#3381,0.3);
#3383=EDGE_CURVE('3322637',#3352,#3377,#3382,.T.);
#3384=ORIENTED_EDGE('',*,*,#3383,.T.);
#3385=CARTESIAN_POINT('',(-24.734905544,1.,-1.59260584));
#3386=VERTEX_POINT('3062734',#3385);
#3387=CARTESIAN_POINT('',(-24.735090327,1.,-0.3));
#3388=DIRECTION('',(-0.,0.,-1.));
#3389=VECTOR('',#3388,1.292245859);
#3390=LINE('',#3387,#3389);
#3391=EDGE_CURVE('3322633',#3377,#3386,#3390,.T.);
#3392=ORIENTED_EDGE('',*,*,#3391,.T.);
#3393=CARTESIAN_POINT('',(-17.234311096,1.,-1.591823572));
#3394=VERTEX_POINT('3062161',#3393);
#3395=CARTESIAN_POINT('',(-20.98483033,1.,-1.594923074));
#3396=DIRECTION('',(-0.,1.,0.));
#3397=DIRECTION('',(0.91698313,0.,0.398925981));
#3398=AXIS2_PLACEMENT_3D('',#3395,#3396,#3397);
#3399=CIRCLE('',#3398,3.75);
#3400=EDGE_CURVE('2489809',#3394,#3386,#3399,.T.);
#3401=ORIENTED_EDGE('',*,*,#3400,.F.);
#3402=CARTESIAN_POINT('',(-17.234239155,1.,-0.3));
#3403=VERTEX_POINT('3232266',#3402);
#3404=CARTESIAN_POINT('',(-17.234239155,1.,-1.592965686));
#3405=DIRECTION('',(0.,-0.,1.));
#3406=VECTOR('',#3405,1.292965686);
#3407=LINE('',#3404,#3406);
#3408=EDGE_CURVE('3205029',#3394,#3403,#3407,.T.);
#3409=ORIENTED_EDGE('',*,*,#3408,.T.);
#3410=CARTESIAN_POINT('',(-16.934239155,1.,-0.3));
#3411=DIRECTION('',(0.,1.,0.));
#3412=DIRECTION('',(0.,-0.,1.));
#3413=AXIS2_PLACEMENT_3D('',#3410,#3411,#3412);
#3414=CIRCLE('',#3413,0.3);
#3415=EDGE_CURVE('3232288',#3403,#3229,#3414,.T.);
#3416=ORIENTED_EDGE('',*,*,#3415,.T.);
#3417=ORIENTED_EDGE('',*,*,#3251,.F.);
#3418=ORIENTED_EDGE('',*,*,#2716,.F.);
#3419=ORIENTED_EDGE('',*,*,#2755,.T.);
#3420=ORIENTED_EDGE('',*,*,#2787,.F.);
#3421=ORIENTED_EDGE('',*,*,#2830,.T.);
#3422=ORIENTED_EDGE('',*,*,#2862,.F.);
#3423=ORIENTED_EDGE('',*,*,#2894,.T.);
#3424=ORIENTED_EDGE('',*,*,#2926,.F.);
#3425=EDGE_LOOP('',(#3375,#3384,#3392,#3401,#3409,#3416,#3417,#3418,#3419,#3420,#3421,#3422,#3423,#3424));
#3426=FACE_BOUND('',#3425,.T.);
#3427=ADVANCED_FACE('3063467',(#3426),#3374,.T.);
#3428=CARTESIAN_POINT('',(-17.234239155,-7.55,-1.592965686));
#3429=DIRECTION('',(1.,0.,0.));
#3430=DIRECTION('',(-0.,1.,0.));
#3431=AXIS2_PLACEMENT_3D('',#3428,#3429,#3430);
#3432=PLANE('',#3431);
#3433=CARTESIAN_POINT('',(-17.234534998,-4.,-1.59296584));
#3434=VERTEX_POINT('3475444',#3433);
#3435=CARTESIAN_POINT('',(-17.234239155,-4.,-1.592965686));
#3436=DIRECTION('',(-0.,1.,0.));
#3437=VECTOR('',#3436,5.);
#3438=LINE('',#3435,#3437);
#3439=EDGE_CURVE('3475445',#3434,#3394,#3438,.T.);
#3440=ORIENTED_EDGE('',*,*,#3439,.F.);
#3441=CARTESIAN_POINT('',(-17.234239155,-4.,-0.3));
#3442=VERTEX_POINT('3475433',#3441);
#3443=CARTESIAN_POINT('',(-17.234239155,-4.,-1.592965686));
#3444=DIRECTION('',(0.,-0.,1.));
#3445=VECTOR('',#3444,1.292965686);
#3446=LINE('',#3443,#3445);
#3447=EDGE_CURVE('3475450',#3434,#3442,#3446,.T.);
#3448=ORIENTED_EDGE('',*,*,#3447,.T.);
#3449=CARTESIAN_POINT('',(-17.234239155,-4.,-0.3));
#3450=DIRECTION('',(-0.,1.,0.));
#3451=VECTOR('',#3450,5.);
#3452=LINE('',#3449,#3451);
#3453=EDGE_CURVE('3475434',#3442,#3403,#3452,.T.);
#3454=ORIENTED_EDGE('',*,*,#3453,.T.);
#3455=ORIENTED_EDGE('',*,*,#3408,.F.);
#3456=EDGE_LOOP('',(#3440,#3448,#3454,#3455));
#3457=FACE_BOUND('',#3456,.T.);
#3458=ADVANCED_FACE('3205091',(#3457),#3432,.F.);
#3459=CARTESIAN_POINT('',(0.,-4.3,-0.));
#3460=DIRECTION('',(0.,-1.,-0.));
#3461=DIRECTION('',(-0.,-0.,1.));
#3462=AXIS2_PLACEMENT_3D('',#3459,#3460,#3461);
#3463=PLANE('',#3462);
#3464=CARTESIAN_POINT('',(-16.839407818,-4.3,0.724122463));
#3465=VERTEX_POINT('3510675',#3464);
#3466=CARTESIAN_POINT('',(-20.98483033,-4.3,-1.594923074));
#3467=DIRECTION('',(0.,-1.,-0.));
#3468=DIRECTION('',(1.,0.,0.));
#3469=AXIS2_PLACEMENT_3D('',#3466,#3467,#3468);
#3470=CIRCLE('',#3469,4.75);
#3471=EDGE_CURVE('3510676',#3465,#3308,#3470,.T.);
#3472=ORIENTED_EDGE('',*,*,#3471,.F.);
#3473=CARTESIAN_POINT('',(-16.828799028,-4.3,0.707473788));
#3474=VERTEX_POINT('3510739',#3473);
#3475=CARTESIAN_POINT('',(-16.839407818,-4.3,0.724122463));
#3476=CARTESIAN_POINT('',(-16.836187164,-4.3,0.718371794));
#3477=CARTESIAN_POINT('',(-16.832658307,-4.3,0.712817516));
#3478=CARTESIAN_POINT('',(-16.828799028,-4.3,0.707473788));
#3479=B_SPLINE_CURVE_WITH_KNOTS('',3,(#3475,#3476,#3477,#3478),.UNSPECIFIED.,.F.,.F.,(4,4),(0.,0.000019741),.UNSPECIFIED.);
#3480=EDGE_CURVE('3510729',#3465,#3474,#3479,.T.);
#3481=ORIENTED_EDGE('',*,*,#3480,.T.);
#3482=CARTESIAN_POINT('',(-17.223059389,-4.3,0.225911468));
#3483=VERTEX_POINT('3475403',#3482);
#3484=CARTESIAN_POINT('',(-16.828800698,-4.3,0.707474103));
#3485=CARTESIAN_POINT('',(-16.843587016,-4.3,0.656522023));
#3486=CARTESIAN_POINT('',(-16.864351401,-4.3,0.606387608));
#3487=CARTESIAN_POINT('',(-16.889494108,-4.3,0.559744394));
#3488=CARTESIAN_POINT('',(-16.914636815,-4.3,0.513101181));
#3489=CARTESIAN_POINT('',(-16.944287694,-4.3,0.469268498));
#3490=CARTESIAN_POINT('',(-16.978289812,-4.3,0.428148511));
#3491=CARTESIAN_POINT('',(-17.046294048,-4.3,0.345908538));
#3492=CARTESIAN_POINT('',(-17.12891835,-4.3,0.277611877));
#3493=CARTESIAN_POINT('',(-17.223059389,-4.3,0.225911468));
#3494=B_SPLINE_CURVE_WITH_KNOTS('',3,(#3484,#3485,#3486,#3487,#3488,#3489,#3490,#3491,#3492,#3493),.UNSPECIFIED.,.F.,.F.,(4,3,3,4),(0.002341609,0.002500345,0.002659082,0.002976556),.UNSPECIFIED.);
#3495=EDGE_CURVE('3475409',#3474,#3483,#3494,.T.);
#3496=ORIENTED_EDGE('',*,*,#3495,.T.);
#3497=CARTESIAN_POINT('',(-17.534239155,-4.3,-0.3));
#3498=VERTEX_POINT('3475396',#3497);
#3499=CARTESIAN_POINT('',(-16.934239155,-4.3,-0.3));
#3500=DIRECTION('',(0.,-1.,-0.));
#3501=DIRECTION('',(1.,0.,0.));
#3502=AXIS2_PLACEMENT_3D('',#3499,#3500,#3501);
#3503=CIRCLE('',#3502,0.6);
#3504=EDGE_CURVE('3475404',#3483,#3498,#3503,.T.);
#3505=ORIENTED_EDGE('',*,*,#3504,.T.);
#3506=CARTESIAN_POINT('',(-17.53453502,-4.3,-1.592965854));
#3507=VERTEX_POINT('3475370',#3506);
#3508=CARTESIAN_POINT('',(-17.534239155,-4.3,-0.3));
#3509=DIRECTION('',(-0.,0.,-1.));
#3510=VECTOR('',#3509,1.292965686);
#3511=LINE('',#3508,#3510);
#3512=EDGE_CURVE('3475397',#3498,#3507,#3511,.T.);
#3513=ORIENTED_EDGE('',*,*,#3512,.T.);
#3514=CARTESIAN_POINT('',(-24.434829774,-4.3,-1.592965834));
#3515=VERTEX_POINT('3475373',#3514);
#3516=CARTESIAN_POINT('',(-20.98483033,-4.3,-1.594923074));
#3517=DIRECTION('',(-0.,1.,0.));
#3518=DIRECTION('',(1.,0.,0.));
#3519=AXIS2_PLACEMENT_3D('',#3516,#3517,#3518);
#3520=CIRCLE('',#3519,3.45);
#3521=EDGE_CURVE('3475374',#3507,#3515,#3520,.T.);
#3522=ORIENTED_EDGE('',*,*,#3521,.T.);
#3523=CARTESIAN_POINT('',(-24.435090327,-4.3,-0.3));
#3524=VERTEX_POINT('3475379',#3523);
#3525=CARTESIAN_POINT('',(-24.435090327,-4.3,-1.592965686));
#3526=DIRECTION('',(0.,-0.,1.));
#3527=VECTOR('',#3526,1.292965686);
#3528=LINE('',#3525,#3527);
#3529=EDGE_CURVE('3475380',#3515,#3524,#3528,.T.);
#3530=ORIENTED_EDGE('',*,*,#3529,.T.);
#3531=CARTESIAN_POINT('',(-25.035090327,-4.3,0.3));
#3532=VERTEX_POINT('3475386',#3531);
#3533=CARTESIAN_POINT('',(-25.035090327,-4.3,-0.3));
#3534=DIRECTION('',(0.,-1.,-0.));
#3535=DIRECTION('',(1.,0.,0.));
#3536=AXIS2_PLACEMENT_3D('',#3533,#3534,#3535);
#3537=CIRCLE('',#3536,0.6);
#3538=EDGE_CURVE('3475387',#3524,#3532,#3537,.T.);
#3539=ORIENTED_EDGE('',*,*,#3538,.T.);
#3540=CARTESIAN_POINT('',(-25.035090327,-4.3,0.3));
#3541=DIRECTION('',(-1.,-0.,-0.));
#3542=VECTOR('',#3541,0.305399143);
#3543=LINE('',#3540,#3542);
#3544=EDGE_CURVE('3475392',#3532,#3308,#3543,.T.);
#3545=ORIENTED_EDGE('',*,*,#3544,.T.);
#3546=EDGE_LOOP('',(#3472,#3481,#3496,#3505,#3513,#3522,#3530,#3539,#3545));
#3547=FACE_BOUND('',#3546,.T.);
#3548=ORIENTED_EDGE('',*,*,#3208,.F.);
#3549=ORIENTED_EDGE('',*,*,#3215,.F.);
#3550=EDGE_LOOP('',(#3548,#3549));
#3551=FACE_BOUND('',#3550,.T.);
#3552=ADVANCED_FACE('3063424',(#3547,#3551),#3463,.F.);
#3553=CARTESIAN_POINT('',(-24.735090327,-7.55,-1.592965686));
#3554=DIRECTION('',(-1.,-0.,0.));
#3555=DIRECTION('',(0.,-1.,0.));
#3556=AXIS2_PLACEMENT_3D('',#3553,#3554,#3555);
#3557=PLANE('',#3556);
#3558=CARTESIAN_POINT('',(-24.735090327,-4.,-0.3));
#3559=VERTEX_POINT('3475475',#3558);
#3560=CARTESIAN_POINT('',(-24.735090327,1.,-0.3));
#3561=DIRECTION('',(0.,-1.,-0.));
#3562=VECTOR('',#3561,5.);
#3563=LINE('',#3560,#3562);
#3564=EDGE_CURVE('3322649',#3377,#3559,#3563,.T.);
#3565=ORIENTED_EDGE('',*,*,#3564,.T.);
#3566=CARTESIAN_POINT('',(-24.734960073,-4.,-1.592965754));
#3567=VERTEX_POINT('3475486',#3566);
#3568=CARTESIAN_POINT('',(-24.735090327,-4.,-0.3));
#3569=DIRECTION('',(-0.,0.,-1.));
#3570=VECTOR('',#3569,1.292965686);
#3571=LINE('',#3568,#3570);
#3572=EDGE_CURVE('3475492',#3559,#3567,#3571,.T.);
#3573=ORIENTED_EDGE('',*,*,#3572,.T.);
#3574=CARTESIAN_POINT('',(-24.735090327,-4.,-1.592965686));
#3575=DIRECTION('',(-0.,1.,-0.));
#3576=VECTOR('',#3575,5.);
#3577=LINE('',#3574,#3576);
#3578=EDGE_CURVE('3475487',#3567,#3386,#3577,.T.);
#3579=ORIENTED_EDGE('',*,*,#3578,.T.);
#3580=ORIENTED_EDGE('',*,*,#3391,.F.);
#3581=EDGE_LOOP('',(#3565,#3573,#3579,#3580));
#3582=FACE_BOUND('',#3581,.T.);
#3583=ADVANCED_FACE('3205070',(#3582),#3557,.F.);
#3584=CARTESIAN_POINT('',(-20.98483033,1.,-1.594923074));
#3585=DIRECTION('',(-0.,1.,0.));
#3586=DIRECTION('',(0.91698313,0.,0.398925981));
#3587=AXIS2_PLACEMENT_3D('',#3584,#3585,#3586);
#3588=CYLINDRICAL_SURFACE('',#3587,3.75);
#3589=ORIENTED_EDGE('',*,*,#3578,.F.);
#3590=CARTESIAN_POINT('',(-20.984830304,-4.,-5.344923074));
#3591=VERTEX_POINT('',#3590);
#3592=CARTESIAN_POINT('',(-20.98483033,-4.,-1.594923074));
#3593=DIRECTION('',(0.,-1.,-0.));
#3594=DIRECTION('',(1.,0.,0.));
#3595=AXIS2_PLACEMENT_3D('',#3592,#3593,#3594);
#3596=CIRCLE('',#3595,3.75);
#3597=EDGE_CURVE('3475499',#3567,#3591,#3596,.T.);
#3598=ORIENTED_EDGE('',*,*,#3597,.T.);
#3599=CARTESIAN_POINT('',(-20.98483033,-4.,-1.594923074));
#3600=DIRECTION('',(0.,-1.,-0.));
#3601=DIRECTION('',(1.,0.,0.));
#3602=AXIS2_PLACEMENT_3D('',#3599,#3600,#3601);
#3603=CIRCLE('',#3602,3.75);
#3604=EDGE_CURVE('3475499',#3591,#3434,#3603,.T.);
#3605=ORIENTED_EDGE('',*,*,#3604,.T.);
#3606=ORIENTED_EDGE('',*,*,#3439,.T.);
#3607=ORIENTED_EDGE('',*,*,#3400,.T.);
#3608=EDGE_LOOP('',(#3589,#3598,#3605,#3606,#3607));
#3609=FACE_BOUND('',#3608,.T.);
#3610=ADVANCED_FACE('2489847',(#3609),#3588,.F.);
#3611=CARTESIAN_POINT('',(-10.28925154,-3.,-28.));
#3612=DIRECTION('',(-1.,0.,0.));
#3613=DIRECTION('',(0.,0.,1.));
#3614=AXIS2_PLACEMENT_3D('',#3611,#3612,#3613);
#3615=PLANE('',#3614);
#3616=CARTESIAN_POINT('',(-10.28925154,-3.,-28.));
#3617=VERTEX_POINT('2489363',#3616);
#3618=CARTESIAN_POINT('',(-10.28925154,-3.,-26.));
#3619=VERTEX_POINT('2489361',#3618);
#3620=CARTESIAN_POINT('',(-10.28925154,-3.,-28.));
#3621=DIRECTION('',(0.,0.,1.));
#3622=VECTOR('',#3621,2.);
#3623=LINE('',#3620,#3622);
#3624=EDGE_CURVE('2489191',#3617,#3619,#3623,.T.);
#3625=ORIENTED_EDGE('',*,*,#3624,.T.);
#3626=CARTESIAN_POINT('',(-10.28925154,-1.6,-26.));
#3627=VERTEX_POINT('2489351',#3626);
#3628=CARTESIAN_POINT('',(-10.28925154,-1.6,-26.));
#3629=DIRECTION('',(-0.,-1.,0.));
#3630=VECTOR('',#3629,1.4);
#3631=LINE('',#3628,#3630);
#3632=EDGE_CURVE('2489195',#3627,#3619,#3631,.T.);
#3633=ORIENTED_EDGE('',*,*,#3632,.F.);
#3634=CARTESIAN_POINT('',(-10.28925154,-1.6,-28.));
#3635=VERTEX_POINT('2489349',#3634);
#3636=CARTESIAN_POINT('',(-10.28925154,-1.6,-28.));
#3637=DIRECTION('',(-0.,-0.,1.));
#3638=VECTOR('',#3637,2.);
#3639=LINE('',#3636,#3638);
#3640=EDGE_CURVE('2489203',#3635,#3627,#3639,.T.);
#3641=ORIENTED_EDGE('',*,*,#3640,.F.);
#3642=CARTESIAN_POINT('',(-10.28925154,-1.6,-28.));
#3643=DIRECTION('',(-0.,-1.,0.));
#3644=VECTOR('',#3643,1.4);
#3645=LINE('',#3642,#3644);
#3646=EDGE_CURVE('2489193',#3635,#3617,#3645,.T.);
#3647=ORIENTED_EDGE('',*,*,#3646,.T.);
#3648=EDGE_LOOP('',(#3625,#3633,#3641,#3647));
#3649=FACE_BOUND('',#3648,.T.);
#3650=ADVANCED_FACE('2489255',(#3649),#3615,.T.);
#3651=CARTESIAN_POINT('',(-23.28925154,-1.6,-28.));
#3652=DIRECTION('',(0.,1.,0.));
#3653=DIRECTION('',(-0.,-0.,1.));
#3654=AXIS2_PLACEMENT_3D('',#3651,#3652,#3653);
#3655=PLANE('',#3654);
#3656=CARTESIAN_POINT('',(-18.28925154,-1.6,-28.));
#3657=VERTEX_POINT('2489355',#3656);
#3658=CARTESIAN_POINT('',(-18.28925154,-1.6,-28.));
#3659=DIRECTION('',(1.,-0.,0.));
#3660=VECTOR('',#3659,8.);
#3661=LINE('',#3658,#3660);
#3662=EDGE_CURVE('2489197',#3657,#3635,#3661,.T.);
#3663=ORIENTED_EDGE('',*,*,#3662,.T.);
#3664=ORIENTED_EDGE('',*,*,#3640,.T.);
#3665=CARTESIAN_POINT('',(-18.28925154,-1.6,-26.));
#3666=VERTEX_POINT('2489353',#3665);
#3667=CARTESIAN_POINT('',(-10.28925154,-1.6,-26.));
#3668=DIRECTION('',(-1.,0.,0.));
#3669=VECTOR('',#3668,8.);
#3670=LINE('',#3667,#3669);
#3671=EDGE_CURVE('2489201',#3627,#3666,#3670,.T.);
#3672=ORIENTED_EDGE('',*,*,#3671,.T.);
#3673=CARTESIAN_POINT('',(-18.28925154,-1.6,-26.));
#3674=DIRECTION('',(0.,0.,-1.));
#3675=VECTOR('',#3674,2.);
#3676=LINE('',#3673,#3675);
#3677=EDGE_CURVE('2489199',#3666,#3657,#3676,.T.);
#3678=ORIENTED_EDGE('',*,*,#3677,.T.);
#3679=EDGE_LOOP('',(#3663,#3664,#3672,#3678));
#3680=FACE_BOUND('',#3679,.T.);
#3681=ADVANCED_FACE('2489251',(#3680),#3655,.F.);
#3682=COLOUR_RGB('',0.686274529,0.56078434,0.686274529);
#3683=FILL_AREA_STYLE_COLOUR('',#3682);
#3684=FILL_AREA_STYLE('',(#3683));
#3685=SURFACE_STYLE_FILL_AREA(#3684);
#3686=SURFACE_SIDE_STYLE('',(#3685));
#3687=SURFACE_STYLE_USAGE(.BOTH.,#3686);
#3688=PRESENTATION_STYLE_ASSIGNMENT((#3687));
#3689=OVER_RIDING_STYLED_ITEM('',(#3688),#3681,#2377);
#3690=CARTESIAN_POINT('',(-18.28925154,-3.,-26.));
#3691=DIRECTION('',(1.,-0.,0.));
#3692=DIRECTION('',(0.,0.,-1.));
#3693=AXIS2_PLACEMENT_3D('',#3690,#3691,#3692);
#3694=PLANE('',#3693);
#3695=CARTESIAN_POINT('',(-18.28925154,-3.,-26.));
#3696=VERTEX_POINT('2489359',#3695);
#3697=CARTESIAN_POINT('',(-18.28925154,-3.,-28.));
#3698=VERTEX_POINT('2489357',#3697);
#3699=CARTESIAN_POINT('',(-18.28925154,-3.,-26.));
#3700=DIRECTION('',(0.,0.,-1.));
#3701=VECTOR('',#3700,2.);
#3702=LINE('',#3699,#3701);
#3703=EDGE_CURVE('2489189',#3696,#3698,#3702,.T.);
#3704=ORIENTED_EDGE('',*,*,#3703,.T.);
#3705=CARTESIAN_POINT('',(-18.28925154,-1.6,-28.));
#3706=DIRECTION('',(-0.,-1.,-0.));
#3707=VECTOR('',#3706,1.4);
#3708=LINE('',#3705,#3707);
#3709=EDGE_CURVE('2489205',#3657,#3698,#3708,.T.);
#3710=ORIENTED_EDGE('',*,*,#3709,.F.);
#3711=ORIENTED_EDGE('',*,*,#3677,.F.);
#3712=CARTESIAN_POINT('',(-18.28925154,-1.6,-26.));
#3713=DIRECTION('',(-0.,-1.,-0.));
#3714=VECTOR('',#3713,1.4);
#3715=LINE('',#3712,#3714);
#3716=EDGE_CURVE('2489207',#3666,#3696,#3715,.T.);
#3717=ORIENTED_EDGE('',*,*,#3716,.T.);
#3718=EDGE_LOOP('',(#3704,#3710,#3711,#3717));
#3719=FACE_BOUND('',#3718,.T.);
#3720=ADVANCED_FACE('2489253',(#3719),#3694,.T.);
#3721=CARTESIAN_POINT('',(-23.28925154,-3.,-28.));
#3722=DIRECTION('',(0.,1.,0.));
#3723=DIRECTION('',(-0.,-0.,1.));
#3724=AXIS2_PLACEMENT_3D('',#3721,#3722,#3723);
#3725=PLANE('',#3724);
#3726=ORIENTED_EDGE('',*,*,#3624,.F.);
#3727=CARTESIAN_POINT('',(-5.28925154,-3.,-28.));
#3728=VERTEX_POINT('2488987',#3727);
#3729=CARTESIAN_POINT('',(-5.28925154,-3.,-28.));
#3730=DIRECTION('',(-1.,0.,0.));
#3731=VECTOR('',#3730,5.);
#3732=LINE('',#3729,#3731);
#3733=EDGE_CURVE('2489045',#3728,#3617,#3732,.T.);
#3734=ORIENTED_EDGE('',*,*,#3733,.F.);
#3735=CARTESIAN_POINT('',(-5.28925154,-3.,-26.));
#3736=VERTEX_POINT('2489367',#3735);
#3737=CARTESIAN_POINT('',(-5.28925154,-3.,-26.));
#3738=DIRECTION('',(0.,0.,-1.));
#3739=VECTOR('',#3738,2.);
#3740=LINE('',#3737,#3739);
#3741=EDGE_CURVE('2489048',#3736,#3728,#3740,.T.);
#3742=ORIENTED_EDGE('',*,*,#3741,.F.);
#3743=CARTESIAN_POINT('',(-10.28925154,-3.,-26.));
#3744=DIRECTION('',(1.,-0.,0.));
#3745=VECTOR('',#3744,5.);
#3746=LINE('',#3743,#3745);
#3747=EDGE_CURVE('2489730',#3619,#3736,#3746,.T.);
#3748=ORIENTED_EDGE('',*,*,#3747,.F.);
#3749=EDGE_LOOP('',(#3726,#3734,#3742,#3748));
#3750=FACE_BOUND('',#3749,.T.);
#3751=ADVANCED_FACE('2489765',(#3750),#3725,.F.);
#3752=OVER_RIDING_STYLED_ITEM('',(#3688),#3751,#2377);
#3753=CARTESIAN_POINT('',(-5.28925154,0.,-26.));
#3754=DIRECTION('',(-1.,0.,0.));
#3755=DIRECTION('',(0.,0.,-1.));
#3756=AXIS2_PLACEMENT_3D('',#3753,#3754,#3755);
#3757=PLANE('',#3756);
#3758=CARTESIAN_POINT('',(-5.28925154,0.,-30.));
#3759=VERTEX_POINT('2489377',#3758);
#3760=CARTESIAN_POINT('',(-5.28925154,-8.,-30.));
#3761=VERTEX_POINT('2488991',#3760);
#3762=CARTESIAN_POINT('',(-5.28925154,0.,-30.));
#3763=DIRECTION('',(0.,-1.,0.));
#3764=VECTOR('',#3763,8.);
#3765=LINE('',#3762,#3764);
#3766=EDGE_CURVE('2489017',#3759,#3761,#3765,.T.);
#3767=ORIENTED_EDGE('',*,*,#3766,.T.);
#3768=CARTESIAN_POINT('',(-5.28925154,-8.,-26.));
#3769=VERTEX_POINT('2488993',#3768);
#3770=CARTESIAN_POINT('',(-5.28925154,-8.,-26.));
#3771=DIRECTION('',(0.,0.,-1.));
#3772=VECTOR('',#3771,4.);
#3773=LINE('',#3770,#3772);
#3774=EDGE_CURVE('2489037',#3769,#3761,#3773,.T.);
#3775=ORIENTED_EDGE('',*,*,#3774,.F.);
#3776=CARTESIAN_POINT('',(-5.28925154,-8.,-26.));
#3777=DIRECTION('',(0.,1.,0.));
#3778=VECTOR('',#3777,5.);
#3779=LINE('',#3776,#3778);
#3780=EDGE_CURVE('3203947',#3769,#3736,#3779,.T.);
#3781=ORIENTED_EDGE('',*,*,#3780,.T.);
#3782=ORIENTED_EDGE('',*,*,#3741,.T.);
#3783=CARTESIAN_POINT('',(-5.28925154,0.,-28.));
#3784=VERTEX_POINT('2489001',#3783);
#3785=CARTESIAN_POINT('',(-5.28925154,-3.,-28.));
#3786=DIRECTION('',(0.,1.,0.));
#3787=VECTOR('',#3786,3.);
#3788=LINE('',#3785,#3787);
#3789=EDGE_CURVE('2489007',#3728,#3784,#3788,.T.);
#3790=ORIENTED_EDGE('',*,*,#3789,.T.);
#3791=CARTESIAN_POINT('',(-5.28925154,0.,-28.));
#3792=DIRECTION('',(0.,0.,-1.));
#3793=VECTOR('',#3792,2.);
#3794=LINE('',#3791,#3793);
#3795=EDGE_CURVE('2489016',#3784,#3759,#3794,.T.);
#3796=ORIENTED_EDGE('',*,*,#3795,.T.);
#3797=EDGE_LOOP('',(#3767,#3775,#3781,#3782,#3790,#3796));
#3798=FACE_BOUND('',#3797,.T.);
#3799=ADVANCED_FACE('2489661',(#3798),#3757,.T.);
#3800=CARTESIAN_POINT('',(-5.28925154,0.,-30.));
#3801=DIRECTION('',(0.,0.,-1.));
#3802=DIRECTION('',(1.,0.,0.));
#3803=AXIS2_PLACEMENT_3D('',#3800,#3801,#3802);
#3804=PLANE('',#3803);
#3805=CARTESIAN_POINT('',(-3.28925154,0.,-30.));
#3806=VERTEX_POINT('2489373',#3805);
#3807=CARTESIAN_POINT('',(-3.28925154,-8.,-30.));
#3808=VERTEX_POINT('2489371',#3807);
#3809=CARTESIAN_POINT('',(-3.28925154,0.,-30.));
#3810=DIRECTION('',(0.,-1.,0.));
#3811=VECTOR('',#3810,8.);
#3812=LINE('',#3809,#3811);
#3813=EDGE_CURVE('2489183',#3806,#3808,#3812,.T.);
#3814=ORIENTED_EDGE('',*,*,#3813,.T.);
#3815=CARTESIAN_POINT('',(-5.28925154,-8.,-30.));
#3816=DIRECTION('',(1.,0.,-0.));
#3817=VECTOR('',#3816,2.);
#3818=LINE('',#3815,#3817);
#3819=EDGE_CURVE('2489052',#3761,#3808,#3818,.T.);
#3820=ORIENTED_EDGE('',*,*,#3819,.F.);
#3821=ORIENTED_EDGE('',*,*,#3766,.F.);
#3822=CARTESIAN_POINT('',(-5.28925154,0.,-30.));
#3823=DIRECTION('',(1.,0.,-0.));
#3824=VECTOR('',#3823,2.);
#3825=LINE('',#3822,#3824);
#3826=EDGE_CURVE('2489022',#3759,#3806,#3825,.T.);
#3827=ORIENTED_EDGE('',*,*,#3826,.T.);
#3828=EDGE_LOOP('',(#3814,#3820,#3821,#3827));
#3829=FACE_BOUND('',#3828,.T.);
#3830=ADVANCED_FACE('2489655',(#3829),#3804,.T.);
#3831=CARTESIAN_POINT('',(-3.28925154,0.,-26.));
#3832=DIRECTION('',(1.,0.,-0.));
#3833=DIRECTION('',(0.,0.,1.));
#3834=AXIS2_PLACEMENT_3D('',#3831,#3832,#3833);
#3835=PLANE('',#3834);
#3836=CARTESIAN_POINT('',(-3.28925154,0.,-23.5));
#3837=VERTEX_POINT('2489375',#3836);
#3838=CARTESIAN_POINT('',(-3.28925154,-8.,-23.5));
#3839=VERTEX_POINT('2489369',#3838);
#3840=CARTESIAN_POINT('',(-3.28925154,0.,-23.5));
#3841=DIRECTION('',(0.,-1.,0.));
#3842=VECTOR('',#3841,8.);
#3843=LINE('',#3840,#3842);
#3844=EDGE_CURVE('2489179',#3837,#3839,#3843,.T.);
#3845=ORIENTED_EDGE('',*,*,#3844,.T.);
#3846=CARTESIAN_POINT('',(-3.28925154,-8.,-30.));
#3847=DIRECTION('',(0.,-0.,1.));
#3848=VECTOR('',#3847,6.5);
#3849=LINE('',#3846,#3848);
#3850=EDGE_CURVE('2489185',#3808,#3839,#3849,.T.);
#3851=ORIENTED_EDGE('',*,*,#3850,.F.);
#3852=ORIENTED_EDGE('',*,*,#3813,.F.);
#3853=CARTESIAN_POINT('',(-3.28925154,0.,-30.));
#3854=DIRECTION('',(0.,-0.,1.));
#3855=VECTOR('',#3854,6.5);
#3856=LINE('',#3853,#3855);
#3857=EDGE_CURVE('2489181',#3806,#3837,#3856,.T.);
#3858=ORIENTED_EDGE('',*,*,#3857,.T.);
#3859=EDGE_LOOP('',(#3845,#3851,#3852,#3858));
#3860=FACE_BOUND('',#3859,.T.);
#3861=ADVANCED_FACE('2489257',(#3860),#3835,.T.);
#3862=COLOUR_RGB('',0.686274529,0.686274529,0.56078434);
#3863=FILL_AREA_STYLE_COLOUR('',#3862);
#3864=FILL_AREA_STYLE('',(#3863));
#3865=SURFACE_STYLE_FILL_AREA(#3864);
#3866=SURFACE_SIDE_STYLE('',(#3865));
#3867=SURFACE_STYLE_USAGE(.BOTH.,#3866);
#3868=PRESENTATION_STYLE_ASSIGNMENT((#3867));
#3869=OVER_RIDING_STYLED_ITEM('',(#3868),#3861,#2377);
#3870=CARTESIAN_POINT('',(-4.28925154,0.,-23.5));
#3871=DIRECTION('',(0.,0.,1.));
#3872=DIRECTION('',(-1.,0.,0.));
#3873=AXIS2_PLACEMENT_3D('',#3870,#3871,#3872);
#3874=PLANE('',#3873);
#3875=CARTESIAN_POINT('',(-25.28925154,0.,-23.5));
#3876=VERTEX_POINT('2488983',#3875);
#3877=CARTESIAN_POINT('',(-25.28925154,-8.,-23.5));
#3878=VERTEX_POINT('2488981',#3877);
#3879=CARTESIAN_POINT('',(-25.28925154,0.,-23.5));
#3880=DIRECTION('',(0.,-1.,0.));
#3881=VECTOR('',#3880,8.);
#3882=LINE('',#3879,#3881);
#3883=EDGE_CURVE('2489061',#3876,#3878,#3882,.T.);
#3884=ORIENTED_EDGE('',*,*,#3883,.T.);
#3885=CARTESIAN_POINT('',(-3.28925154,-8.,-23.5));
#3886=DIRECTION('',(-1.,0.,0.));
#3887=VECTOR('',#3886,22.);
#3888=LINE('',#3885,#3887);
#3889=EDGE_CURVE('2489056',#3839,#3878,#3888,.T.);
#3890=ORIENTED_EDGE('',*,*,#3889,.F.);
#3891=ORIENTED_EDGE('',*,*,#3844,.F.);
#3892=CARTESIAN_POINT('',(-3.28925154,0.,-23.5));
#3893=DIRECTION('',(-1.,0.,0.));
#3894=VECTOR('',#3893,22.);
#3895=LINE('',#3892,#3894);
#3896=EDGE_CURVE('2489024',#3837,#3876,#3895,.T.);
#3897=ORIENTED_EDGE('',*,*,#3896,.T.);
#3898=EDGE_LOOP('',(#3884,#3890,#3891,#3897));
#3899=FACE_BOUND('',#3898,.T.);
#3900=ADVANCED_FACE('2489663',(#3899),#3874,.T.);
#3901=OVER_RIDING_STYLED_ITEM('',(#3868),#3900,#2377);
#3902=CARTESIAN_POINT('',(-25.28925154,0.,-23.5));
#3903=DIRECTION('',(-1.,0.,0.));
#3904=DIRECTION('',(0.,0.,-1.));
#3905=AXIS2_PLACEMENT_3D('',#3902,#3903,#3904);
#3906=PLANE('',#3905);
#3907=CARTESIAN_POINT('',(-25.28925154,0.,-30.));
#3908=VERTEX_POINT('2488974',#3907);
#3909=CARTESIAN_POINT('',(-25.28925154,-8.,-30.));
#3910=VERTEX_POINT('2488976',#3909);
#3911=CARTESIAN_POINT('',(-25.28925154,0.,-30.));
#3912=DIRECTION('',(0.,-1.,0.));
#3913=VECTOR('',#3912,8.);
#3914=LINE('',#3911,#3913);
#3915=EDGE_CURVE('2489065',#3908,#3910,#3914,.T.);
#3916=ORIENTED_EDGE('',*,*,#3915,.T.);
#3917=CARTESIAN_POINT('',(-25.28925154,-8.,-23.5));
#3918=DIRECTION('',(0.,0.,-1.));
#3919=VECTOR('',#3918,6.5);
#3920=LINE('',#3917,#3919);
#3921=EDGE_CURVE('2489063',#3878,#3910,#3920,.T.);
#3922=ORIENTED_EDGE('',*,*,#3921,.F.);
#3923=ORIENTED_EDGE('',*,*,#3883,.F.);
#3924=CARTESIAN_POINT('',(-25.28925154,0.,-23.5));
#3925=DIRECTION('',(0.,0.,-1.));
#3926=VECTOR('',#3925,6.5);
#3927=LINE('',#3924,#3926);
#3928=EDGE_CURVE('2489059',#3876,#3908,#3927,.T.);
#3929=ORIENTED_EDGE('',*,*,#3928,.T.);
#3930=EDGE_LOOP('',(#3916,#3922,#3923,#3929));
#3931=FACE_BOUND('',#3930,.T.);
#3932=ADVANCED_FACE('2489667',(#3931),#3906,.T.);
#3933=OVER_RIDING_STYLED_ITEM('',(#3868),#3932,#2377);
#3934=CARTESIAN_POINT('',(-24.28925154,0.,-26.));
#3935=DIRECTION('',(0.,0.,-1.));
#3936=DIRECTION('',(1.,0.,0.));
#3937=AXIS2_PLACEMENT_3D('',#3934,#3935,#3936);
#3938=PLANE('',#3937);
#3939=ORIENTED_EDGE('',*,*,#3780,.F.);
#3940=CARTESIAN_POINT('',(-23.28925154,-8.,-26.));
#3941=VERTEX_POINT('2488995',#3940);
#3942=CARTESIAN_POINT('',(-23.28925154,-8.,-26.));
#3943=DIRECTION('',(1.,0.,-0.));
#3944=VECTOR('',#3943,18.);
#3945=LINE('',#3942,#3944);
#3946=EDGE_CURVE('2489035',#3941,#3769,#3945,.T.);
#3947=ORIENTED_EDGE('',*,*,#3946,.F.);
#3948=CARTESIAN_POINT('',(-23.28925154,-3.,-26.));
#3949=VERTEX_POINT('2489365',#3948);
#3950=CARTESIAN_POINT('',(-23.28925154,-3.,-26.));
#3951=DIRECTION('',(0.,-1.,0.));
#3952=VECTOR('',#3951,5.);
#3953=LINE('',#3950,#3952);
#3954=EDGE_CURVE('2489050',#3949,#3941,#3953,.T.);
#3955=ORIENTED_EDGE('',*,*,#3954,.F.);
#3956=CARTESIAN_POINT('',(-23.28925154,-3.,-26.));
#3957=DIRECTION('',(1.,-0.,0.));
#3958=VECTOR('',#3957,5.);
#3959=LINE('',#3956,#3958);
#3960=EDGE_CURVE('2489187',#3949,#3696,#3959,.T.);
#3961=ORIENTED_EDGE('',*,*,#3960,.T.);
#3962=ORIENTED_EDGE('',*,*,#3716,.F.);
#3963=ORIENTED_EDGE('',*,*,#3671,.F.);
#3964=ORIENTED_EDGE('',*,*,#3632,.T.);
#3965=ORIENTED_EDGE('',*,*,#3747,.T.);
#3966=EDGE_LOOP('',(#3939,#3947,#3955,#3961,#3962,#3963,#3964,#3965));
#3967=FACE_BOUND('',#3966,.T.);
#3968=ADVANCED_FACE('2489657',(#3967),#3938,.T.);
#3969=OVER_RIDING_STYLED_ITEM('',(#3868),#3968,#2377);
#3970=CARTESIAN_POINT('',(-23.28925154,-3.,-28.));
#3971=DIRECTION('',(0.,1.,0.));
#3972=DIRECTION('',(-0.,-0.,1.));
#3973=AXIS2_PLACEMENT_3D('',#3970,#3971,#3972);
#3974=PLANE('',#3973);
#3975=ORIENTED_EDGE('',*,*,#3703,.F.);
#3976=ORIENTED_EDGE('',*,*,#3960,.F.);
#3977=CARTESIAN_POINT('',(-23.28925154,-3.,-28.));
#3978=VERTEX_POINT('2488985',#3977);
#3979=CARTESIAN_POINT('',(-23.28925154,-3.,-28.));
#3980=DIRECTION('',(0.,0.,1.));
#3981=VECTOR('',#3980,2.);
#3982=LINE('',#3979,#3981);
#3983=EDGE_CURVE('2489043',#3978,#3949,#3982,.T.);
#3984=ORIENTED_EDGE('',*,*,#3983,.F.);
#3985=CARTESIAN_POINT('',(-18.28925154,-3.,-28.));
#3986=DIRECTION('',(-1.,0.,0.));
#3987=VECTOR('',#3986,5.);
#3988=LINE('',#3985,#3987);
#3989=EDGE_CURVE('2489755',#3698,#3978,#3988,.T.);
#3990=ORIENTED_EDGE('',*,*,#3989,.F.);
#3991=EDGE_LOOP('',(#3975,#3976,#3984,#3990));
#3992=FACE_BOUND('',#3991,.T.);
#3993=ADVANCED_FACE('2489653',(#3992),#3974,.F.);
#3994=OVER_RIDING_STYLED_ITEM('',(#3688),#3993,#2377);
#3995=CARTESIAN_POINT('',(-5.28925154,-3.,-28.));
#3996=DIRECTION('',(0.,0.,-1.));
#3997=DIRECTION('',(-1.,-0.,0.));
#3998=AXIS2_PLACEMENT_3D('',#3995,#3996,#3997);
#3999=PLANE('',#3998);
#4000=ORIENTED_EDGE('',*,*,#3789,.F.);
#4001=ORIENTED_EDGE('',*,*,#3733,.T.);
#4002=ORIENTED_EDGE('',*,*,#3646,.F.);
#4003=ORIENTED_EDGE('',*,*,#3662,.F.);
#4004=ORIENTED_EDGE('',*,*,#3709,.T.);
#4005=ORIENTED_EDGE('',*,*,#3989,.T.);
#4006=CARTESIAN_POINT('',(-23.28925154,0.,-28.));
#4007=VERTEX_POINT('2488999',#4006);
#4008=CARTESIAN_POINT('',(-23.28925154,0.,-28.));
#4009=DIRECTION('',(0.,-1.,0.));
#4010=VECTOR('',#4009,3.);
#4011=LINE('',#4008,#4010);
#4012=EDGE_CURVE('2489018',#4007,#3978,#4011,.T.);
#4013=ORIENTED_EDGE('',*,*,#4012,.F.);
#4014=CARTESIAN_POINT('',(-23.28925154,0.,-28.));
#4015=DIRECTION('',(1.,0.,-0.));
#4016=VECTOR('',#4015,18.);
#4017=LINE('',#4014,#4016);
#4018=EDGE_CURVE('2489012',#4007,#3784,#4017,.T.);
#4019=ORIENTED_EDGE('',*,*,#4018,.T.);
#4020=EDGE_LOOP('',(#4000,#4001,#4002,#4003,#4004,#4005,#4013,#4019));
#4021=FACE_BOUND('',#4020,.T.);
#4022=ADVANCED_FACE('2489651',(#4021),#3999,.T.);
#4023=OVER_RIDING_STYLED_ITEM('',(#3688),#4022,#2377);
#4024=CARTESIAN_POINT('',(-24.28925154,-8.,-12.582617059));
#4025=DIRECTION('',(-1.,0.,0.));
#4026=DIRECTION('',(0.,0.,1.));
#4027=AXIS2_PLACEMENT_3D('',#4024,#4025,#4026);
#4028=PLANE('',#4027);
#4029=CARTESIAN_POINT('',(-24.28925154,-8.,-12.582617059));
#4030=VERTEX_POINT('2489429',#4029);
#4031=CARTESIAN_POINT('',(-24.28925154,0.,-12.582617059));
#4032=VERTEX_POINT('2489425',#4031);
#4033=CARTESIAN_POINT('',(-24.28925154,-8.,-12.582617059));
#4034=DIRECTION('',(0.,1.,0.));
#4035=VECTOR('',#4034,8.);
#4036=LINE('',#4033,#4035);
#4037=EDGE_CURVE('3203982',#4030,#4032,#4036,.T.);
#4038=ORIENTED_EDGE('',*,*,#4037,.F.);
#4039=CARTESIAN_POINT('',(-24.28925154,-8.,-9.582617059));
#4040=VERTEX_POINT('2489431',#4039);
#4041=CARTESIAN_POINT('',(-24.28925154,-8.,-12.582617059));
#4042=DIRECTION('',(0.,0.,1.));
#4043=VECTOR('',#4042,3.);
#4044=LINE('',#4041,#4043);
#4045=EDGE_CURVE('2489077',#4030,#4040,#4044,.T.);
#4046=ORIENTED_EDGE('',*,*,#4045,.T.);
#4047=CARTESIAN_POINT('',(-24.28925154,0.,-9.582617059));
#4048=VERTEX_POINT('2489379',#4047);
#4049=CARTESIAN_POINT('',(-24.28925154,-8.,-9.582617059));
#4050=DIRECTION('',(0.,1.,0.));
#4051=VECTOR('',#4050,8.);
#4052=LINE('',#4049,#4051);
#4053=EDGE_CURVE('3203992',#4040,#4048,#4052,.T.);
#4054=ORIENTED_EDGE('',*,*,#4053,.T.);
#4055=CARTESIAN_POINT('',(-24.28925154,0.,-9.582617059));
#4056=DIRECTION('',(0.,0.,-1.));
#4057=VECTOR('',#4056,3.);
#4058=LINE('',#4055,#4057);
#4059=EDGE_CURVE('2489087',#4048,#4032,#4058,.T.);
#4060=ORIENTED_EDGE('',*,*,#4059,.T.);
#4061=EDGE_LOOP('',(#4038,#4046,#4054,#4060));
#4062=FACE_BOUND('',#4061,.T.);
#4063=ADVANCED_FACE('2489675',(#4062),#4028,.T.);
#4064=OVER_RIDING_STYLED_ITEM('',(#1597),#4063,#2377);
#4065=CARTESIAN_POINT('',(-24.28925154,-8.,-9.582617059));
#4066=DIRECTION('',(0.,0.,1.));
#4067=DIRECTION('',(1.,-0.,-0.));
#4068=AXIS2_PLACEMENT_3D('',#4065,#4066,#4067);
#4069=PLANE('',#4068);
#4070=ORIENTED_EDGE('',*,*,#4053,.F.);
#4071=CARTESIAN_POINT('',(-4.28925154,-8.,-9.582617059));
#4072=VERTEX_POINT('2489435',#4071);
#4073=CARTESIAN_POINT('',(-24.28925154,-8.,-9.582617059));
#4074=DIRECTION('',(1.,0.,-0.));
#4075=VECTOR('',#4074,20.);
#4076=LINE('',#4073,#4075);
#4077=EDGE_CURVE('2489075',#4040,#4072,#4076,.T.);
#4078=ORIENTED_EDGE('',*,*,#4077,.T.);
#4079=CARTESIAN_POINT('',(-4.28925154,0.,-9.582617059));
#4080=VERTEX_POINT('2489427',#4079);
#4081=CARTESIAN_POINT('',(-4.28925154,-8.,-9.582617059));
#4082=DIRECTION('',(0.,1.,0.));
#4083=VECTOR('',#4082,8.);
#4084=LINE('',#4081,#4083);
#4085=EDGE_CURVE('3203967',#4072,#4080,#4084,.T.);
#4086=ORIENTED_EDGE('',*,*,#4085,.T.);
#4087=CARTESIAN_POINT('',(-4.28925154,0.,-9.582617059));
#4088=DIRECTION('',(-1.,0.,0.));
#4089=VECTOR('',#4088,20.);
#4090=LINE('',#4087,#4089);
#4091=EDGE_CURVE('2489085',#4080,#4048,#4090,.T.);
#4092=ORIENTED_EDGE('',*,*,#4091,.T.);
#4093=EDGE_LOOP('',(#4070,#4078,#4086,#4092));
#4094=FACE_BOUND('',#4093,.T.);
#4095=ADVANCED_FACE('2489673',(#4094),#4069,.T.);
#4096=OVER_RIDING_STYLED_ITEM('',(#1597),#4095,#2377);
#4097=CARTESIAN_POINT('',(0.,0.,0.));
#4098=DIRECTION('',(0.,1.,0.));
#4099=DIRECTION('',(0.,0.,-1.));
#4100=AXIS2_PLACEMENT_3D('',#4097,#4098,#4099);
#4101=PLANE('',#4100);
#4102=CARTESIAN_POINT('',(-23.28925154,0.,-30.));
#4103=VERTEX_POINT('2488997',#4102);
#4104=CARTESIAN_POINT('',(-25.28925154,0.,-30.));
#4105=DIRECTION('',(1.,0.,-0.));
#4106=VECTOR('',#4105,2.);
#4107=LINE('',#4104,#4106);
#4108=EDGE_CURVE('2489028',#3908,#4103,#4107,.T.);
#4109=ORIENTED_EDGE('',*,*,#4108,.F.);
#4110=ORIENTED_EDGE('',*,*,#3928,.F.);
#4111=ORIENTED_EDGE('',*,*,#3896,.F.);
#4112=ORIENTED_EDGE('',*,*,#3857,.F.);
#4113=ORIENTED_EDGE('',*,*,#3826,.F.);
#4114=ORIENTED_EDGE('',*,*,#3795,.F.);
#4115=ORIENTED_EDGE('',*,*,#4018,.F.);
#4116=CARTESIAN_POINT('',(-23.28925154,0.,-30.));
#4117=DIRECTION('',(0.,-0.,1.));
#4118=VECTOR('',#4117,2.);
#4119=LINE('',#4116,#4118);
#4120=EDGE_CURVE('2489026',#4103,#4007,#4119,.T.);
#4121=ORIENTED_EDGE('',*,*,#4120,.F.);
#4122=EDGE_LOOP('',(#4109,#4110,#4111,#4112,#4113,#4114,#4115,#4121));
#4123=FACE_BOUND('',#4122,.T.);
#4124=CARTESIAN_POINT('',(-4.28925154,0.,-12.582617059));
#4125=VERTEX_POINT('2489461',#4124);
#4126=CARTESIAN_POINT('',(-4.28925154,0.,-12.582617059));
#4127=DIRECTION('',(0.,-0.,1.));
#4128=VECTOR('',#4127,3.);
#4129=LINE('',#4126,#4128);
#4130=EDGE_CURVE('2489083',#4125,#4080,#4129,.T.);
#4131=ORIENTED_EDGE('',*,*,#4130,.F.);
#4132=CARTESIAN_POINT('',(-24.28925154,0.,-12.582617059));
#4133=DIRECTION('',(1.,0.,-0.));
#4134=VECTOR('',#4133,20.);
#4135=LINE('',#4132,#4134);
#4136=EDGE_CURVE('2489089',#4032,#4125,#4135,.T.);
#4137=ORIENTED_EDGE('',*,*,#4136,.F.);
#4138=ORIENTED_EDGE('',*,*,#4059,.F.);
#4139=ORIENTED_EDGE('',*,*,#4091,.F.);
#4140=EDGE_LOOP('',(#4131,#4137,#4138,#4139));
#4141=FACE_BOUND('',#4140,.T.);
#4142=ORIENTED_EDGE('',*,*,#3034,.F.);
#4143=ORIENTED_EDGE('',*,*,#3069,.T.);
#4144=ORIENTED_EDGE('',*,*,#2502,.T.);
#4145=ORIENTED_EDGE('',*,*,#2555,.T.);
#4146=ORIENTED_EDGE('',*,*,#2587,.F.);
#4147=ORIENTED_EDGE('',*,*,#2603,.F.);
#4148=ORIENTED_EDGE('',*,*,#2633,.F.);
#4149=ORIENTED_EDGE('',*,*,#2468,.T.);
#4150=ORIENTED_EDGE('',*,*,#2809,.F.);
#4151=ORIENTED_EDGE('',*,*,#2444,.F.);
#4152=ORIENTED_EDGE('',*,*,#2656,.F.);
#4153=ORIENTED_EDGE('',*,*,#2674,.F.);
#4154=EDGE_LOOP('',(#4142,#4143,#4144,#4145,#4146,#4147,#4148,#4149,#4150,#4151,#4152,#4153));
#4155=FACE_BOUND('',#4154,.T.);
#4156=ADVANCED_FACE('2489467',(#4123,#4141,#4155),#4101,.F.);
#4157=CARTESIAN_POINT('',(-4.28925154,-8.,-12.582617059));
#4158=DIRECTION('',(-0.,0.,-1.));
#4159=DIRECTION('',(-1.,-0.,0.));
#4160=AXIS2_PLACEMENT_3D('',#4157,#4158,#4159);
#4161=PLANE('',#4160);
#4162=CARTESIAN_POINT('',(-4.28925154,-8.,-12.582617059));
#4163=VERTEX_POINT('2489433',#4162);
#4164=CARTESIAN_POINT('',(-4.28925154,-8.,-12.582617059));
#4165=DIRECTION('',(0.,1.,0.));
#4166=VECTOR('',#4165,8.);
#4167=LINE('',#4164,#4166);
#4168=EDGE_CURVE('3203972',#4163,#4125,#4167,.T.);
#4169=ORIENTED_EDGE('',*,*,#4168,.F.);
#4170=CARTESIAN_POINT('',(-4.28925154,-8.,-12.582617059));
#4171=DIRECTION('',(-1.,0.,0.));
#4172=VECTOR('',#4171,20.);
#4173=LINE('',#4170,#4172);
#4174=EDGE_CURVE('2489071',#4163,#4030,#4173,.T.);
#4175=ORIENTED_EDGE('',*,*,#4174,.T.);
#4176=ORIENTED_EDGE('',*,*,#4037,.T.);
#4177=ORIENTED_EDGE('',*,*,#4136,.T.);
#4178=EDGE_LOOP('',(#4169,#4175,#4176,#4177));
#4179=FACE_BOUND('',#4178,.T.);
#4180=ADVANCED_FACE('2489677',(#4179),#4161,.T.);
#4181=OVER_RIDING_STYLED_ITEM('',(#1597),#4180,#2377);
#4182=CARTESIAN_POINT('',(-4.28925154,-8.,-9.582617059));
#4183=DIRECTION('',(1.,0.,0.));
#4184=DIRECTION('',(0.,0.,-1.));
#4185=AXIS2_PLACEMENT_3D('',#4182,#4183,#4184);
#4186=PLANE('',#4185);
#4187=ORIENTED_EDGE('',*,*,#4085,.F.);
#4188=CARTESIAN_POINT('',(-4.28925154,-8.,-9.582617059));
#4189=DIRECTION('',(0.,0.,-1.));
#4190=VECTOR('',#4189,3.);
#4191=LINE('',#4188,#4190);
#4192=EDGE_CURVE('2489069',#4072,#4163,#4191,.T.);
#4193=ORIENTED_EDGE('',*,*,#4192,.T.);
#4194=ORIENTED_EDGE('',*,*,#4168,.T.);
#4195=ORIENTED_EDGE('',*,*,#4130,.T.);
#4196=EDGE_LOOP('',(#4187,#4193,#4194,#4195));
#4197=FACE_BOUND('',#4196,.T.);
#4198=ADVANCED_FACE('2489671',(#4197),#4186,.T.);
#4199=OVER_RIDING_STYLED_ITEM('',(#1597),#4198,#2377);
#4200=CARTESIAN_POINT('',(-24.28925154,0.,-30.));
#4201=DIRECTION('',(0.,0.,-1.));
#4202=DIRECTION('',(1.,0.,0.));
#4203=AXIS2_PLACEMENT_3D('',#4200,#4201,#4202);
#4204=PLANE('',#4203);
#4205=CARTESIAN_POINT('',(-23.28925154,-8.,-30.));
#4206=VERTEX_POINT('2488989',#4205);
#4207=CARTESIAN_POINT('',(-23.28925154,0.,-30.));
#4208=DIRECTION('',(0.,-1.,0.));
#4209=VECTOR('',#4208,8.);
#4210=LINE('',#4207,#4209);
#4211=EDGE_CURVE('2489030',#4103,#4206,#4210,.T.);
#4212=ORIENTED_EDGE('',*,*,#4211,.T.);
#4213=CARTESIAN_POINT('',(-25.28925154,-8.,-30.));
#4214=DIRECTION('',(1.,0.,-0.));
#4215=VECTOR('',#4214,2.);
#4216=LINE('',#4213,#4215);
#4217=EDGE_CURVE('2489039',#3910,#4206,#4216,.T.);
#4218=ORIENTED_EDGE('',*,*,#4217,.F.);
#4219=ORIENTED_EDGE('',*,*,#3915,.F.);
#4220=ORIENTED_EDGE('',*,*,#4108,.T.);
#4221=EDGE_LOOP('',(#4212,#4218,#4219,#4220));
#4222=FACE_BOUND('',#4221,.T.);
#4223=ADVANCED_FACE('2489659',(#4222),#4204,.T.);
#4224=CARTESIAN_POINT('',(-23.28925154,0.,-30.));
#4225=DIRECTION('',(1.,0.,0.));
#4226=DIRECTION('',(0.,0.,1.));
#4227=AXIS2_PLACEMENT_3D('',#4224,#4225,#4226);
#4228=PLANE('',#4227);
#4229=ORIENTED_EDGE('',*,*,#3954,.T.);
#4230=CARTESIAN_POINT('',(-23.28925154,-8.,-30.));
#4231=DIRECTION('',(0.,0.,1.));
#4232=VECTOR('',#4231,4.);
#4233=LINE('',#4230,#4232);
#4234=EDGE_CURVE('2489041',#4206,#3941,#4233,.T.);
#4235=ORIENTED_EDGE('',*,*,#4234,.F.);
#4236=ORIENTED_EDGE('',*,*,#4211,.F.);
#4237=ORIENTED_EDGE('',*,*,#4120,.T.);
#4238=ORIENTED_EDGE('',*,*,#4012,.T.);
#4239=ORIENTED_EDGE('',*,*,#3983,.T.);
#4240=EDGE_LOOP('',(#4229,#4235,#4236,#4237,#4238,#4239));
#4241=FACE_BOUND('',#4240,.T.);
#4242=ADVANCED_FACE('2489665',(#4241),#4228,.T.);
#4243=CARTESIAN_POINT('',(-24.28925154,-8.,-12.582617059));
#4244=DIRECTION('',(0.,1.,0.));
#4245=DIRECTION('',(-0.,-0.,1.));
#4246=AXIS2_PLACEMENT_3D('',#4243,#4244,#4245);
#4247=PLANE('',#4246);
#4248=ORIENTED_EDGE('',*,*,#4174,.F.);
#4249=ORIENTED_EDGE('',*,*,#4192,.F.);
#4250=ORIENTED_EDGE('',*,*,#4077,.F.);
#4251=ORIENTED_EDGE('',*,*,#4045,.F.);
#4252=EDGE_LOOP('',(#4248,#4249,#4250,#4251));
#4253=FACE_BOUND('',#4252,.T.);
#4254=ADVANCED_FACE('2489669',(#4253),#4247,.F.);
#4255=OVER_RIDING_STYLED_ITEM('',(#1597),#4254,#2377);
#4256=CARTESIAN_POINT('',(0.,-8.,-2.));
#4257=DIRECTION('',(0.,-1.,-0.));
#4258=DIRECTION('',(0.,-0.,1.));
#4259=AXIS2_PLACEMENT_3D('',#4256,#4257,#4258);
#4260=PLANE('',#4259);
#4261=ORIENTED_EDGE('',*,*,#3921,.T.);
#4262=ORIENTED_EDGE('',*,*,#4217,.T.);
#4263=ORIENTED_EDGE('',*,*,#4234,.T.);
#4264=ORIENTED_EDGE('',*,*,#3946,.T.);
#4265=ORIENTED_EDGE('',*,*,#3774,.T.);
#4266=ORIENTED_EDGE('',*,*,#3819,.T.);
#4267=ORIENTED_EDGE('',*,*,#3850,.T.);
#4268=ORIENTED_EDGE('',*,*,#3889,.T.);
#4269=EDGE_LOOP('',(#4261,#4262,#4263,#4264,#4265,#4266,#4267,#4268));
#4270=FACE_BOUND('',#4269,.T.);
#4271=ADVANCED_FACE('2489649',(#4270),#4260,.T.);
#4272=OVER_RIDING_STYLED_ITEM('',(#3868),#4271,#2377);
#4273=CARTESIAN_POINT('',(-16.934239155,-7.55,-0.3));
#4274=DIRECTION('',(0.,-1.,-0.));
#4275=DIRECTION('',(1.,0.,0.));
#4276=AXIS2_PLACEMENT_3D('',#4273,#4274,#4275);
#4277=CYLINDRICAL_SURFACE('',#4276,0.3);
#4278=ORIENTED_EDGE('',*,*,#3453,.F.);
#4279=CARTESIAN_POINT('',(-17.078649272,-4.,-0.037044266));
#4280=VERTEX_POINT('3475416',#4279);
#4281=CARTESIAN_POINT('',(-16.934239155,-4.,-0.3));
#4282=DIRECTION('',(-0.,1.,0.));
#4283=DIRECTION('',(1.,0.,0.));
#4284=AXIS2_PLACEMENT_3D('',#4281,#4282,#4283);
#4285=CIRCLE('',#4284,0.3);
#4286=EDGE_CURVE('3475437',#3442,#4280,#4285,.T.);
#4287=ORIENTED_EDGE('',*,*,#4286,.T.);
#4288=CARTESIAN_POINT('',(-17.078649271,-4.000000001,-0.037044266));
#4289=CARTESIAN_POINT('',(-17.061414361,-3.802011423,-0.027579192));
#4290=CARTESIAN_POINT('',(-17.040543023,-3.607553339,-0.018354504));
#4291=CARTESIAN_POINT('',(-17.016507205,-3.421759021,-0.011500489));
#4292=CARTESIAN_POINT('',(-16.992471386,-3.235964703,-0.004646474));
#4293=CARTESIAN_POINT('',(-16.965172652,-3.057374387,-0.));
#4294=CARTESIAN_POINT('',(-16.934239155,-2.885578349,-0.));
#4295=B_SPLINE_CURVE_WITH_KNOTS('',3,(#4288,#4289,#4290,#4291,#4292,#4293,#4294),.UNSPECIFIED.,.F.,.F.,(4,3,4),(0.,0.000644689,0.001289378),.UNSPECIFIED.);
#4296=EDGE_CURVE('3475417',#4280,#3231,#4295,.T.);
#4297=ORIENTED_EDGE('',*,*,#4296,.T.);
#4298=ORIENTED_EDGE('',*,*,#3236,.F.);
#4299=ORIENTED_EDGE('',*,*,#3415,.F.);
#4300=EDGE_LOOP('',(#4278,#4287,#4297,#4298,#4299));
#4301=FACE_BOUND('',#4300,.T.);
#4302=ADVANCED_FACE('3232240',(#4301),#4277,.T.);
#4303=CARTESIAN_POINT('',(-25.035090327,0.,-0.3));
#4304=DIRECTION('',(0.,-1.,-0.));
#4305=DIRECTION('',(1.,0.,0.));
#4306=AXIS2_PLACEMENT_3D('',#4303,#4304,#4305);
#4307=CYLINDRICAL_SURFACE('',#4306,0.3);
#4308=ORIENTED_EDGE('',*,*,#3357,.F.);
#4309=CARTESIAN_POINT('',(-25.035090327,-4.,-0.3));
#4310=DIRECTION('',(-0.,1.,0.));
#4311=DIRECTION('',(1.,0.,0.));
#4312=AXIS2_PLACEMENT_3D('',#4309,#4310,#4311);
#4313=CIRCLE('',#4312,0.3);
#4314=EDGE_CURVE('3475479',#3344,#3559,#4313,.T.);
#4315=ORIENTED_EDGE('',*,*,#4314,.T.);
#4316=ORIENTED_EDGE('',*,*,#3564,.F.);
#4317=ORIENTED_EDGE('',*,*,#3383,.F.);
#4318=EDGE_LOOP('',(#4308,#4315,#4316,#4317));
#4319=FACE_BOUND('',#4318,.T.);
#4320=ADVANCED_FACE('3322590',(#4319),#4307,.T.);
#4321=CARTESIAN_POINT('',(-16.14583533,-3.500736384,1.));
#4322=CARTESIAN_POINT('',(-16.14583533,-3.500736384,0.869100306));
#4323=CARTESIAN_POINT('',(-16.166355371,-3.484725467,0.738252116));
#4324=CARTESIAN_POINT('',(-16.245342624,-3.423095067,0.49638102));
#4325=CARTESIAN_POINT('',(-16.303778758,-3.377499833,0.38545328));
#4326=CARTESIAN_POINT('',(-16.44972817,-3.263621702,0.200333158));
#4327=CARTESIAN_POINT('',(-16.537184024,-3.195383611,0.126213612));
#4328=CARTESIAN_POINT('',(-16.727876122,-3.046594663,0.026027323));
#4329=CARTESIAN_POINT('',(-16.831037335,-2.966102347,-0.));
#4330=CARTESIAN_POINT('',(-16.934239155,-2.885578349,-0.));
#4331=CARTESIAN_POINT('',(-16.217799715,-3.592967963,1.));
#4332=CARTESIAN_POINT('',(-16.214213867,-3.588372239,0.873856366));
#4333=CARTESIAN_POINT('',(-16.230216313,-3.569683817,0.747754906));
#4334=CARTESIAN_POINT('',(-16.299205474,-3.506767011,0.513242387));
#4335=CARTESIAN_POINT('',(-16.352169546,-3.462559872,0.404909818));
#4336=CARTESIAN_POINT('',(-16.487679162,-3.354823192,0.221233126));
#4337=CARTESIAN_POINT('',(-16.570179705,-3.291329555,0.145950724));
#4338=CARTESIAN_POINT('',(-16.75317349,-3.153931341,0.039051386));
#4339=CARTESIAN_POINT('',(-16.853605597,-3.080072349,0.007470801));
#4340=CARTESIAN_POINT('',(-16.955956218,-3.006188874,-0.));
#4341=CARTESIAN_POINT('',(-16.283795879,-3.687767058,0.989952899));
#4342=CARTESIAN_POINT('',(-16.278272334,-3.67970871,0.868917794));
#4343=CARTESIAN_POINT('',(-16.291315835,-3.659264131,0.747917443));
#4344=CARTESIAN_POINT('',(-16.352863185,-3.596267,0.52165018));
#4345=CARTESIAN_POINT('',(-16.401349497,-3.553732607,0.41644828));
#4346=CARTESIAN_POINT('',(-16.527487835,-3.452097177,0.235536896));
#4347=CARTESIAN_POINT('',(-16.605103771,-3.393025248,0.15987952));
#4348=CARTESIAN_POINT('',(-16.779395062,-3.266003456,0.047983609));
#4349=CARTESIAN_POINT('',(-16.876020435,-3.198089889,0.01177753));
#4350=CARTESIAN_POINT('',(-16.97587222,-3.130156922,-0.002318562));
#4351=CARTESIAN_POINT('',(-16.404861607,-3.882684232,0.957692519));
#4352=CARTESIAN_POINT('',(-16.397221322,-3.869548666,0.846671859));
#4353=CARTESIAN_POINT('',(-16.406072223,-3.847031492,0.735674205));
#4354=CARTESIAN_POINT('',(-16.455795139,-3.785739907,0.525982034));
#4355=CARTESIAN_POINT('',(-16.496656998,-3.746978272,0.427331017));
#4356=CARTESIAN_POINT('',(-16.605887984,-3.657502317,0.253323951));
#4357=CARTESIAN_POINT('',(-16.674234617,-3.606806457,0.178004136));
#4358=CARTESIAN_POINT('',(-16.830857623,-3.49907908,0.059079897));
#4359=CARTESIAN_POINT('',(-16.919101611,-3.442069696,0.015500471));
#4360=CARTESIAN_POINT('',(-17.012406848,-3.385048611,-0.009763265));
#4361=CARTESIAN_POINT('',(-16.459922661,-3.982798604,0.935390703));
#4362=CARTESIAN_POINT('',(-16.452114579,-3.968046921,0.82929578));
#4363=CARTESIAN_POINT('',(-16.459742382,-3.945212452,0.723219504));
#4364=CARTESIAN_POINT('',(-16.505097612,-3.885705927,0.521890216));
#4365=CARTESIAN_POINT('',(-16.542817106,-3.849044332,0.426672611));
#4366=CARTESIAN_POINT('',(-16.644512679,-3.765626966,0.256819691));
#4367=CARTESIAN_POINT('',(-16.708470943,-3.718885793,0.182214308));
#4368=CARTESIAN_POINT('',(-16.856115018,-3.620077072,0.061249567));
#4369=CARTESIAN_POINT('',(-16.939774933,-3.568026783,0.014911633));
#4370=CARTESIAN_POINT('',(-17.029022906,-3.515967405,-0.014909838));
#4371=CARTESIAN_POINT('',(-16.559441152,-4.188708186,0.884208404));
#4372=CARTESIAN_POINT('',(-16.552140164,-4.17219832,0.78742124));
#4373=CARTESIAN_POINT('',(-16.558239533,-4.149840164,0.690646015));
#4374=CARTESIAN_POINT('',(-16.596721026,-4.095346554,0.505397739));
#4375=CARTESIAN_POINT('',(-16.629098445,-4.063217825,0.416947563));
#4376=CARTESIAN_POINT('',(-16.717365998,-3.991939042,0.255968271));
#4377=CARTESIAN_POINT('',(-16.773245307,-3.952797711,0.183459101));
#4378=CARTESIAN_POINT('',(-16.903725898,-3.870843923,0.060623871));
#4379=CARTESIAN_POINT('',(-16.978311144,-3.828041459,0.010313143));
#4380=CARTESIAN_POINT('',(-17.059055113,-3.785233781,-0.026721138));
#4381=CARTESIAN_POINT('',(-16.603823309,-4.294534929,0.855274079));
#4382=CARTESIAN_POINT('',(-16.597205428,-4.27789115,0.762871658));
#4383=CARTESIAN_POINT('',(-16.603008372,-4.256332885,0.670478829));
#4384=CARTESIAN_POINT('',(-16.639000065,-4.205075444,0.492954448));
#4385=CARTESIAN_POINT('',(-16.669185083,-4.175381563,0.407841335));
#4386=CARTESIAN_POINT('',(-16.751570777,-4.110183048,0.251588162));
#4387=CARTESIAN_POINT('',(-16.803762925,-4.074685131,0.180464355));
#4388=CARTESIAN_POINT('',(-16.926061117,-4.000661919,0.057807011));
#4389=CARTESIAN_POINT('',(-16.996154497,-3.962144239,0.006286274));
#4390=CARTESIAN_POINT('',(-17.072448543,-3.923622598,-0.033398294));
#4391=CARTESIAN_POINT('',(-16.643144378,-4.403995967,0.825645043));
#4392=CARTESIAN_POINT('',(-16.637337867,-4.387786384,0.737270749));
#4393=CARTESIAN_POINT('',(-16.643048385,-4.367452865,0.648904267));
#4394=CARTESIAN_POINT('',(-16.677091359,-4.320005391,0.47856419));
#4395=CARTESIAN_POINT('',(-16.705420807,-4.29289563,0.396605653));
#4396=CARTESIAN_POINT('',(-16.782651134,-4.233860521,0.245026394));
#4397=CARTESIAN_POINT('',(-16.831545187,-4.201940392,0.175419073));
#4398=CARTESIAN_POINT('',(-16.946362473,-4.135598599,0.053592497));
#4399=CARTESIAN_POINT('',(-17.012275557,-4.101182799,0.001384012));
#4400=CARTESIAN_POINT('',(-17.084314664,-4.066763957,-0.040235764));
#4401=CARTESIAN_POINT('',(-16.644122615,-4.406730622,0.824905009));
#4402=CARTESIAN_POINT('',(-16.638336441,-4.390532244,0.736631034));
#4403=CARTESIAN_POINT('',(-16.644044786,-4.370229572,0.648364827));
#4404=CARTESIAN_POINT('',(-16.67803947,-4.322877572,0.478203734));
#4405=CARTESIAN_POINT('',(-16.706322818,-4.295832411,0.396323823));
#4406=CARTESIAN_POINT('',(-16.78342493,-4.236951203,0.244861199));
#4407=CARTESIAN_POINT('',(-16.832236909,-4.205120339,0.175291816));
#4408=CARTESIAN_POINT('',(-16.946867912,-4.138970123,0.053486397));
#4409=CARTESIAN_POINT('',(-17.012676849,-4.104656593,0.001261081));
#4410=CARTESIAN_POINT('',(-17.084609872,-4.070340044,-0.040406541));
#4411=CARTESIAN_POINT('',(-16.645097077,-4.409466232,0.82416495));
#4412=CARTESIAN_POINT('',(-16.639331313,-4.393279419,0.735991012));
#4413=CARTESIAN_POINT('',(-16.645037616,-4.373007851,0.647824799));
#4414=CARTESIAN_POINT('',(-16.678984384,-4.325751644,0.477842249));
#4415=CARTESIAN_POINT('',(-16.707221874,-4.298771147,0.396040804));
#4416=CARTESIAN_POINT('',(-16.784196305,-4.240043817,0.244694716));
#4417=CARTESIAN_POINT('',(-16.832926502,-4.208302129,0.175163334));
#4418=CARTESIAN_POINT('',(-16.947371773,-4.142343234,0.053379473));
#4419=CARTESIAN_POINT('',(-17.013076819,-4.108131806,0.001137666));
#4420=CARTESIAN_POINT('',(-17.08490394,-4.07391738,-0.040577324));
#4421=B_SPLINE_SURFACE_WITH_KNOTS('',3,3,((#4321,#4322,#4323,#4324,#4325,#4326,#4327,#4328,#4329,#4330),(#4331,#4332,#4333,#4334,#4335,#4336,#4337,#4338,#4339,#4340),(#4341,#4342,#4343,#4344,#4345,#4346,#4347,#4348,#4349,#4350),(#4351,#4352,#4353,#4354,#4355,#4356,#4357,#4358,#4359,#4360),(#4361,#4362,#4363,#4364,#4365,#4366,#4367,#4368,#4369,#4370),(#4371,#4372,#4373,#4374,#4375,#4376,#4377,#4378,#4379,#4380),(#4381,#4382,#4383,#4384,#4385,#4386,#4387,#4388,#4389,#4390),(#4391,#4392,#4393,#4394,#4395,#4396,#4397,#4398,#4399,#4400),(#4401,#4402,#4403,#4404,#4405,#4406,#4407,#4408,#4409,#4410),(#4411,#4412,#4413,#4414,#4415,#4416,#4417,#4418,#4419,#4420)),.UNSPECIFIED.,.F.,.F.,.U.,(4,2,2,2,4),(4,2,2,2,4),(0.,0.000452608,0.000905216,0.001357824,0.001369417),(0.,0.25,0.5,0.75,1.),.UNSPECIFIED.);
#4422=CARTESIAN_POINT('',(-16.559837782,-4.105834757,0.627084223));
#4423=VERTEX_POINT('3510712',#4422);
#4424=CARTESIAN_POINT('',(-17.07864926,-4.000000011,-0.037044259));
#4425=CARTESIAN_POINT('',(-17.01500976,-4.009101522,-0.002094695));
#4426=CARTESIAN_POINT('',(-16.956047055,-4.018356106,0.038550374));
#4427=CARTESIAN_POINT('',(-16.901525641,-4.02769676,0.084634503));
#4428=CARTESIAN_POINT('',(-16.847004227,-4.037037414,0.130718632));
#4429=CARTESIAN_POINT('',(-16.79649995,-4.046555585,0.182802914));
#4430=CARTESIAN_POINT('',(-16.751834062,-4.055822062,0.239461912));
#4431=CARTESIAN_POINT('',(-16.707168173,-4.065088539,0.296120911));
#4432=CARTESIAN_POINT('',(-16.668640679,-4.074016358,0.356714796));
#4433=CARTESIAN_POINT('',(-16.636373544,-4.082445194,0.421416712));
#4434=CARTESIAN_POINT('',(-16.604106409,-4.09087403,0.486118629));
#4435=CARTESIAN_POINT('',(-16.577941285,-4.098886301,0.555889736));
#4436=CARTESIAN_POINT('',(-16.559838392,-4.105835476,0.627083102));
#4437=B_SPLINE_CURVE_WITH_KNOTS('',3,(#4424,#4425,#4426,#4427,#4428,#4429,#4430,#4431,#4432,#4433,#4434,#4435,#4436),.UNSPECIFIED.,.F.,.F.,(4,3,3,3,4),(0.002341609,0.002499942,0.002658275,0.002816609,0.002974942),.UNSPECIFIED.);
#4438=EDGE_CURVE('3475426',#4280,#4423,#4437,.T.);
#4439=ORIENTED_EDGE('',*,*,#4438,.T.);
#4440=CARTESIAN_POINT('',(-16.559858794,-4.105868665,0.627057972));
#4441=CARTESIAN_POINT('',(-16.583145074,-4.210114324,0.687404333));
#4442=CARTESIAN_POINT('',(-16.610418129,-4.312108373,0.751731154));
#4443=CARTESIAN_POINT('',(-16.645096961,-4.409466067,0.824164809));
#4444=B_SPLINE_CURVE_WITH_KNOTS('',3,(#4440,#4441,#4442,#4443),.UNSPECIFIED.,.F.,.F.,(4,4),(0.001411278,0.001768714),.UNSPECIFIED.);
#4445=EDGE_CURVE('3510713',#4423,#3264,#4444,.T.);
#4446=ORIENTED_EDGE('',*,*,#4445,.T.);
#4447=ORIENTED_EDGE('',*,*,#3273,.F.);
#4448=CARTESIAN_POINT('',(-16.934239155,-2.885578349,1.));
#4449=DIRECTION('',(-0.615158036,-0.788403825,0.));
#4450=DIRECTION('',(0.788403825,-0.615158036,0.));
#4451=AXIS2_PLACEMENT_3D('',#4448,#4449,#4450);
#4452=CIRCLE('',#4451,1.);
#4453=EDGE_CURVE('3332389',#3231,#3262,#4452,.T.);
#4454=ORIENTED_EDGE('',*,*,#4453,.F.);
#4455=ORIENTED_EDGE('',*,*,#4296,.F.);
#4456=EDGE_LOOP('',(#4439,#4446,#4447,#4454,#4455));
#4457=FACE_BOUND('',#4456,.T.);
#4458=ADVANCED_FACE('3332407',(#4457),#4421,.F.);
#4459=CARTESIAN_POINT('',(-13.583522899,-5.5,1.));
#4460=DIRECTION('',(-0.,-0.,1.));
#4461=DIRECTION('',(1.,0.,0.));
#4462=AXIS2_PLACEMENT_3D('',#4459,#4460,#4461);
#4463=TOROIDAL_SURFACE('',#4462,4.25,1.);
#4464=ORIENTED_EDGE('',*,*,#3147,.F.);
#4465=ORIENTED_EDGE('',*,*,#3243,.F.);
#4466=ORIENTED_EDGE('',*,*,#4453,.T.);
#4467=ORIENTED_EDGE('',*,*,#3296,.F.);
#4468=EDGE_LOOP('',(#4464,#4465,#4466,#4467));
#4469=FACE_BOUND('',#4468,.T.);
#4470=ADVANCED_FACE('3332384',(#4469),#4463,.F.);
#4471=CARTESIAN_POINT('',(-29.,-4.,0.3));
#4472=DIRECTION('',(1.,0.,0.));
#4473=DIRECTION('',(0.,0.,-1.));
#4474=AXIS2_PLACEMENT_3D('',#4471,#4472,#4473);
#4475=CYLINDRICAL_SURFACE('',#4474,0.3);
#4476=ORIENTED_EDGE('',*,*,#3325,.F.);
#4477=ORIENTED_EDGE('',*,*,#3544,.F.);
#4478=CARTESIAN_POINT('',(-25.035090327,-4.,0.3));
#4479=DIRECTION('',(-1.,0.,0.));
#4480=DIRECTION('',(0.,0.,1.));
#4481=AXIS2_PLACEMENT_3D('',#4478,#4479,#4480);
#4482=CIRCLE('',#4481,0.3);
#4483=EDGE_CURVE('3475318',#3344,#3532,#4482,.T.);
#4484=ORIENTED_EDGE('',*,*,#4483,.F.);
#4485=ORIENTED_EDGE('',*,*,#3349,.F.);
#4486=EDGE_LOOP('',(#4476,#4477,#4484,#4485));
#4487=FACE_BOUND('',#4486,.T.);
#4488=ADVANCED_FACE('3475327',(#4487),#4475,.F.);
#4489=CARTESIAN_POINT('',(-25.035090327,-4.,-0.3));
#4490=DIRECTION('',(0.,-1.,-0.));
#4491=DIRECTION('',(1.,0.,0.));
#4492=AXIS2_PLACEMENT_3D('',#4489,#4490,#4491);
#4493=TOROIDAL_SURFACE('',#4492,0.6,0.3);
#4494=ORIENTED_EDGE('',*,*,#4483,.T.);
#4495=ORIENTED_EDGE('',*,*,#3538,.F.);
#4496=CARTESIAN_POINT('',(-24.435090327,-4.,-0.3));
#4497=DIRECTION('',(-0.,0.,1.));
#4498=DIRECTION('',(1.,0.,0.));
#4499=AXIS2_PLACEMENT_3D('',#4496,#4497,#4498);
#4500=CIRCLE('',#4499,0.3);
#4501=EDGE_CURVE('3475301',#3559,#3524,#4500,.T.);
#4502=ORIENTED_EDGE('',*,*,#4501,.F.);
#4503=ORIENTED_EDGE('',*,*,#4314,.F.);
#4504=EDGE_LOOP('',(#4494,#4495,#4502,#4503));
#4505=FACE_BOUND('',#4504,.T.);
#4506=ADVANCED_FACE('3475310',(#4505),#4493,.F.);
#4507=CARTESIAN_POINT('',(-24.435090327,-4.,-1.592965686));
#4508=DIRECTION('',(0.,-0.,1.));
#4509=DIRECTION('',(0.,-1.,-0.));
#4510=AXIS2_PLACEMENT_3D('',#4507,#4508,#4509);
#4511=CYLINDRICAL_SURFACE('',#4510,0.3);
#4512=ORIENTED_EDGE('',*,*,#4501,.T.);
#4513=ORIENTED_EDGE('',*,*,#3529,.F.);
#4514=CARTESIAN_POINT('',(-24.735090327,-4.,-1.592965822));
#4515=CARTESIAN_POINT('',(-24.735090327,-4.01964581,-1.592965822));
#4516=CARTESIAN_POINT('',(-24.733154354,-4.039291134,-1.592965823));
#4517=CARTESIAN_POINT('',(-24.729319555,-4.058559039,-1.592965823));
#4518=CARTESIAN_POINT('',(-24.725484756,-4.077826945,-1.592965824));
#4519=CARTESIAN_POINT('',(-24.719751319,-4.096716477,-1.592965824));
#4520=CARTESIAN_POINT('',(-24.712229253,-4.114865207,-1.592965825));
#4521=CARTESIAN_POINT('',(-24.704707186,-4.133013936,-1.592965825));
#4522=CARTESIAN_POINT('',(-24.695396861,-4.150420963,-1.592965826));
#4523=CARTESIAN_POINT('',(-24.684476914,-4.166752301,-1.592965826));
#4524=CARTESIAN_POINT('',(-24.673556967,-4.18308364,-1.592965827));
#4525=CARTESIAN_POINT('',(-24.661027939,-4.198338481,-1.592965827));
#4526=CARTESIAN_POINT('',(-24.647130222,-4.212224133,-1.592965828));
#4527=CARTESIAN_POINT('',(-24.633232505,-4.226109785,-1.592965828));
#4528=CARTESIAN_POINT('',(-24.617966788,-4.23862556,-1.592965829));
#4529=CARTESIAN_POINT('',(-24.601625971,-4.249531319,-1.592965829));
#4530=CARTESIAN_POINT('',(-24.585285155,-4.260437078,-1.59296583));
#4531=CARTESIAN_POINT('',(-24.567870048,-4.269732281,-1.59296583));
#4532=CARTESIAN_POINT('',(-24.549714793,-4.277238583,-1.592965831));
#4533=CARTESIAN_POINT('',(-24.531559537,-4.284744884,-1.592965831));
#4534=CARTESIAN_POINT('',(-24.512665033,-4.290461913,-1.592965832));
#4535=CARTESIAN_POINT('',(-24.493393804,-4.294279976,-1.592965832));
#4536=CARTESIAN_POINT('',(-24.474122575,-4.29809804,-1.592965833));
#4537=CARTESIAN_POINT('',(-24.454475578,-4.300016949,-1.592965833));
#4538=CARTESIAN_POINT('',(-24.434829775,-4.299999887,-1.592965834));
#4539=B_SPLINE_CURVE_WITH_KNOTS('',3,(#4514,#4515,#4516,#4517,#4518,#4519,#4520,#4521,#4522,#4523,#4524,#4525,#4526,#4527,#4528,#4529,#4530,#4531,#4532,#4533,#4534,#4535,#4536,#4537,#4538),.UNSPECIFIED.,.F.,.F.,(4,3,3,3,3,3,3,3,4),(0.,0.125,0.25,0.375,0.5,0.625,0.75,0.875,1.),.UNSPECIFIED.);
#4540=EDGE_CURVE('3475284',#3567,#3515,#4539,.T.);
#4541=ORIENTED_EDGE('',*,*,#4540,.F.);
#4542=ORIENTED_EDGE('',*,*,#3572,.F.);
#4543=EDGE_LOOP('',(#4512,#4513,#4541,#4542));
#4544=FACE_BOUND('',#4543,.T.);
#4545=ADVANCED_FACE('3475293',(#4544),#4511,.F.);
#4546=CARTESIAN_POINT('',(-20.98483033,-4.,-1.594923074));
#4547=DIRECTION('',(0.,-1.,-0.));
#4548=DIRECTION('',(1.,0.,0.));
#4549=AXIS2_PLACEMENT_3D('',#4546,#4547,#4548);
#4550=TOROIDAL_SURFACE('',#4549,3.45,0.3);
#4551=ORIENTED_EDGE('',*,*,#4540,.T.);
#4552=ORIENTED_EDGE('',*,*,#3521,.F.);
#4553=CARTESIAN_POINT('',(-17.534239155,-4.,-1.592965686));
#4554=DIRECTION('',(-0.,0.,-1.));
#4555=DIRECTION('',(0.,-1.,-0.));
#4556=AXIS2_PLACEMENT_3D('',#4553,#4554,#4555);
#4557=CIRCLE('',#4556,0.3);
#4558=EDGE_CURVE('3475267',#3434,#3507,#4557,.T.);
#4559=ORIENTED_EDGE('',*,*,#4558,.F.);
#4560=ORIENTED_EDGE('',*,*,#3604,.F.);
#4561=ORIENTED_EDGE('',*,*,#3597,.F.);
#4562=EDGE_LOOP('',(#4551,#4552,#4559,#4560,#4561));
#4563=FACE_BOUND('',#4562,.T.);
#4564=ADVANCED_FACE('3475276',(#4563),#4550,.F.);
#4565=CARTESIAN_POINT('',(-17.534239155,-4.,-0.));
#4566=DIRECTION('',(0.,-0.,1.));
#4567=DIRECTION('',(0.,-1.,-0.));
#4568=AXIS2_PLACEMENT_3D('',#4565,#4566,#4567);
#4569=CYLINDRICAL_SURFACE('',#4568,0.3);
#4570=ORIENTED_EDGE('',*,*,#4558,.T.);
#4571=ORIENTED_EDGE('',*,*,#3512,.F.);
#4572=CARTESIAN_POINT('',(-17.534239155,-4.,-0.3));
#4573=DIRECTION('',(0.,0.,-1.));
#4574=DIRECTION('',(-1.,0.,0.));
#4575=AXIS2_PLACEMENT_3D('',#4572,#4573,#4574);
#4576=CIRCLE('',#4575,0.3);
#4577=EDGE_CURVE('3475250',#3442,#3498,#4576,.T.);
#4578=ORIENTED_EDGE('',*,*,#4577,.F.);
#4579=ORIENTED_EDGE('',*,*,#3447,.F.);
#4580=EDGE_LOOP('',(#4570,#4571,#4578,#4579));
#4581=FACE_BOUND('',#4580,.T.);
#4582=ADVANCED_FACE('3475259',(#4581),#4569,.F.);
#4583=CARTESIAN_POINT('',(-16.934239155,-4.,-0.3));
#4584=DIRECTION('',(0.,-1.,-0.));
#4585=DIRECTION('',(1.,0.,0.));
#4586=AXIS2_PLACEMENT_3D('',#4583,#4584,#4585);
#4587=TOROIDAL_SURFACE('',#4586,0.6,0.3);
#4588=ORIENTED_EDGE('',*,*,#4577,.T.);
#4589=ORIENTED_EDGE('',*,*,#3504,.F.);
#4590=CARTESIAN_POINT('',(-17.223059389,-4.,0.225911468));
#4591=DIRECTION('',(-0.876519114,-0.,-0.481367057));
#4592=DIRECTION('',(-0.481367057,0.,0.876519114));
#4593=AXIS2_PLACEMENT_3D('',#4590,#4591,#4592);
#4594=CIRCLE('',#4593,0.3);
#4595=EDGE_CURVE('3475218',#4280,#3483,#4594,.T.);
#4596=ORIENTED_EDGE('',*,*,#4595,.F.);
#4597=ORIENTED_EDGE('',*,*,#4286,.F.);
#4598=EDGE_LOOP('',(#4588,#4589,#4596,#4597));
#4599=FACE_BOUND('',#4598,.T.);
#4600=ADVANCED_FACE('3475236',(#4599),#4587,.F.);
#4601=CARTESIAN_POINT('',(-17.07864926,-4.000000011,-0.037044259));
#4602=CARTESIAN_POINT('',(-17.078649261,-4.039269918,-0.037044258));
#4603=CARTESIAN_POINT('',(-17.08240787,-4.078524374,-0.030200223));
#4604=CARTESIAN_POINT('',(-17.096875786,-4.1510857,-0.003855664));
#4605=CARTESIAN_POINT('',(-17.107579399,-4.184364021,0.015634495));
#4606=CARTESIAN_POINT('',(-17.13431262,-4.239900055,0.064312892));
#4607=CARTESIAN_POINT('',(-17.150331709,-4.262135918,0.093481976));
#4608=CARTESIAN_POINT('',(-17.185260344,-4.292191803,0.157083364));
#4609=CARTESIAN_POINT('',(-17.204156148,-4.3,0.191490645));
#4610=CARTESIAN_POINT('',(-17.223059389,-4.3,0.225911468));
#4611=CARTESIAN_POINT('',(-16.994598505,-4.012020672,0.009114765));
#4612=CARTESIAN_POINT('',(-16.995355937,-4.050288858,0.01049397));
#4613=CARTESIAN_POINT('',(-17.00025124,-4.088230691,0.018048157));
#4614=CARTESIAN_POINT('',(-17.017607982,-4.158037848,0.044419318));
#4615=CARTESIAN_POINT('',(-17.030063173,-4.189878607,0.06322697));
#4616=CARTESIAN_POINT('',(-17.06073031,-4.24288536,0.109398092));
#4617=CARTESIAN_POINT('',(-17.078931261,-4.264032719,0.136745342));
#4618=CARTESIAN_POINT('',(-17.11844496,-4.292595057,0.196060501));
#4619=CARTESIAN_POINT('',(-17.139743558,-4.3,0.228007614));
#4620=CARTESIAN_POINT('',(-17.161049783,-4.3,0.259965925));
#4621=CARTESIAN_POINT('',(-16.918643283,-4.024313023,0.0651258));
#4622=CARTESIAN_POINT('',(-16.920461098,-4.061461521,0.067616079));
#4623=CARTESIAN_POINT('',(-16.926642971,-4.098014357,0.075592245));
#4624=CARTESIAN_POINT('',(-16.946885881,-4.164975712,0.101432713));
#4625=CARTESIAN_POINT('',(-16.960940409,-4.19536309,0.119288858));
#4626=CARTESIAN_POINT('',(-16.99499682,-4.245835498,0.162457168));
#4627=CARTESIAN_POINT('',(-17.014987807,-4.265904605,0.187755756));
#4628=CARTESIAN_POINT('',(-17.058170145,-4.292991122,0.242362779));
#4629=CARTESIAN_POINT('',(-17.081347705,-4.29999999,0.27165406));
#4630=CARTESIAN_POINT('',(-17.104532666,-4.3,0.300954544));
#4631=CARTESIAN_POINT('',(-16.816359414,-4.042903575,0.163458522));
#4632=CARTESIAN_POINT('',(-16.819977495,-4.078226281,0.167077137));
#4633=CARTESIAN_POINT('',(-16.828130947,-4.112615746,0.175169923));
#4634=CARTESIAN_POINT('',(-16.852487702,-4.175234958,0.199292768));
#4635=CARTESIAN_POINT('',(-16.868684449,-4.203447933,0.215316365));
#4636=CARTESIAN_POINT('',(-16.907088836,-4.250158949,0.253288492));
#4637=CARTESIAN_POINT('',(-16.929286152,-4.268644482,0.275226866));
#4638=CARTESIAN_POINT('',(-16.976895525,-4.293568339,0.322271801));
#4639=CARTESIAN_POINT('',(-17.00229479,-4.29999999,0.347365785));
#4640=CARTESIAN_POINT('',(-17.027700881,-4.3,0.37246648));
#4641=CARTESIAN_POINT('',(-16.784024368,-4.049168431,0.198937221));
#4642=CARTESIAN_POINT('',(-16.78828266,-4.083853711,0.202843587));
#4643=CARTESIAN_POINT('',(-16.797105192,-4.117503655,0.210887877));
#4644=CARTESIAN_POINT('',(-16.822806193,-4.178653215,0.234276906));
#4645=CARTESIAN_POINT('',(-16.839678148,-4.206137397,0.249615746));
#4646=CARTESIAN_POINT('',(-16.879416034,-4.251592818,0.285723844));
#4647=CARTESIAN_POINT('',(-16.902271903,-4.269552587,0.306484005));
#4648=CARTESIAN_POINT('',(-16.951182786,-4.293759235,0.350902246));
#4649=CARTESIAN_POINT('',(-16.97722542,-4.300000007,0.374549138));
#4650=CARTESIAN_POINT('',(-17.003274646,-4.3,0.398201986));
#4651=CARTESIAN_POINT('',(-16.724722527,-4.061424058,0.273569575));
#4652=CARTESIAN_POINT('',(-16.730266332,-4.094822688,0.277845015));
#4653=CARTESIAN_POINT('',(-16.740384641,-4.127007447,0.285610642));
#4654=CARTESIAN_POINT('',(-16.768610806,-4.185270862,0.307234613));
#4655=CARTESIAN_POINT('',(-16.786712317,-4.211336475,0.321088121));
#4656=CARTESIAN_POINT('',(-16.828819826,-4.254356906,0.353296366));
#4657=CARTESIAN_POINT('',(-16.852816367,-4.271302096,0.371643909));
#4658=CARTESIAN_POINT('',(-16.903948607,-4.2941262,0.410731656));
#4659=CARTESIAN_POINT('',(-16.931072825,-4.300000007,0.431463133));
#4660=CARTESIAN_POINT('',(-16.958203133,-4.3,0.452199239));
#4661=CARTESIAN_POINT('',(-16.697768203,-4.067404233,0.312615838));
#4662=CARTESIAN_POINT('',(-16.703955684,-4.100155156,0.316974013));
#4663=CARTESIAN_POINT('',(-16.714699565,-4.131615711,0.324511348));
#4664=CARTESIAN_POINT('',(-16.744105344,-4.188465251,0.345108466));
#4665=CARTESIAN_POINT('',(-16.762761019,-4.213842246,0.358163913));
#4666=CARTESIAN_POINT('',(-16.805905013,-4.255685173,0.388341743));
#4667=CARTESIAN_POINT('',(-16.83038421,-4.272142281,0.40545778));
#4668=CARTESIAN_POINT('',(-16.882437767,-4.294302029,0.441847699));
#4669=CARTESIAN_POINT('',(-16.910001126,-4.299999997,0.46111393));
#4670=CARTESIAN_POINT('',(-16.937570312,-4.3,0.480384213));
#4671=CARTESIAN_POINT('',(-16.649230785,-4.078983497,0.394201923));
#4672=CARTESIAN_POINT('',(-16.656667494,-4.110447985,0.398525931));
#4673=CARTESIAN_POINT('',(-16.668590799,-4.140491492,0.405433539));
#4674=CARTESIAN_POINT('',(-16.700160902,-4.194594635,0.423694053));
#4675=CARTESIAN_POINT('',(-16.719801774,-4.218644155,0.435043552));
#4676=CARTESIAN_POINT('',(-16.764738097,-4.258224334,0.460995988));
#4677=CARTESIAN_POINT('',(-16.790025122,-4.273747595,0.475594089));
#4678=CARTESIAN_POINT('',(-16.843589227,-4.294637379,0.506510325));
#4679=CARTESIAN_POINT('',(-16.871856266,-4.299999997,0.522822703));
#4680=CARTESIAN_POINT('',(-16.900128605,-4.3,0.539138119));
#4681=CARTESIAN_POINT('',(-16.627645892,-4.084582653,0.436740338));
#4682=CARTESIAN_POINT('',(-16.635688265,-4.115408364,0.440947451));
#4683=CARTESIAN_POINT('',(-16.648165508,-4.144758984,0.447453637));
#4684=CARTESIAN_POINT('',(-16.680720435,-4.197529546,0.464404438));
#4685=CARTESIAN_POINT('',(-16.700792365,-4.22094019,0.474846078));
#4686=CARTESIAN_POINT('',(-16.746484534,-4.259435116,0.498603596));
#4687=CARTESIAN_POINT('',(-16.772096704,-4.274512617,0.511915306));
#4688=CARTESIAN_POINT('',(-16.826249959,-4.294796829,0.540055771));
#4689=CARTESIAN_POINT('',(-16.854781486,-4.299999968,0.55487959));
#4690=CARTESIAN_POINT('',(-16.883318053,-4.3,0.569706012));
#4691=CARTESIAN_POINT('',(-16.590163838,-4.095285837,0.525572259));
#4692=CARTESIAN_POINT('',(-16.599341506,-4.124864695,0.529349675));
#4693=CARTESIAN_POINT('',(-16.61282757,-4.152879188,0.534882071));
#4694=CARTESIAN_POINT('',(-16.647122164,-4.203095675,0.548927843));
#4695=CARTESIAN_POINT('',(-16.667925308,-4.225289808,0.557439031));
#4696=CARTESIAN_POINT('',(-16.714847889,-4.261723897,0.576624836));
#4697=CARTESIAN_POINT('',(-16.740959962,-4.275958152,0.587296466));
#4698=CARTESIAN_POINT('',(-16.795981652,-4.295097685,0.609777911));
#4699=CARTESIAN_POINT('',(-16.824882637,-4.299999969,0.621584228));
#4700=CARTESIAN_POINT('',(-16.85378816,-4.3,0.633392384));
#4701=CARTESIAN_POINT('',(-16.574267276,-4.100404326,0.572090599));
#4702=CARTESIAN_POINT('',(-16.583975673,-4.129373282,0.575551975));
#4703=CARTESIAN_POINT('',(-16.597917269,-4.156742716,0.58050801));
#4704=CARTESIAN_POINT('',(-16.632967193,-4.205734339,0.592949266));
#4705=CARTESIAN_POINT('',(-16.654070329,-4.227349286,0.600432657));
#4706=CARTESIAN_POINT('',(-16.701466524,-4.262805162,0.617230405));
#4707=CARTESIAN_POINT('',(-16.727752566,-4.27664085,0.626542294));
#4708=CARTESIAN_POINT('',(-16.783051601,-4.295239717,0.646127941));
#4709=CARTESIAN_POINT('',(-16.81205641,-4.300000148,0.656398823));
#4710=CARTESIAN_POINT('',(-16.841065488,-4.3,0.666671209));
#4711=CARTESIAN_POINT('',(-16.561027659,-4.105380143,0.622427222));
#4712=CARTESIAN_POINT('',(-16.571227344,-4.133746422,0.625464893));
#4713=CARTESIAN_POINT('',(-16.585575149,-4.160484361,0.62973789));
#4714=CARTESIAN_POINT('',(-16.621267893,-4.208282609,0.640367654));
#4715=CARTESIAN_POINT('',(-16.642607841,-4.229336237,0.646722934));
#4716=CARTESIAN_POINT('',(-16.690342687,-4.26384623,0.660938874));
#4717=CARTESIAN_POINT('',(-16.716730911,-4.277297771,0.668797546));
#4718=CARTESIAN_POINT('',(-16.772159673,-4.295375993,0.685304758));
#4719=CARTESIAN_POINT('',(-16.80119246,-4.300000147,0.69395099));
#4720=CARTESIAN_POINT('',(-16.830229284,-4.3,0.702598427));
#4721=CARTESIAN_POINT('',(-16.56014813,-4.105715002,0.625841536));
#4722=CARTESIAN_POINT('',(-16.570380744,-4.134040673,0.628850078));
#4723=CARTESIAN_POINT('',(-16.584755694,-4.160736092,0.633076463));
#4724=CARTESIAN_POINT('',(-16.620491221,-4.208454016,0.643582998));
#4725=CARTESIAN_POINT('',(-16.641846822,-4.229469878,0.649861684));
#4726=CARTESIAN_POINT('',(-16.68960383,-4.263916242,0.663902513));
#4727=CARTESIAN_POINT('',(-16.715998587,-4.277341948,0.671662701));
#4728=CARTESIAN_POINT('',(-16.771435359,-4.295385156,0.687961367));
#4729=CARTESIAN_POINT('',(-16.800469655,-4.300000147,0.696497575));
#4730=CARTESIAN_POINT('',(-16.829507972,-4.3,0.705034968));
#4731=CARTESIAN_POINT('',(-16.559286163,-4.106047583,0.629259817));
#4732=CARTESIAN_POINT('',(-16.569551348,-4.134332874,0.632238814));
#4733=CARTESIAN_POINT('',(-16.583953061,-4.16098604,0.636418256));
#4734=CARTESIAN_POINT('',(-16.619730599,-4.208624175,0.646801068));
#4735=CARTESIAN_POINT('',(-16.64110146,-4.229602536,0.653002996));
#4736=CARTESIAN_POINT('',(-16.688879846,-4.263985729,0.666868522));
#4737=CARTESIAN_POINT('',(-16.715280743,-4.277385792,0.674530196));
#4738=CARTESIAN_POINT('',(-16.770724749,-4.295394249,0.69062033));
#4739=CARTESIAN_POINT('',(-16.799760166,-4.300000146,0.699046558));
#4740=CARTESIAN_POINT('',(-16.828799589,-4.3,0.707473951));
#4741=B_SPLINE_SURFACE_WITH_KNOTS('',3,3,((#4601,#4602,#4603,#4604,#4605,#4606,#4607,#4608,#4609,#4610),(#4611,#4612,#4613,#4614,#4615,#4616,#4617,#4618,#4619,#4620),(#4621,#4622,#4623,#4624,#4625,#4626,#4627,#4628,#4629,#4630),(#4631,#4632,#4633,#4634,#4635,#4636,#4637,#4638,#4639,#4640),(#4641,#4642,#4643,#4644,#4645,#4646,#4647,#4648,#4649,#4650),(#4651,#4652,#4653,#4654,#4655,#4656,#4657,#4658,#4659,#4660),(#4661,#4662,#4663,#4664,#4665,#4666,#4667,#4668,#4669,#4670),(#4671,#4672,#4673,#4674,#4675,#4676,#4677,#4678,#4679,#4680),(#4681,#4682,#4683,#4684,#4685,#4686,#4687,#4688,#4689,#4690),(#4691,#4692,#4693,#4694,#4695,#4696,#4697,#4698,#4699,#4700),(#4701,#4702,#4703,#4704,#4705,#4706,#4707,#4708,#4709,#4710),(#4711,#4712,#4713,#4714,#4715,#4716,#4717,#4718,#4719,#4720),(#4721,#4722,#4723,#4724,#4725,#4726,#4727,#4728,#4729,#4730),(#4731,#4732,#4733,#4734,#4735,#4736,#4737,#4738,#4739,#4740)),.UNSPECIFIED.,.F.,.F.,.U.,(4,2,2,2,2,2,4),(4,2,2,2,4),(0.002341609,0.002550725,0.002655283,0.002759841,0.002864399,0.002968957,0.002976556),(0.,0.25,0.5,0.75,1.),.UNSPECIFIED.);
#4742=ORIENTED_EDGE('',*,*,#3495,.F.);
#4743=CARTESIAN_POINT('',(-16.828799028,-4.3,0.707473788));
#4744=CARTESIAN_POINT('',(-16.810217994,-4.300000141,0.681745682));
#4745=CARTESIAN_POINT('',(-16.785128866,-4.296478797,0.661801573));
#4746=CARTESIAN_POINT('',(-16.758686967,-4.287716807,0.647419417));
#4747=CARTESIAN_POINT('',(-16.732245067,-4.278954816,0.633037261));
#4748=CARTESIAN_POINT('',(-16.704600995,-4.265214552,0.62412507));
#4749=CARTESIAN_POINT('',(-16.67892381,-4.247495203,0.619266233));
#4750=CARTESIAN_POINT('',(-16.627569441,-4.212056507,0.609548559));
#4751=CARTESIAN_POINT('',(-16.585422851,-4.162434093,0.615634024));
#4752=CARTESIAN_POINT('',(-16.559837782,-4.105834757,0.627084223));
#4753=B_SPLINE_CURVE_WITH_KNOTS('',3,(#4743,#4744,#4745,#4746,#4747,#4748,#4749,#4750,#4751,#4752),.UNSPECIFIED.,.F.,.F.,(4,3,3,4),(0.,0.000093667,0.000187334,0.000374668),.UNSPECIFIED.);
#4754=EDGE_CURVE('3510734',#3474,#4423,#4753,.T.);
#4755=ORIENTED_EDGE('',*,*,#4754,.T.);
#4756=ORIENTED_EDGE('',*,*,#4438,.F.);
#4757=ORIENTED_EDGE('',*,*,#4595,.T.);
#4758=EDGE_LOOP('',(#4742,#4755,#4756,#4757));
#4759=FACE_BOUND('',#4758,.T.);
#4760=ADVANCED_FACE('3475213',(#4759),#4741,.F.);
#4761=CARTESIAN_POINT('',(-16.559794697,-4.105862496,0.627031823));
#4762=CARTESIAN_POINT('',(-16.568580333,-4.113306687,0.606991167));
#4763=CARTESIAN_POINT('',(-16.583507538,-4.118318571,0.588789613));
#4764=CARTESIAN_POINT('',(-16.620899842,-4.12188566,0.561851993));
#4765=CARTESIAN_POINT('',(-16.643296589,-4.120434376,0.553165175));
#4766=CARTESIAN_POINT('',(-16.688371199,-4.111524065,0.548117102));
#4767=CARTESIAN_POINT('',(-16.710966667,-4.104081326,0.551765058));
#4768=CARTESIAN_POINT('',(-16.749090449,-4.085586306,0.57024448));
#4769=CARTESIAN_POINT('',(-16.764549068,-4.074567804,0.585042138));
#4770=CARTESIAN_POINT('',(-16.77394699,-4.063529145,0.603045081));
#4771=CARTESIAN_POINT('',(-16.582987777,-4.210167161,0.687265673));
#4772=CARTESIAN_POINT('',(-16.590412678,-4.218815279,0.666239824));
#4773=CARTESIAN_POINT('',(-16.604549899,-4.224902935,0.646614533));
#4774=CARTESIAN_POINT('',(-16.641474172,-4.229931564,0.616749719));
#4775=CARTESIAN_POINT('',(-16.664185295,-4.228862641,0.606570889));
#4776=CARTESIAN_POINT('',(-16.710463648,-4.219927181,0.599119857));
#4777=CARTESIAN_POINT('',(-16.733936112,-4.212078989,0.601862358));
#4778=CARTESIAN_POINT('',(-16.773659249,-4.192255374,0.619340408));
#4779=CARTESIAN_POINT('',(-16.78982869,-4.180320263,0.634039746));
#4780=CARTESIAN_POINT('',(-16.799589517,-4.168360868,0.652221873));
#4781=CARTESIAN_POINT('',(-16.610418161,-4.312108496,0.751731231));
#4782=CARTESIAN_POINT('',(-16.616293951,-4.322190545,0.730001553));
#4783=CARTESIAN_POINT('',(-16.629435785,-4.329588299,0.709097757));
#4784=CARTESIAN_POINT('',(-16.665547621,-4.336418214,0.67637062));
#4785=CARTESIAN_POINT('',(-16.688433931,-4.335835381,0.664622102));
#4786=CARTESIAN_POINT('',(-16.735715724,-4.326896711,0.654507105));
#4787=CARTESIAN_POINT('',(-16.760002254,-4.318561526,0.656163062));
#4788=CARTESIAN_POINT('',(-16.801229057,-4.29711447,0.672282183));
#4789=CARTESIAN_POINT('',(-16.818074492,-4.28405142,0.686707475));
#4790=CARTESIAN_POINT('',(-16.828156718,-4.270958632,0.704921664));
#4791=CARTESIAN_POINT('',(-16.645097024,-4.409466243,0.82416494));
#4792=CARTESIAN_POINT('',(-16.649387274,-4.421510726,0.802356618));
#4793=CARTESIAN_POINT('',(-16.661432261,-4.43075756,0.780605191));
#4794=CARTESIAN_POINT('',(-16.696492526,-4.440171234,0.745413212));
#4795=CARTESIAN_POINT('',(-16.719416337,-4.440313516,0.73206447));
#4796=CARTESIAN_POINT('',(-16.767412413,-4.431415349,0.718891991));
#4797=CARTESIAN_POINT('',(-16.792359464,-4.422398114,0.71910262));
#4798=CARTESIAN_POINT('',(-16.834750228,-4.398625512,0.733038236));
#4799=CARTESIAN_POINT('',(-16.85208335,-4.383932164,0.746726869));
#4800=CARTESIAN_POINT('',(-16.862288194,-4.369200382,0.764557026));
#4801=B_SPLINE_SURFACE_WITH_KNOTS('',3,3,((#4761,#4762,#4763,#4764,#4765,#4766,#4767,#4768,#4769,#4770),(#4771,#4772,#4773,#4774,#4775,#4776,#4777,#4778,#4779,#4780),(#4781,#4782,#4783,#4784,#4785,#4786,#4787,#4788,#4789,#4790),(#4791,#4792,#4793,#4794,#4795,#4796,#4797,#4798,#4799,#4800)),.UNSPECIFIED.,.F.,.F.,.U.,(4,4),(4,2,2,2,4),(0.001411278,0.001768714),(0.,0.25,0.5,0.75,1.),.UNSPECIFIED.);
#4802=ORIENTED_EDGE('',*,*,#3480,.F.);
#4803=CARTESIAN_POINT('',(-16.862288194,-4.369200382,0.764557026));
#4804=VERTEX_POINT('3510684',#4803);
#4805=CARTESIAN_POINT('',(-16.862288194,-4.369200382,0.764557026));
#4806=CARTESIAN_POINT('',(-16.854357029,-4.346371848,0.750699497));
#4807=CARTESIAN_POINT('',(-16.846718472,-4.323319698,0.737191109));
#4808=CARTESIAN_POINT('',(-16.839377234,-4.300029819,0.724067834));
#4809=B_SPLINE_CURVE_WITH_KNOTS('',3,(#4805,#4806,#4807,#4808),.UNSPECIFIED.,.F.,.F.,(4,4),(0.001685656,0.001768714),.UNSPECIFIED.);
#4810=EDGE_CURVE('3510685',#4804,#3465,#4809,.T.);
#4811=ORIENTED_EDGE('',*,*,#4810,.F.);
#4812=CARTESIAN_POINT('',(-16.758139761,-4.369200382,0.824164944));
#4813=DIRECTION('',(0.28946817,0.812655504,-0.505765964));
#4814=DIRECTION('',(-0.,0.528387479,0.849003341));
#4815=AXIS2_PLACEMENT_3D('',#4812,#4813,#4814);
#4816=CIRCLE('',#4815,0.12);
#4817=EDGE_CURVE('3510624',#3264,#4804,#4816,.T.);
#4818=ORIENTED_EDGE('',*,*,#4817,.F.);
#4819=ORIENTED_EDGE('',*,*,#4445,.F.);
#4820=ORIENTED_EDGE('',*,*,#4754,.F.);
#4821=EDGE_LOOP('',(#4802,#4811,#4818,#4819,#4820));
#4822=FACE_BOUND('',#4821,.T.);
#4823=ADVANCED_FACE('3510642',(#4822),#4801,.F.);
#4824=CARTESIAN_POINT('',(-16.645097024,-4.409466244,0.824164944));
#4825=CARTESIAN_POINT('',(-16.649387274,-4.421510728,0.802356622));
#4826=CARTESIAN_POINT('',(-16.661432261,-4.430757563,0.780605195));
#4827=CARTESIAN_POINT('',(-16.696492526,-4.440171238,0.745413215));
#4828=CARTESIAN_POINT('',(-16.719416337,-4.44031352,0.732064472));
#4829=CARTESIAN_POINT('',(-16.767412413,-4.431415352,0.718891993));
#4830=CARTESIAN_POINT('',(-16.792359465,-4.422398117,0.719102621));
#4831=CARTESIAN_POINT('',(-16.834750228,-4.398625514,0.733038237));
#4832=CARTESIAN_POINT('',(-16.85208335,-4.383932164,0.746726869));
#4833=CARTESIAN_POINT('',(-16.862288194,-4.369200382,0.764557026));
#4834=CARTESIAN_POINT('',(-16.701888496,-4.568903125,0.927056195));
#4835=CARTESIAN_POINT('',(-16.704915559,-4.579385664,0.904060732));
#4836=CARTESIAN_POINT('',(-16.715886074,-4.587463957,0.881125845));
#4837=CARTESIAN_POINT('',(-16.749557526,-4.595750668,0.844060413));
#4838=CARTESIAN_POINT('',(-16.772169679,-4.595937215,0.830027509));
#4839=CARTESIAN_POINT('',(-16.820383111,-4.588326131,0.816274282));
#4840=CARTESIAN_POINT('',(-16.845857322,-4.580548594,0.816590192));
#4841=CARTESIAN_POINT('',(-16.889894701,-4.559997146,0.831487619));
#4842=CARTESIAN_POINT('',(-16.908341845,-4.547277488,0.846029897));
#4843=CARTESIAN_POINT('',(-16.919725533,-4.534524164,0.864912969));
#4844=CARTESIAN_POINT('',(-16.749298681,-4.741066203,1.004645806));
#4845=CARTESIAN_POINT('',(-16.751236639,-4.749700442,0.980735384));
#4846=CARTESIAN_POINT('',(-16.761272602,-4.756368257,0.956887854));
#4847=CARTESIAN_POINT('',(-16.793726421,-4.763236035,0.91837994));
#4848=CARTESIAN_POINT('',(-16.816058113,-4.763417748,0.90382177));
#4849=CARTESIAN_POINT('',(-16.864445046,-4.757207742,0.889628697));
#4850=CARTESIAN_POINT('',(-16.890371837,-4.750832528,0.890031469));
#4851=CARTESIAN_POINT('',(-16.93584036,-4.733965452,0.905682626));
#4852=CARTESIAN_POINT('',(-16.9552614,-4.723518416,0.920889468));
#4853=CARTESIAN_POINT('',(-16.967679582,-4.713043794,0.94058852));
#4854=CARTESIAN_POINT('',(-16.799224791,-5.019722116,1.084350181));
#4855=CARTESIAN_POINT('',(-16.800014839,-5.025239116,1.059507421));
#4856=CARTESIAN_POINT('',(-16.809062495,-5.029507709,1.034730463));
#4857=CARTESIAN_POINT('',(-16.840223907,-5.03392056,0.994753056));
#4858=CARTESIAN_POINT('',(-16.862254382,-5.034053019,0.979659442));
#4859=CARTESIAN_POINT('',(-16.910816763,-5.030119507,0.965016042));
#4860=CARTESIAN_POINT('',(-16.937218887,-5.026064052,0.965505389));
#4861=CARTESIAN_POINT('',(-16.984200521,-5.015322004,0.981919648));
#4862=CARTESIAN_POINT('',(-17.004654476,-5.008664131,0.997800695));
#4863=CARTESIAN_POINT('',(-17.018173091,-5.001988662,1.01832876));
#4864=CARTESIAN_POINT('',(-16.81205926,-5.114957582,1.104294496));
#4865=CARTESIAN_POINT('',(-16.812555057,-5.119391193,1.079220449));
#4866=CARTESIAN_POINT('',(-16.821348092,-5.122823098,1.054213503));
#4867=CARTESIAN_POINT('',(-16.852174511,-5.126374239,1.013872665));
#4868=CARTESIAN_POINT('',(-16.8741254,-5.126483969,0.998646729));
#4869=CARTESIAN_POINT('',(-16.922729373,-5.123329888,0.983891731));
#4870=CARTESIAN_POINT('',(-16.949252388,-5.12007452,0.984402155));
#4871=CARTESIAN_POINT('',(-16.996623304,-5.111449036,1.001004148));
#4872=CARTESIAN_POINT('',(-17.017344436,-5.10610201,1.017051289));
#4873=CARTESIAN_POINT('',(-17.031149228,-5.100740632,1.037784001));
#4874=CARTESIAN_POINT('',(-16.829150518,-5.306077181,1.13072153));
#4875=CARTESIAN_POINT('',(-16.829251646,-5.308318568,1.105339457));
#4876=CARTESIAN_POINT('',(-16.837703936,-5.310054821,1.080025449));
#4877=CARTESIAN_POINT('',(-16.868083525,-5.311853956,1.03919901));
#4878=CARTESIAN_POINT('',(-16.889929358,-5.311912011,1.02379606));
#4879=CARTESIAN_POINT('',(-16.938591842,-5.310322925,1.008891888));
#4880=CARTESIAN_POINT('',(-16.965277998,-5.308680048,1.009430632));
#4881=CARTESIAN_POINT('',(-17.013170762,-5.304325063,1.02628408));
#4882=CARTESIAN_POINT('',(-17.034248938,-5.301624641,1.042553589));
#4883=CARTESIAN_POINT('',(-17.048434857,-5.298916953,1.063559855));
#4884=CARTESIAN_POINT('',(-16.833522899,-5.402563741,1.137376396));
#4885=CARTESIAN_POINT('',(-16.833522899,-5.403689909,1.111916972));
#4886=CARTESIAN_POINT('',(-16.841887758,-5.404562275,1.086525855));
#4887=CARTESIAN_POINT('',(-16.87215254,-5.405466231,1.045577447));
#4888=CARTESIAN_POINT('',(-16.893971264,-5.405495397,1.03013002));
#4889=CARTESIAN_POINT('',(-16.94264851,-5.404696964,1.015188304));
#4890=CARTESIAN_POINT('',(-16.969376432,-5.403871508,1.015734102));
#4891=CARTESIAN_POINT('',(-17.017403117,-5.401683369,1.032650564));
#4892=CARTESIAN_POINT('',(-17.038573026,-5.400326556,1.048975841));
#4893=CARTESIAN_POINT('',(-17.052856963,-5.398966094,1.070050742));
#4894=CARTESIAN_POINT('',(-16.833522899,-5.5,1.137376396));
#4895=CARTESIAN_POINT('',(-16.833522899,-5.5,1.111916972));
#4896=CARTESIAN_POINT('',(-16.841887758,-5.5,1.086525855));
#4897=CARTESIAN_POINT('',(-16.87215254,-5.5,1.045577447));
#4898=CARTESIAN_POINT('',(-16.893971264,-5.5,1.03013002));
#4899=CARTESIAN_POINT('',(-16.94264851,-5.5,1.015188304));
#4900=CARTESIAN_POINT('',(-16.969376432,-5.5,1.015734102));
#4901=CARTESIAN_POINT('',(-17.017403117,-5.5,1.032650564));
#4902=CARTESIAN_POINT('',(-17.038573026,-5.5,1.048975841));
#4903=CARTESIAN_POINT('',(-17.052856963,-5.5,1.070050742));
#4904=B_SPLINE_SURFACE_WITH_KNOTS('',3,3,((#4824,#4825,#4826,#4827,#4828,#4829,#4830,#4831,#4832,#4833),(#4834,#4835,#4836,#4837,#4838,#4839,#4840,#4841,#4842,#4843),(#4844,#4845,#4846,#4847,#4848,#4849,#4850,#4851,#4852,#4853),(#4854,#4855,#4856,#4857,#4858,#4859,#4860,#4861,#4862,#4863),(#4864,#4865,#4866,#4867,#4868,#4869,#4870,#4871,#4872,#4873),(#4874,#4875,#4876,#4877,#4878,#4879,#4880,#4881,#4882,#4883),(#4884,#4885,#4886,#4887,#4888,#4889,#4890,#4891,#4892,#4893),(#4894,#4895,#4896,#4897,#4898,#4899,#4900,#4901,#4902,#4903)),.UNSPECIFIED.,.F.,.F.,.U.,(4,2,2,4),(4,2,2,2,4),(0.,0.000602206,0.000903309,0.001204411),(0.,0.25,0.5,0.75,1.),.UNSPECIFIED.);
#4905=ORIENTED_EDGE('',*,*,#3099,.F.);
#4906=ORIENTED_EDGE('',*,*,#3286,.F.);
#4907=ORIENTED_EDGE('',*,*,#4817,.T.);
#4908=CARTESIAN_POINT('',(-17.052873414,-5.499996306,1.070075022));
#4909=CARTESIAN_POINT('',(-17.052873306,-5.398962425,1.070074863));
#4910=CARTESIAN_POINT('',(-17.048434857,-5.298916953,1.063559855));
#4911=CARTESIAN_POINT('',(-17.039792043,-5.199828792,1.050671928));
#4912=CARTESIAN_POINT('',(-17.031149228,-5.100740632,1.037784001));
#4913=CARTESIAN_POINT('',(-17.018173091,-5.001988662,1.01832876));
#4914=CARTESIAN_POINT('',(-17.001341921,-4.905673706,0.992415347));
#4915=CARTESIAN_POINT('',(-16.967679582,-4.713043794,0.94058852));
#4916=CARTESIAN_POINT('',(-16.919725533,-4.534524164,0.864912969));
#4917=CARTESIAN_POINT('',(-16.862288194,-4.369200382,0.764557026));
#4918=B_SPLINE_CURVE_WITH_KNOTS('',3,(#4908,#4909,#4910,#4911,#4912,#4913,#4914,#4915,#4916,#4917),.UNSPECIFIED.,.F.,.F.,(4,3,3,4),(0.,0.000301103,0.000602206,0.001204411),.UNSPECIFIED.);
#4919=EDGE_CURVE('3510690',#3093,#4804,#4918,.T.);
#4920=ORIENTED_EDGE('',*,*,#4919,.F.);
#4921=EDGE_LOOP('',(#4905,#4906,#4907,#4920));
#4922=FACE_BOUND('',#4921,.T.);
#4923=ADVANCED_FACE('3510619',(#4922),#4904,.F.);
#4924=CARTESIAN_POINT('',(-20.98483033,1.,-1.594923074));
#4925=DIRECTION('',(0.,-1.,-0.));
#4926=DIRECTION('',(-0.91698313,-0.,0.398925981));
#4927=AXIS2_PLACEMENT_3D('',#4924,#4925,#4926);
#4928=CYLINDRICAL_SURFACE('',#4927,4.75);
#4929=ORIENTED_EDGE('',*,*,#3313,.F.);
#4930=ORIENTED_EDGE('',*,*,#3108,.F.);
#4931=ORIENTED_EDGE('',*,*,#4919,.T.);
#4932=ORIENTED_EDGE('',*,*,#4810,.T.);
#4933=ORIENTED_EDGE('',*,*,#3471,.T.);
#4934=EDGE_LOOP('',(#4929,#4930,#4931,#4932,#4933));
#4935=FACE_BOUND('',#4934,.T.);
#4936=ADVANCED_FACE('2493215',(#4935),#4928,.T.);
#4937=OPEN_SHELL('',(#2417,#2448,#2479,#2529,#2560,#2591,#2622,#2662,#2693,#2735,#2766,#2799,#2841,#2874,#2905,#2938,#2980,#3013,#3052,#3074,#3187,#3222,#3255,#3300,#3336,#3369,
#3427,#3458,#3552,#3583,#3610,#3650,#3681,#3720,#3751,#3799,#3830,#3861,#3900,#3932,#3968,#3993,#4022,#4063,#4095,#4156,#4180,#4198,#4223,#4242,#4254,
#4271,#4302,#4320,#4458,#4470,#4488,#4506,#4545,#4564,#4582,#4600,#4760,#4823,#4923,#4936));
#4938=SHELL_BASED_SURFACE_MODEL('\X2\04220432043504400434043E0435\X0\ \X2\04420435043B043E\X0\',(#4937));
#2377=STYLED_ITEM('',(#2327),#4938);
#2358=SHAPE_REPRESENTATION('\X2\041A043E043C043F043E043D0435043D0442\X0\1',(#15),#2356);
#2363=MANIFOLD_SURFACE_SHAPE_REPRESENTATION('\X2\041A043E043C043F043E043D0435043D0442\X0\1',(#4938),#2356);
#4946=SHAPE_REPRESENTATION_RELATIONSHIP('','',#2358,#2363);
#4947=CARTESIAN_POINT('',(0.,0.,0.));
#4948=DIRECTION('',(0.,0.,1.));
#4949=DIRECTION('',(1.,0.,0.));
#4950=AXIS2_PLACEMENT_3D('',#4947,#4948,#4949);
#4952=MAPPED_ITEM('',#4951,#4950);
#4951=REPRESENTATION_MAP(#4950,#2358);
#2366=PRODUCT('\X2\041A043E043C043F043E043D0435043D0442\X0\1','\X2\041A043E043C043F043E043D0435043D0442\X0\1','',(#2344));
#4953=PRODUCT_RELATED_PRODUCT_CATEGORY('part','',(#2366));
#4954=PRODUCT_DEFINITION_FORMATION_WITH_SPECIFIED_SOURCE('','',#2366,.NOT_KNOWN.);
#2367=PRODUCT_DEFINITION('design','',#4954,#2345);
#2365=PRODUCT_DEFINITION_SHAPE('','',#2367);
#4955=SHAPE_DEFINITION_REPRESENTATION(#2365,#2358);
#2357=DRAUGHTING_MODEL('',(#4952),#2356);
#16=SHAPE_REPRESENTATION('AEH-W4G1 (\X2\04320442043E04400430044F\X0\ \X2\043A0440044B0448043A0430\X0\)',(#15,#48,#2371),#10);
#4956=CARTESIAN_POINT('',(0.,0.,0.));
#4957=DIRECTION('',(0.,0.,1.));
#4958=DIRECTION('',(1.,0.,0.));
#4959=AXIS2_PLACEMENT_3D('',#4956,#4957,#4958);
#4961=MAPPED_ITEM('',#4960,#4959);
#4960=REPRESENTATION_MAP(#4959,#16);
#24=PRODUCT('AEH-W4G1 (\X2\04320442043E04400430044F\X0\ \X2\043A0440044B0448043A0430\X0\)','AEH-W4G1 (\X2\04320442043E04400430044F\X0\ \X2\043A0440044B0448043A0430\X0\)','',(#2344));
#4962=PRODUCT_RELATED_PRODUCT_CATEGORY('part','',(#24));
#4963=PRODUCT_DEFINITION_FORMATION_WITH_SPECIFIED_SOURCE('','',#24,.NOT_KNOWN.);
#25=PRODUCT_DEFINITION('design','',#4963,#2345);
#23=PRODUCT_DEFINITION_SHAPE('','',#25);
#4964=SHAPE_DEFINITION_REPRESENTATION(#23,#16);
#11=DRAUGHTING_MODEL('',(#4961),#10);
#1=MECHANICAL_DESIGN_GEOMETRIC_PRESENTATION_REPRESENTATION('',(#1598,#1617,#1630,#54,#2981,#3014,#3301,#3689,#3752,#3869,#3901,#3933,#3969,#3994,#4023,#4064,#4096,#4181,#4199,#4255,#4272,#2377),#10);
ENDSEC;
END-ISO-10303-21;
