ISO-10303-21;
HEADER;
FILE_DESCRIPTION(('STEP AP203'),
    '1');
FILE_NAME('AEH-W4G1 (вторая крышка)',
    '',
    ('UNSPECIFIED'),
    ('UNSPECIFIED'),
    'C3D Converter',
    'C3D Toolkit',
    '');
FILE_SCHEMA(('CONFIG_CONTROL_DESIGN'));
ENDSEC;

DATA;
#1=PRODUCT_DEFINITION('','UNSPECIFIED',#31,#34);
#2=SHAPE_DEFINITION_REPRESENTATION(#29,#3);
#3=SHAPE_REPRESENTATION('NONE',(#4),#8);
#4=AXIS2_PLACEMENT_3D('',#5,#6,#7);
#5=CARTESIAN_POINT('',(0.,0.,0.));
#6=DIRECTION('',(0.,0.,1.));
#7=DIRECTION('',(1.,0.,0.));
#8=(GEOMETRIC_REPRESENTATION_CONTEXT(3)GLOBAL_UNCERTAINTY_ASSIGNED_CONTEXT((#10))
GLOBAL_UNIT_ASSIGNED_CONTEXT((#9,#11,#12))REPRESENTATION_CONTEXT('NONE','NONE'));
#9=(LENGTH_UNIT()NAMED_UNIT(*)SI_UNIT(.MILLI.,.METRE.));
#10=UNCERTAINTY_MEASURE_WITH_UNIT(LENGTH_MEASURE(1.E-5),#9,'NONE','NONE');
#11=(NAMED_UNIT(*)PLANE_ANGLE_UNIT()SI_UNIT($,.RADIAN.));
#12=(NAMED_UNIT(*)SI_UNIT($,.STERADIAN.)SOLID_ANGLE_UNIT());
#13=MANIFOLD_SOLID_BREP('',#14);
#14=CLOSED_SHELL('',(#56,#65,#74,#83,#92,#101,#110,#119,#120,#121,#122,#123,#124,
#125,#134,#135,#136,#137,#138,#139,#140,#141,#142,#143,#144,#145,#154,#163,#172,
#181,#182,#183,#184,#185,#186,#187,#188,#189,#190,#191,#192,#201,#202,#211,#212,
#213,#214,#223,#232,#233,#234,#235,#236,#237,#238,#239,#240,#241,#242,#243));
#15=COLOUR_RGB('',0.564705882352941,0.564705882352941,0.564705882352941);
#16=FILL_AREA_STYLE_COLOUR('',#15);
#17=FILL_AREA_STYLE($,(#16));
#18=SURFACE_STYLE_FILL_AREA(#17);
#19=SURFACE_SIDE_STYLE('',(#18));
#20=SURFACE_STYLE_USAGE(.BOTH.,#19);
#21=PRESENTATION_STYLE_ASSIGNMENT((#20));
#22=MECHANICAL_DESIGN_GEOMETRIC_PRESENTATION_REPRESENTATION('NONE',(#23,#64,#73,
#82,#91,#100,#109,#118,#133,#153,#162,#171,#180,#200,#210,#222,#231,#249,#256,#262,
#268),#8);
#23=STYLED_ITEM('',(#21),#13);
#24=ADVANCED_BREP_SHAPE_REPRESENTATION('NONE',(#13),#8);
#25=SHAPE_REPRESENTATION_RELATIONSHIP('','',#3,#24);
#26=GEOMETRIC_CURVE_SET('',(#244,#251,#257,#263));
#27=GEOMETRICALLY_BOUNDED_WIREFRAME_SHAPE_REPRESENTATION('NONE',(#26),#8);
#28=SHAPE_REPRESENTATION_RELATIONSHIP('','',#3,#27);
#29=PRODUCT_DEFINITION_SHAPE('NONE','NONE',#1);
#30=MECHANICAL_CONTEXT('NONE',#35,'mechanical');
#31=PRODUCT_DEFINITION_FORMATION_WITH_SPECIFIED_SOURCE('ANY','UNSPECIFIED',#32,.NOT_KNOWN.);
#32=PRODUCT('','\X2\0414043504420430043B044C\X0\','NONE',(#30));
#33=PRODUCT_RELATED_PRODUCT_CATEGORY('detail','',(#32));
#34=DESIGN_CONTEXT('detailed design',#35,'design');
#35=APPLICATION_CONTEXT('configuration controlled 3d designs of mechanical parts and assemblies');
#36=APPLICATION_PROTOCOL_DEFINITION('international standard','config_control_design',
1994,#35);
#37=CC_DESIGN_DATE_AND_TIME_ASSIGNMENT(#38,#42,(#1));
#38=DATE_AND_TIME(#39,#40);
#39=CALENDAR_DATE(0,1,1);
#40=LOCAL_TIME(0,0,0.,#41);
#41=COORDINATED_UNIVERSAL_TIME_OFFSET(0,0,.AHEAD.);
#42=DATE_TIME_ROLE('creation_date');
#43=CC_DESIGN_APPROVAL(#44,(#1));
#44=APPROVAL(#45,'UNSPECIFIED');
#45=APPROVAL_STATUS('not_yet_approved');
#46=APPROVAL_DATE_TIME(#47,#44);
#47=DATE_AND_TIME(#48,#49);
#48=CALENDAR_DATE(0,1,1);
#49=LOCAL_TIME(0,0,0.,#50);
#50=COORDINATED_UNIVERSAL_TIME_OFFSET(0,0,.AHEAD.);
#51=PERSON('UNSPECIFIED','Dima','UNSPECIFIED',('UNSPECIFIED'),('UNSPECIFIED'),('UNSPECIFIED'));
#52=ORGANIZATION('UNSPECIFIED','UNSPECIFIED','UNSPECIFIED');
#53=PERSON_AND_ORGANIZATION(#51,#52);
#54=PERSON_AND_ORGANIZATION_ROLE('creator');
#55=CC_DESIGN_PERSON_AND_ORGANIZATION_ASSIGNMENT(#53,#54,(#31,#1));
#56=ADVANCED_FACE('',(#269),#271,.T.);
#57=COLOUR_RGB('',1.,1.,0.2);
#58=FILL_AREA_STYLE_COLOUR('',#57);
#59=FILL_AREA_STYLE($,(#58));
#60=SURFACE_STYLE_FILL_AREA(#59);
#61=SURFACE_SIDE_STYLE('',(#60));
#62=SURFACE_STYLE_USAGE(.BOTH.,#61);
#63=PRESENTATION_STYLE_ASSIGNMENT((#62));
#64=STYLED_ITEM('',(#63),#56);
#65=ADVANCED_FACE('',(#276),#278,.T.);
#66=COLOUR_RGB('',1.,1.,0.2);
#67=FILL_AREA_STYLE_COLOUR('',#66);
#68=FILL_AREA_STYLE($,(#67));
#69=SURFACE_STYLE_FILL_AREA(#68);
#70=SURFACE_SIDE_STYLE('',(#69));
#71=SURFACE_STYLE_USAGE(.BOTH.,#70);
#72=PRESENTATION_STYLE_ASSIGNMENT((#71));
#73=STYLED_ITEM('',(#72),#65);
#74=ADVANCED_FACE('',(#283),#285,.T.);
#75=COLOUR_RGB('',1.,1.,0.2);
#76=FILL_AREA_STYLE_COLOUR('',#75);
#77=FILL_AREA_STYLE($,(#76));
#78=SURFACE_STYLE_FILL_AREA(#77);
#79=SURFACE_SIDE_STYLE('',(#78));
#80=SURFACE_STYLE_USAGE(.BOTH.,#79);
#81=PRESENTATION_STYLE_ASSIGNMENT((#80));
#82=STYLED_ITEM('',(#81),#74);
#83=ADVANCED_FACE('',(#290),#292,.F.);
#84=COLOUR_RGB('',0.8,0.,0.8);
#85=FILL_AREA_STYLE_COLOUR('',#84);
#86=FILL_AREA_STYLE($,(#85));
#87=SURFACE_STYLE_FILL_AREA(#86);
#88=SURFACE_SIDE_STYLE('',(#87));
#89=SURFACE_STYLE_USAGE(.BOTH.,#88);
#90=PRESENTATION_STYLE_ASSIGNMENT((#89));
#91=STYLED_ITEM('',(#90),#83);
#92=ADVANCED_FACE('',(#297),#299,.T.);
#93=COLOUR_RGB('',0.8,0.,0.8);
#94=FILL_AREA_STYLE_COLOUR('',#93);
#95=FILL_AREA_STYLE($,(#94));
#96=SURFACE_STYLE_FILL_AREA(#95);
#97=SURFACE_SIDE_STYLE('',(#96));
#98=SURFACE_STYLE_USAGE(.BOTH.,#97);
#99=PRESENTATION_STYLE_ASSIGNMENT((#98));
#100=STYLED_ITEM('',(#99),#92);
#101=ADVANCED_FACE('',(#304),#306,.T.);
#102=COLOUR_RGB('',0.8,0.,0.8);
#103=FILL_AREA_STYLE_COLOUR('',#102);
#104=FILL_AREA_STYLE($,(#103));
#105=SURFACE_STYLE_FILL_AREA(#104);
#106=SURFACE_SIDE_STYLE('',(#105));
#107=SURFACE_STYLE_USAGE(.BOTH.,#106);
#108=PRESENTATION_STYLE_ASSIGNMENT((#107));
#109=STYLED_ITEM('',(#108),#101);
#110=ADVANCED_FACE('',(#311),#313,.T.);
#111=COLOUR_RGB('',1.,1.,0.2);
#112=FILL_AREA_STYLE_COLOUR('',#111);
#113=FILL_AREA_STYLE($,(#112));
#114=SURFACE_STYLE_FILL_AREA(#113);
#115=SURFACE_SIDE_STYLE('',(#114));
#116=SURFACE_STYLE_USAGE(.BOTH.,#115);
#117=PRESENTATION_STYLE_ASSIGNMENT((#116));
#118=STYLED_ITEM('',(#117),#110);
#119=ADVANCED_FACE('',(#318),#320,.F.);
#120=ADVANCED_FACE('',(#325,#327,#329),#331,.F.);
#121=ADVANCED_FACE('',(#336),#338,.T.);
#122=ADVANCED_FACE('',(#343),#345,.T.);
#123=ADVANCED_FACE('',(#350),#352,.T.);
#124=ADVANCED_FACE('',(#357),#359,.T.);
#125=ADVANCED_FACE('',(#364),#366,.T.);
#126=COLOUR_RGB('',1.,1.,0.2);
#127=FILL_AREA_STYLE_COLOUR('',#126);
#128=FILL_AREA_STYLE($,(#127));
#129=SURFACE_STYLE_FILL_AREA(#128);
#130=SURFACE_SIDE_STYLE('',(#129));
#131=SURFACE_STYLE_USAGE(.BOTH.,#130);
#132=PRESENTATION_STYLE_ASSIGNMENT((#131));
#133=STYLED_ITEM('',(#132),#125);
#134=ADVANCED_FACE('',(#371),#373,.T.);
#135=ADVANCED_FACE('',(#378),#380,.F.);
#136=ADVANCED_FACE('',(#385),#387,.T.);
#137=ADVANCED_FACE('',(#392),#394,.T.);
#138=ADVANCED_FACE('',(#399),#401,.T.);
#139=ADVANCED_FACE('',(#406),#408,.F.);
#140=ADVANCED_FACE('',(#413,#415),#417,.T.);
#141=ADVANCED_FACE('',(#422),#424,.F.);
#142=ADVANCED_FACE('',(#429),#431,.T.);
#143=ADVANCED_FACE('',(#436),#438,.T.);
#144=ADVANCED_FACE('',(#443),#445,.F.);
#145=ADVANCED_FACE('',(#450),#452,.T.);
#146=COLOUR_RGB('',1.,0.,0.);
#147=FILL_AREA_STYLE_COLOUR('',#146);
#148=FILL_AREA_STYLE($,(#147));
#149=SURFACE_STYLE_FILL_AREA(#148);
#150=SURFACE_SIDE_STYLE('',(#149));
#151=SURFACE_STYLE_USAGE(.BOTH.,#150);
#152=PRESENTATION_STYLE_ASSIGNMENT((#151));
#153=STYLED_ITEM('',(#152),#145);
#154=ADVANCED_FACE('',(#457),#459,.T.);
#155=COLOUR_RGB('',1.,0.,0.);
#156=FILL_AREA_STYLE_COLOUR('',#155);
#157=FILL_AREA_STYLE($,(#156));
#158=SURFACE_STYLE_FILL_AREA(#157);
#159=SURFACE_SIDE_STYLE('',(#158));
#160=SURFACE_STYLE_USAGE(.BOTH.,#159);
#161=PRESENTATION_STYLE_ASSIGNMENT((#160));
#162=STYLED_ITEM('',(#161),#154);
#163=ADVANCED_FACE('',(#464),#466,.T.);
#164=COLOUR_RGB('',1.,0.,0.);
#165=FILL_AREA_STYLE_COLOUR('',#164);
#166=FILL_AREA_STYLE($,(#165));
#167=SURFACE_STYLE_FILL_AREA(#166);
#168=SURFACE_SIDE_STYLE('',(#167));
#169=SURFACE_STYLE_USAGE(.BOTH.,#168);
#170=PRESENTATION_STYLE_ASSIGNMENT((#169));
#171=STYLED_ITEM('',(#170),#163);
#172=ADVANCED_FACE('',(#471),#473,.T.);
#173=COLOUR_RGB('',1.,0.,0.);
#174=FILL_AREA_STYLE_COLOUR('',#173);
#175=FILL_AREA_STYLE($,(#174));
#176=SURFACE_STYLE_FILL_AREA(#175);
#177=SURFACE_SIDE_STYLE('',(#176));
#178=SURFACE_STYLE_USAGE(.BOTH.,#177);
#179=PRESENTATION_STYLE_ASSIGNMENT((#178));
#180=STYLED_ITEM('',(#179),#172);
#181=ADVANCED_FACE('',(#478),#480,.T.);
#182=ADVANCED_FACE('',(#485),#487,.T.);
#183=ADVANCED_FACE('',(#492,#494),#496,.F.);
#184=ADVANCED_FACE('',(#501),#503,.T.);
#185=ADVANCED_FACE('',(#508,#510),#512,.F.);
#186=ADVANCED_FACE('',(#517),#519,.T.);
#187=ADVANCED_FACE('',(#524),#526,.T.);
#188=ADVANCED_FACE('',(#531),#533,.T.);
#189=ADVANCED_FACE('',(#538),#540,.F.);
#190=ADVANCED_FACE('',(#545),#547,.T.);
#191=ADVANCED_FACE('',(#552),#554,.T.);
#192=ADVANCED_FACE('',(#559),#561,.F.);
#193=COLOUR_RGB('',1.,0.,0.);
#194=FILL_AREA_STYLE_COLOUR('',#193);
#195=FILL_AREA_STYLE($,(#194));
#196=SURFACE_STYLE_FILL_AREA(#195);
#197=SURFACE_SIDE_STYLE('',(#196));
#198=SURFACE_STYLE_USAGE(.BOTH.,#197);
#199=PRESENTATION_STYLE_ASSIGNMENT((#198));
#200=STYLED_ITEM('',(#199),#192);
#201=ADVANCED_FACE('',(#566),#568,.T.);
#202=ADVANCED_FACE('',(#573),#575,.F.);
#203=COLOUR_RGB('',1.,0.,0.);
#204=FILL_AREA_STYLE_COLOUR('',#203);
#205=FILL_AREA_STYLE($,(#204));
#206=SURFACE_STYLE_FILL_AREA(#205);
#207=SURFACE_SIDE_STYLE('',(#206));
#208=SURFACE_STYLE_USAGE(.BOTH.,#207);
#209=PRESENTATION_STYLE_ASSIGNMENT((#208));
#210=STYLED_ITEM('',(#209),#202);
#211=ADVANCED_FACE('',(#580),#582,.F.);
#212=ADVANCED_FACE('',(#587),#589,.T.);
#213=ADVANCED_FACE('',(#594,#596),#598,.F.);
#214=ADVANCED_FACE('',(#603),#605,.T.);
#215=COLOUR_RGB('',1.,0.,0.);
#216=FILL_AREA_STYLE_COLOUR('',#215);
#217=FILL_AREA_STYLE($,(#216));
#218=SURFACE_STYLE_FILL_AREA(#217);
#219=SURFACE_SIDE_STYLE('',(#218));
#220=SURFACE_STYLE_USAGE(.BOTH.,#219);
#221=PRESENTATION_STYLE_ASSIGNMENT((#220));
#222=STYLED_ITEM('',(#221),#214);
#223=ADVANCED_FACE('',(#610),#612,.T.);
#224=COLOUR_RGB('',1.,0.,0.);
#225=FILL_AREA_STYLE_COLOUR('',#224);
#226=FILL_AREA_STYLE($,(#225));
#227=SURFACE_STYLE_FILL_AREA(#226);
#228=SURFACE_SIDE_STYLE('',(#227));
#229=SURFACE_STYLE_USAGE(.BOTH.,#228);
#230=PRESENTATION_STYLE_ASSIGNMENT((#229));
#231=STYLED_ITEM('',(#230),#223);
#232=ADVANCED_FACE('',(#617),#619,.F.);
#233=ADVANCED_FACE('',(#624),#626,.F.);
#234=ADVANCED_FACE('',(#631),#633,.T.);
#235=ADVANCED_FACE('',(#646),#648,.T.);
#236=ADVANCED_FACE('',(#661),#663,.T.);
#237=ADVANCED_FACE('',(#668),#670,.T.);
#238=ADVANCED_FACE('',(#675),#677,.T.);
#239=ADVANCED_FACE('',(#682),#684,.T.);
#240=ADVANCED_FACE('',(#689),#691,.T.);
#241=ADVANCED_FACE('',(#696),#698,.F.);
#242=ADVANCED_FACE('',(#756),#758,.T.);
#243=ADVANCED_FACE('',(#763),#765,.F.);
#244=COMPOSITE_CURVE('',(#832,#833,#834,#835),.F.);
#245=COLOUR_RGB('',0.,0.,1.);
#246=PRESENTATION_STYLE_ASSIGNMENT((#247));
#247=CURVE_STYLE('',#248,POSITIVE_LENGTH_MEASURE(0.1),#245);
#248=PRE_DEFINED_CURVE_FONT('continuous');
#249=STYLED_ITEM('',(#246),#244);
#250=INVISIBILITY((#249,#256));
#251=COMPOSITE_CURVE('',(#836,#837,#838,#839),.F.);
#252=COLOUR_RGB('',0.,0.,1.);
#253=PRESENTATION_STYLE_ASSIGNMENT((#254));
#254=CURVE_STYLE('',#255,POSITIVE_LENGTH_MEASURE(0.1),#252);
#255=PRE_DEFINED_CURVE_FONT('continuous');
#256=STYLED_ITEM('',(#253),#251);
#257=COMPOSITE_CURVE('',(#840,#841,#842,#843),.F.);
#258=COLOUR_RGB('',0.,0.,1.);
#259=PRESENTATION_STYLE_ASSIGNMENT((#260));
#260=CURVE_STYLE('',#261,POSITIVE_LENGTH_MEASURE(0.1),#258);
#261=PRE_DEFINED_CURVE_FONT('continuous');
#262=STYLED_ITEM('',(#259),#257);
#263=COMPOSITE_CURVE('',(#844,#845,#846,#847),.F.);
#264=COLOUR_RGB('',0.,0.,1.);
#265=PRESENTATION_STYLE_ASSIGNMENT((#266));
#266=CURVE_STYLE('',#267,POSITIVE_LENGTH_MEASURE(0.1),#264);
#267=PRE_DEFINED_CURVE_FONT('continuous');
#268=STYLED_ITEM('',(#265),#263);
#269=FACE_BOUND('',#270,.T.);
#270=EDGE_LOOP('',(#848,#849,#850,#851));
#271=PLANE('',#272);
#272=AXIS2_PLACEMENT_3D('',#273,#274,#275);
#273=CARTESIAN_POINT('',(-24.2892515404966,1.3164953090834E-15,-21.5));
#274=DIRECTION('',(-1.,0.,0.));
#275=DIRECTION('',(0.,6.12323399573677E-17,-1.));
#276=FACE_BOUND('',#277,.T.);
#277=EDGE_LOOP('',(#852,#853,#854,#855));
#278=PLANE('',#279);
#279=AXIS2_PLACEMENT_3D('',#280,#281,#282);
#280=CARTESIAN_POINT('',(-4.28925154049656,1.46957615897682E-15,-24.));
#281=DIRECTION('',(1.,0.,-3.5527136788005E-16));
#282=DIRECTION('',(3.5527136788005E-16,-6.12323399573677E-17,1.));
#283=FACE_BOUND('',#284,.T.);
#284=EDGE_LOOP('',(#856,#857,#858,#859,#860,#861,#862,#863));
#285=PLANE('',#286);
#286=AXIS2_PLACEMENT_3D('',#287,#288,#289);
#287=CARTESIAN_POINT('',(0.,-8.,-4.89858719658941E-16));
#288=DIRECTION('',(0.,-1.,-6.12323399573677E-17));
#289=DIRECTION('',(6.12323399573677E-17,-6.12323399573677E-17,1.));
#290=FACE_BOUND('',#291,.T.);
#291=EDGE_LOOP('',(#864,#865,#866,#867));
#292=PLANE('',#293);
#293=AXIS2_PLACEMENT_3D('',#294,#295,#296);
#294=CARTESIAN_POINT('',(-23.2892515404966,-3.,-26.));
#295=DIRECTION('',(4.78959436048522E-48,1.,6.12323399573676E-17));
#296=DIRECTION('',(6.12323399573676E-17,-6.12323399573676E-17,1.));
#297=FACE_BOUND('',#298,.T.);
#298=EDGE_LOOP('',(#868,#869,#870,#871));
#299=PLANE('',#300);
#300=AXIS2_PLACEMENT_3D('',#301,#302,#303);
#301=CARTESIAN_POINT('',(-5.28925154049656,-3.,-26.));
#302=DIRECTION('',(0.,0.,-1.));
#303=DIRECTION('',(-1.,0.,0.));
#304=FACE_BOUND('',#305,.T.);
#305=EDGE_LOOP('',(#872,#873,#874,#875));
#306=PLANE('',#307);
#307=AXIS2_PLACEMENT_3D('',#308,#309,#310);
#308=CARTESIAN_POINT('',(-23.2892515404966,-3.,-24.5));
#309=DIRECTION('',(0.,0.,1.));
#310=DIRECTION('',(1.,0.,0.));
#311=FACE_BOUND('',#312,.T.);
#312=EDGE_LOOP('',(#876,#877,#878,#879));
#313=PLANE('',#314);
#314=AXIS2_PLACEMENT_3D('',#315,#316,#317);
#315=CARTESIAN_POINT('',(-24.2892515404966,1.46957615897682E-15,-24.));
#316=DIRECTION('',(0.,0.,-1.));
#317=DIRECTION('',(1.,0.,0.));
#318=FACE_BOUND('',#319,.T.);
#319=EDGE_LOOP('',(#880,#881,#882,#883));
#320=PLANE('',#321);
#321=AXIS2_PLACEMENT_3D('',#322,#323,#324);
#322=CARTESIAN_POINT('',(0.,0.,0.));
#323=DIRECTION('',(0.,1.,6.12323399573677E-17));
#324=DIRECTION('',(6.12323399573677E-17,6.12323399573677E-17,-1.));
#325=FACE_BOUND('',#326,.T.);
#326=EDGE_LOOP('',(#884,#885,#886,#887,#888,#889,#890,#891,#892,#893,#894,#895));
#327=FACE_BOUND('',#328,.T.);
#328=EDGE_LOOP('',(#896,#897,#898,#899,#900,#901,#902,#903));
#329=FACE_BOUND('',#330,.T.);
#330=EDGE_LOOP('',(#904,#905,#906,#907));
#331=PLANE('',#332);
#332=AXIS2_PLACEMENT_3D('',#333,#334,#335);
#333=CARTESIAN_POINT('',(0.,0.,0.));
#334=DIRECTION('',(0.,1.,6.12323399573677E-17));
#335=DIRECTION('',(6.12323399573677E-17,6.12323399573677E-17,-1.));
#336=FACE_BOUND('',#337,.T.);
#337=EDGE_LOOP('',(#908,#909,#910,#911,#912,#913,#914,#915));
#338=PLANE('',#339);
#339=AXIS2_PLACEMENT_3D('',#340,#341,#342);
#340=CARTESIAN_POINT('',(-23.2892515404966,1.71450551880629E-15,-28.));
#341=DIRECTION('',(1.,0.,0.));
#342=DIRECTION('',(0.,-6.12323399573677E-17,1.));
#343=FACE_BOUND('',#344,.T.);
#344=EDGE_LOOP('',(#916,#917,#918,#919));
#345=PLANE('',#346);
#346=AXIS2_PLACEMENT_3D('',#347,#348,#349);
#347=CARTESIAN_POINT('',(-24.2892515404966,1.71450551880629E-15,-28.));
#348=DIRECTION('',(0.,0.,-1.));
#349=DIRECTION('',(1.,0.,0.));
#350=FACE_BOUND('',#351,.T.);
#351=EDGE_LOOP('',(#920,#921,#922,#923));
#352=PLANE('',#353);
#353=AXIS2_PLACEMENT_3D('',#354,#355,#356);
#354=CARTESIAN_POINT('',(-5.28925154049656,1.71450551880629E-15,-28.));
#355=DIRECTION('',(0.,0.,-1.));
#356=DIRECTION('',(1.,0.,0.));
#357=FACE_BOUND('',#358,.T.);
#358=EDGE_LOOP('',(#924,#925,#926,#927,#928,#929,#930,#931));
#359=PLANE('',#360);
#360=AXIS2_PLACEMENT_3D('',#361,#362,#363);
#361=CARTESIAN_POINT('',(-5.28925154049656,1.46957615897682E-15,-24.));
#362=DIRECTION('',(-1.,0.,0.));
#363=DIRECTION('',(0.,6.12323399573677E-17,-1.));
#364=FACE_BOUND('',#365,.T.);
#365=EDGE_LOOP('',(#932,#933,#934,#935));
#366=PLANE('',#367);
#367=AXIS2_PLACEMENT_3D('',#368,#369,#370);
#368=CARTESIAN_POINT('',(-4.28925154049656,1.3164953090834E-15,-21.5));
#369=DIRECTION('',(0.,0.,1.));
#370=DIRECTION('',(-1.,0.,0.));
#371=FACE_BOUND('',#372,.T.);
#372=EDGE_LOOP('',(#936,#937,#938,#939,#940,#941,#942,#943,#944,#945,#946,#947));
#373=CYLINDRICAL_SURFACE('',#374,3.99804261520015);
#374=AXIS2_PLACEMENT_3D('',#375,#376,#377);
#375=CARTESIAN_POINT('',(-20.9848303296291,1.,-1.594923074134));
#376=DIRECTION('',(1.22464679914735E-16,-1.,-6.12323399573677E-17));
#377=DIRECTION('',(-0.916983130339309,-1.36725216857979E-16,0.398925981446587));
#378=FACE_BOUND('',#379,.T.);
#379=EDGE_LOOP('',(#948,#949,#950,#951,#952,#953));
#380=CYLINDRICAL_SURFACE('',#381,4.);
#381=AXIS2_PLACEMENT_3D('',#382,#383,#384);
#382=CARTESIAN_POINT('',(-20.984664740682,-2.4723392341659E-15,-1.59296568590499));
#383=DIRECTION('',(1.22464679914735E-16,-1.,-6.12323399573677E-17));
#384=DIRECTION('',(-6.12323399573677E-17,-6.12323399573677E-17,1.));
#385=FACE_BOUND('',#386,.T.);
#386=EDGE_LOOP('',(#954,#955,#956,#957,#958));
#387=PLANE('',#388);
#388=AXIS2_PLACEMENT_3D('',#389,#390,#391);
#389=CARTESIAN_POINT('',(-1.,-5.5,-1.));
#390=DIRECTION('',(2.63163976207444E-16,0.,-1.));
#391=DIRECTION('',(-1.,0.,-2.63163976207445E-16));
#392=FACE_BOUND('',#393,.T.);
#393=EDGE_LOOP('',(#959,#960,#961,#962));
#394=PLANE('',#395);
#395=AXIS2_PLACEMENT_3D('',#396,#397,#398);
#396=CARTESIAN_POINT('',(-28.,-5.5,-1.00000000000001));
#397=DIRECTION('',(1.,0.,1.48029736616688E-16));
#398=DIRECTION('',(1.48029736616688E-16,5.55111512312578E-17,-1.));
#399=FACE_BOUND('',#400,.T.);
#400=EDGE_LOOP('',(#963,#964,#965,#966,#967,#968,#969,#970));
#401=PLANE('',#402);
#402=AXIS2_PLACEMENT_3D('',#403,#404,#405);
#403=CARTESIAN_POINT('',(-28.,-5.5,-49.));
#404=DIRECTION('',(0.,0.,1.));
#405=DIRECTION('',(1.,0.,0.));
#406=FACE_BOUND('',#407,.T.);
#407=EDGE_LOOP('',(#971,#972,#973,#974));
#408=PLANE('',#409);
#409=AXIS2_PLACEMENT_3D('',#410,#411,#412);
#410=CARTESIAN_POINT('',(-20.,-5.,-48.));
#411=DIRECTION('',(-1.,0.,0.));
#412=DIRECTION('',(0.,1.,0.));
#413=FACE_BOUND('',#414,.T.);
#414=EDGE_LOOP('',(#975,#976,#977,#978));
#415=FACE_BOUND('',#416,.T.);
#416=EDGE_LOOP('',(#979,#980,#981,#982));
#417=PLANE('',#418);
#418=AXIS2_PLACEMENT_3D('',#419,#420,#421);
#419=CARTESIAN_POINT('',(2.83957239294335E-15,3.06161699786838E-15,-50.));
#420=DIRECTION('',(0.,0.,-1.));
#421=DIRECTION('',(-1.,0.,0.));
#422=FACE_BOUND('',#423,.T.);
#423=EDGE_LOOP('',(#983,#984,#985,#986));
#424=PLANE('',#425);
#425=AXIS2_PLACEMENT_3D('',#426,#427,#428);
#426=CARTESIAN_POINT('',(-9.,4.28626379701574E-15,-48.));
#427=DIRECTION('',(1.,0.,0.));
#428=DIRECTION('',(0.,-1.,0.));
#429=FACE_BOUND('',#430,.T.);
#430=EDGE_LOOP('',(#987,#988,#989,#990));
#431=PLANE('',#432);
#432=AXIS2_PLACEMENT_3D('',#433,#434,#435);
#433=CARTESIAN_POINT('',(-0.999999999999997,-5.5,-49.));
#434=DIRECTION('',(-1.,0.,-5.55111512312578E-17));
#435=DIRECTION('',(-5.55111512312578E-17,-5.55111512312578E-17,1.));
#436=FACE_BOUND('',#437,.T.);
#437=EDGE_LOOP('',(#991,#992,#993,#994,#995,#996,#997));
#438=PLANE('',#439);
#439=AXIS2_PLACEMENT_3D('',#440,#441,#442);
#440=CARTESIAN_POINT('',(-1.,-5.5,-1.));
#441=DIRECTION('',(2.63163976207444E-16,0.,-1.));
#442=DIRECTION('',(-1.,0.,-2.63163976207445E-16));
#443=FACE_BOUND('',#444,.T.);
#444=EDGE_LOOP('',(#998,#999,#1000,#1001,#1002,#1003,#1004));
#445=CYLINDRICAL_SURFACE('',#446,4.);
#446=AXIS2_PLACEMENT_3D('',#447,#448,#449);
#447=CARTESIAN_POINT('',(-20.984664740682,-2.4723392341659E-15,-1.59296568590499));
#448=DIRECTION('',(1.22464679914735E-16,-1.,-6.12323399573677E-17));
#449=DIRECTION('',(-6.12323399573677E-17,-6.12323399573677E-17,1.));
#450=FACE_BOUND('',#451,.T.);
#451=EDGE_LOOP('',(#1005,#1006,#1007,#1008));
#452=PLANE('',#453);
#453=AXIS2_PLACEMENT_3D('',#454,#455,#456);
#454=CARTESIAN_POINT('',(-24.2892515404966,-8.,-12.5826170590321));
#455=DIRECTION('',(-1.,0.,0.));
#456=DIRECTION('',(0.,0.,1.));
#457=FACE_BOUND('',#458,.T.);
#458=EDGE_LOOP('',(#1009,#1010,#1011,#1012));
#459=PLANE('',#460);
#460=AXIS2_PLACEMENT_3D('',#461,#462,#463);
#461=CARTESIAN_POINT('',(-24.2892515404966,-8.,-9.58261705903205));
#462=DIRECTION('',(8.88178419700125E-17,0.,1.));
#463=DIRECTION('',(1.,0.,-8.88178419700125E-17));
#464=FACE_BOUND('',#465,.T.);
#465=EDGE_LOOP('',(#1013,#1014,#1015,#1016));
#466=PLANE('',#467);
#467=AXIS2_PLACEMENT_3D('',#468,#469,#470);
#468=CARTESIAN_POINT('',(-4.28925154049656,-8.,-9.58261705903205));
#469=DIRECTION('',(1.,0.,0.));
#470=DIRECTION('',(0.,0.,-1.));
#471=FACE_BOUND('',#472,.T.);
#472=EDGE_LOOP('',(#1017,#1018,#1019,#1020));
#473=PLANE('',#474);
#474=AXIS2_PLACEMENT_3D('',#475,#476,#477);
#475=CARTESIAN_POINT('',(-4.28925154049656,-8.,-12.5826170590321));
#476=DIRECTION('',(-8.88178419700125E-17,0.,-1.));
#477=DIRECTION('',(-1.,0.,8.88178419700125E-17));
#478=FACE_BOUND('',#479,.T.);
#479=EDGE_LOOP('',(#1021,#1022,#1023,#1024,#1025,#1026,#1027,#1028,#1029,#1030,#1031,
#1032,#1033,#1034,#1035,#1036,#1037,#1038));
#480=PLANE('',#481);
#481=AXIS2_PLACEMENT_3D('',#482,#483,#484);
#482=CARTESIAN_POINT('',(0.,1.,6.12323399573677E-17));
#483=DIRECTION('',(0.,1.,6.12323399573677E-17));
#484=DIRECTION('',(6.12323399573677E-17,6.12323399573677E-17,-1.));
#485=FACE_BOUND('',#486,.T.);
#486=EDGE_LOOP('',(#1039,#1040,#1041,#1042,#1043));
#487=PLANE('',#488);
#488=AXIS2_PLACEMENT_3D('',#489,#490,#491);
#489=CARTESIAN_POINT('',(-17.3186926971129,1.,-8.26946079742758E-16));
#490=DIRECTION('',(-0.398925981446587,-5.61490227721077E-17,0.916983130339309));
#491=DIRECTION('',(-0.916983130339309,0.,-0.398925981446587));
#492=FACE_BOUND('',#493,.T.);
#493=EDGE_LOOP('',(#1044,#1045,#1046,#1047,#1048,#1049,#1050,#1051,#1052,#1053,#1054,
#1055));
#494=FACE_BOUND('',#495,.T.);
#495=EDGE_LOOP('',(#1056));
#496=PLANE('',#497);
#497=AXIS2_PLACEMENT_3D('',#498,#499,#500);
#498=CARTESIAN_POINT('',(5.51091059616309E-16,-4.5,-2.75545529808154E-16));
#499=DIRECTION('',(1.22464679914735E-16,-1.,-6.12323399573677E-17));
#500=DIRECTION('',(-6.12323399573677E-17,-6.12323399573677E-17,1.));
#501=FACE_BOUND('',#502,.T.);
#502=EDGE_LOOP('',(#1057,#1058,#1059,#1060));
#503=CYLINDRICAL_SURFACE('',#504,4.);
#504=AXIS2_PLACEMENT_3D('',#505,#506,#507);
#505=CARTESIAN_POINT('',(-20.984664740682,-5.5,-1.592965685905));
#506=DIRECTION('',(0.,1.,6.12323399573677E-17));
#507=DIRECTION('',(6.12323399573677E-17,6.12323399573677E-17,-1.));
#508=FACE_BOUND('',#509,.T.);
#509=EDGE_LOOP('',(#1061,#1062,#1063,#1064,#1065,#1066,#1067,#1068,#1069,#1070,#1071,
#1072,#1073,#1074,#1075,#1076,#1077,#1078,#1079,#1080,#1081,#1082,#1083,#1084,#1085,
#1086,#1087));
#510=FACE_BOUND('',#511,.T.);
#511=EDGE_LOOP('',(#1088));
#512=PLANE('',#513);
#513=AXIS2_PLACEMENT_3D('',#514,#515,#516);
#514=CARTESIAN_POINT('',(2.83957239294335E-15,-5.5,-50.));
#515=DIRECTION('',(0.,1.,6.21724893790088E-17));
#516=DIRECTION('',(-1.,0.,0.));
#517=FACE_BOUND('',#518,.T.);
#518=EDGE_LOOP('',(#1089,#1090,#1091,#1092));
#519=CYLINDRICAL_SURFACE('',#520,4.);
#520=AXIS2_PLACEMENT_3D('',#521,#522,#523);
#521=CARTESIAN_POINT('',(-20.984664740682,-5.5,-1.592965685905));
#522=DIRECTION('',(0.,1.,6.12323399573677E-17));
#523=DIRECTION('',(6.12323399573677E-17,6.12323399573677E-17,-1.));
#524=FACE_BOUND('',#525,.T.);
#525=EDGE_LOOP('',(#1093,#1094,#1095,#1096,#1097));
#526=PLANE('',#527);
#527=AXIS2_PLACEMENT_3D('',#528,#529,#530);
#528=CARTESIAN_POINT('',(-23.733984831806,1.,-0.398925981446584));
#529=DIRECTION('',(0.398925981446586,-5.48183883959143E-17,0.916983130339309));
#530=DIRECTION('',(-0.916983130339309,-2.22044604925031E-16,0.398925981446586));
#531=FACE_BOUND('',#532,.T.);
#532=EDGE_LOOP('',(#1098,#1099,#1100,#1101,#1102));
#533=PLANE('',#534);
#534=AXIS2_PLACEMENT_3D('',#535,#536,#537);
#535=CARTESIAN_POINT('',(-29.,5.4381452774599E-31,-8.88116521636466E-15));
#536=DIRECTION('',(-3.06247076426368E-16,-6.12323399573676E-17,1.));
#537=DIRECTION('',(1.,-1.87522250946893E-32,3.06247076426368E-16));
#538=FACE_BOUND('',#539,.T.);
#539=EDGE_LOOP('',(#1103,#1104,#1105,#1106));
#540=PLANE('',#541);
#541=AXIS2_PLACEMENT_3D('',#542,#543,#544);
#542=CARTESIAN_POINT('',(-9.,-5.,-48.));
#543=DIRECTION('',(1.61486985400023E-16,-1.,0.));
#544=DIRECTION('',(-1.,-1.61486985400023E-16,0.));
#545=FACE_BOUND('',#546,.T.);
#546=EDGE_LOOP('',(#1107,#1108,#1109,#1110));
#547=PLANE('',#548);
#548=AXIS2_PLACEMENT_3D('',#549,#550,#551);
#549=CARTESIAN_POINT('',(-29.,3.06161699786838E-15,-50.));
#550=DIRECTION('',(-1.,0.,-7.105427357601E-17));
#551=DIRECTION('',(-7.105427357601E-17,-6.12323399573677E-17,1.));
#552=FACE_BOUND('',#553,.T.);
#553=EDGE_LOOP('',(#1111,#1112,#1113,#1114));
#554=PLANE('',#555);
#555=AXIS2_PLACEMENT_3D('',#556,#557,#558);
#556=CARTESIAN_POINT('',(0.,0.,0.));
#557=DIRECTION('',(1.,-3.47747324196527E-33,5.6791447858867E-17));
#558=DIRECTION('',(5.6791447858867E-17,6.12323399573677E-17,-1.));
#559=FACE_BOUND('',#560,.T.);
#560=EDGE_LOOP('',(#1115,#1116,#1117,#1118));
#561=CYLINDRICAL_SURFACE('',#562,2.49146188171684);
#562=AXIS2_PLACEMENT_3D('',#563,#564,#565);
#563=CARTESIAN_POINT('',(-13.5835228985635,-5.5,-4.49669204502123E-15));
#564=DIRECTION('',(3.06247076426368E-16,6.12323399573676E-17,-1.));
#565=DIRECTION('',(-1.,1.22464679914735E-16,-3.06247076426368E-16));
#566=FACE_BOUND('',#567,.T.);
#567=EDGE_LOOP('',(#1119,#1120,#1121,#1122,#1123));
#568=PLANE('',#569);
#569=AXIS2_PLACEMENT_3D('',#570,#571,#572);
#570=CARTESIAN_POINT('',(-29.,5.4381452774599E-31,-8.88116521636466E-15));
#571=DIRECTION('',(-3.06247076426368E-16,-6.12323399573676E-17,1.));
#572=DIRECTION('',(1.,-1.87522250946893E-32,3.06247076426368E-16));
#573=FACE_BOUND('',#574,.T.);
#574=EDGE_LOOP('',(#1124,#1125,#1126,#1127));
#575=PLANE('',#576);
#576=AXIS2_PLACEMENT_3D('',#577,#578,#579);
#577=CARTESIAN_POINT('',(-24.2892515404966,-8.,-12.5826170590321));
#578=DIRECTION('',(1.23259516440783E-33,1.,6.12323399573676E-17));
#579=DIRECTION('',(6.12323399573676E-17,-6.12323399573676E-17,1.));
#580=FACE_BOUND('',#581,.T.);
#581=EDGE_LOOP('',(#1128,#1129,#1130,#1131));
#582=CYLINDRICAL_SURFACE('',#583,2.99804261520015);
#583=AXIS2_PLACEMENT_3D('',#584,#585,#586);
#584=CARTESIAN_POINT('',(-20.9848303296291,1.,-1.594923074134));
#585=DIRECTION('',(-1.22464679914735E-16,1.,6.12323399573677E-17));
#586=DIRECTION('',(0.916983130339309,8.78708742304516E-17,0.398925981446586));
#587=FACE_BOUND('',#588,.T.);
#588=EDGE_LOOP('',(#1132,#1133,#1134,#1135));
#589=CYLINDRICAL_SURFACE('',#590,4.);
#590=AXIS2_PLACEMENT_3D('',#591,#592,#593);
#591=CARTESIAN_POINT('',(-20.984664740682,-5.5,-1.592965685905));
#592=DIRECTION('',(0.,1.,6.12323399573677E-17));
#593=DIRECTION('',(6.12323399573677E-17,6.12323399573677E-17,-1.));
#594=FACE_OUTER_BOUND('',#595,.T.);
#595=EDGE_LOOP('',(#1136));
#596=FACE_OUTER_BOUND('',#597,.T.);
#597=EDGE_LOOP('',(#1137));
#598=CYLINDRICAL_SURFACE('',#599,1.95415336489842);
#599=AXIS2_PLACEMENT_3D('',#600,#601,#602);
#600=CARTESIAN_POINT('',(-20.984664740682,-5.5,-1.59296568590499));
#601=DIRECTION('',(0.,1.,6.12323399573677E-17));
#602=DIRECTION('',(6.12323399573676E-17,6.12323399573676E-17,-1.));
#603=FACE_BOUND('',#604,.T.);
#604=EDGE_LOOP('',(#1138,#1139,#1140,#1141));
#605=PLANE('',#606);
#606=AXIS2_PLACEMENT_3D('',#607,#608,#609);
#607=CARTESIAN_POINT('',(-1.53123538213184E-15,-3.06161699786838E-16,5.));
#608=DIRECTION('',(-3.06247076426368E-16,-6.12323399573676E-17,1.));
#609=DIRECTION('',(-1.,1.22464679914735E-16,-3.06247076426368E-16));
#610=FACE_BOUND('',#611,.T.);
#611=EDGE_LOOP('',(#1142,#1143,#1144,#1145,#1146,#1147));
#612=CYLINDRICAL_SURFACE('',#613,3.);
#613=AXIS2_PLACEMENT_3D('',#614,#615,#616);
#614=CARTESIAN_POINT('',(-13.5835228985635,-5.5,-4.49669204502123E-15));
#615=DIRECTION('',(-3.06247076426368E-16,-6.12323399573676E-17,1.));
#616=DIRECTION('',(1.,-1.22464679914735E-16,3.06247076426368E-16));
#617=FACE_BOUND('',#618,.T.);
#618=EDGE_LOOP('',(#1148,#1149,#1150,#1151));
#619=TOROIDAL_SURFACE('',#620,1.99804261520015,1.);
#620=AXIS2_PLACEMENT_3D('',#621,#622,#623);
#621=CARTESIAN_POINT('',(-20.9848303296291,-3.5,-1.594923074134));
#622=DIRECTION('',(-1.22464679914735E-16,1.,6.12323399573677E-17));
#623=DIRECTION('',(0.00499997916669476,-6.06192537064832E-17,0.999987500026042));
#624=FACE_BOUND('',#625,.T.);
#625=EDGE_LOOP('',(#1152,#1153,#1154,#1155));
#626=TOROIDAL_SURFACE('',#627,4.,1.);
#627=AXIS2_PLACEMENT_3D('',#628,#629,#630);
#628=CARTESIAN_POINT('',(-13.5835228985635,-5.5,0.999999999999995));
#629=DIRECTION('',(-3.06247076426368E-16,-6.12323399573676E-17,1.));
#630=DIRECTION('',(0.877582561890372,-0.479425538604203,2.39400746337632E-16));
#631=FACE_BOUND('',#632,.T.);
#632=EDGE_LOOP('',(#1156,#1157,#1158,#1159));
#633=(BOUNDED_SURFACE()B_SPLINE_SURFACE(3,2,(
(#634,#635,#636),
(#637,#638,#639),
(#640,#641,#642),
(#643,#644,#645)),
.UNSPECIFIED.,.F.,.F.,.F.)B_SPLINE_SURFACE_WITH_KNOTS((4,4),
(3,3),
(-2.82828574260261E-5,1.00002749494888),
(0.,1.),
.UNSPECIFIED.)GEOMETRIC_REPRESENTATION_ITEM()RATIONAL_B_SPLINE_SURFACE((
(1.,0.707105199816583,1.),
(1.,0.72574185569681,1.),
(1.,0.741230790575305,1.),
(1.,0.753820599988189,1.)))REPRESENTATION_ITEM('')SURFACE());
#634=CARTESIAN_POINT('',(-17.315542185693,-4.06053210428492,-4.66293670342566E-15));
#635=CARTESIAN_POINT('',(-16.3825343892798,-4.42040068782838,-4.47280464177524E-6));
#636=CARTESIAN_POINT('',(-16.3825337684385,-4.42039907821369,0.999999999988539));
#637=CARTESIAN_POINT('',(-17.315542185693,-4.20702543045848,-4.66293670342566E-15));
#638=CARTESIAN_POINT('',(-16.4167774821185,-4.50900449835305,0.0513816102222258));
#639=CARTESIAN_POINT('',(-16.4249032853882,-4.53026907284386,0.999958692602329));
#640=CARTESIAN_POINT('',(-17.315542185693,-4.35351875663203,-4.66293670342566E-15));
#641=CARTESIAN_POINT('',(-16.4512740990595,-4.61128110610954,0.0899822862527007));
#642=CARTESIAN_POINT('',(-16.4598872977269,-4.64013906747402,0.995363842165509));
#643=CARTESIAN_POINT('',(-17.315542185693,-4.50001208280559,-4.66293670342566E-15));
#644=CARTESIAN_POINT('',(-16.4805106093718,-4.71998477122385,0.118899342291595));
#645=CARTESIAN_POINT('',(-16.4882627480293,-4.7500090621042,0.990014269843721));
#646=FACE_BOUND('',#647,.T.);
#647=EDGE_LOOP('',(#1160,#1161,#1162,#1163));
#648=(BOUNDED_SURFACE()B_SPLINE_SURFACE(3,2,(
(#649,#650,#651),
(#652,#653,#654),
(#655,#656,#657),
(#658,#659,#660)),
.UNSPECIFIED.,.F.,.F.,.F.)B_SPLINE_SURFACE_WITH_KNOTS((4,4),
(3,3),
(-1.20828055901791E-5,1.00001186223869),
(0.,1.),
.UNSPECIFIED.)GEOMETRIC_REPRESENTATION_ITEM()RATIONAL_B_SPLINE_SURFACE((
(1.,0.753818523466669,1.),
(1.,0.782419094336439,1.),
(1.,0.796194213355154,1.),
(1.,0.796235113786055,1.)))REPRESENTATION_ITEM('')SURFACE());
#649=CARTESIAN_POINT('',(-17.315542185693,-4.49998791719441,-4.66293670342566E-15));
#650=CARTESIAN_POINT('',(-16.4805058554801,-4.71996713339961,0.118894650154177));
#651=CARTESIAN_POINT('',(-16.4882580683817,-4.74999093790719,0.990015158500962));
#652=CARTESIAN_POINT('',(-17.315542185693,-4.83332923220917,-4.66293670342565E-15));
#653=CARTESIAN_POINT('',(-16.5445878708251,-4.95467341439813,0.180855798481011));
#654=CARTESIAN_POINT('',(-16.5526802282202,-4.999996924158,0.977136629163635));
#655=CARTESIAN_POINT('',(-17.315542185693,-5.16667054722393,-4.66293670342566E-15));
#656=CARTESIAN_POINT('',(-16.5842905221617,-5.23259109479228,0.203113288295065));
#657=CARTESIAN_POINT('',(-16.5834051851919,-5.25000291041657,0.962816905216549));
#658=CARTESIAN_POINT('',(-17.315542185693,-5.50001186223869,-4.66293670342566E-15));
#659=CARTESIAN_POINT('',(-16.5835228985485,-5.50000952343366,0.203614394065129));
#660=CARTESIAN_POINT('',(-16.5835228985503,-5.50000889667902,0.963424277013773));
#661=FACE_BOUND('',#662,.T.);
#662=EDGE_LOOP('',(#1164,#1165,#1166,#1167));
#663=CYLINDRICAL_SURFACE('',#664,1.);
#664=AXIS2_PLACEMENT_3D('',#665,#666,#667);
#665=CARTESIAN_POINT('',(-28.,-9.5,-49.));
#666=DIRECTION('',(0.,-1.,0.));
#667=DIRECTION('',(-1.,0.,0.));
#668=FACE_BOUND('',#669,.T.);
#669=EDGE_LOOP('',(#1168,#1169,#1170,#1171));
#670=CYLINDRICAL_SURFACE('',#671,1.);
#671=AXIS2_PLACEMENT_3D('',#672,#673,#674);
#672=CARTESIAN_POINT('',(-0.999999999999997,-9.5,-49.));
#673=DIRECTION('',(0.,-1.,0.));
#674=DIRECTION('',(0.,0.,-1.));
#675=FACE_BOUND('',#676,.T.);
#676=EDGE_LOOP('',(#1172,#1173,#1174,#1175));
#677=CYLINDRICAL_SURFACE('',#678,1.);
#678=AXIS2_PLACEMENT_3D('',#679,#680,#681);
#679=CARTESIAN_POINT('',(-28.,-9.5,-1.));
#680=DIRECTION('',(0.,-1.,-6.125368411725E-17));
#681=DIRECTION('',(0.,-6.125368411725E-17,1.));
#682=FACE_BOUND('',#683,.T.);
#683=EDGE_LOOP('',(#1176,#1177,#1178,#1179));
#684=CYLINDRICAL_SURFACE('',#685,1.);
#685=AXIS2_PLACEMENT_3D('',#686,#687,#688);
#686=CARTESIAN_POINT('',(-0.999999999999996,-9.5,-1.));
#687=DIRECTION('',(1.225073682345E-16,-1.,-7.65671051465625E-17));
#688=DIRECTION('',(1.,1.225073682345E-16,-2.22044604925032E-16));
#689=FACE_BOUND('',#690,.T.);
#690=EDGE_LOOP('',(#1180,#1181,#1182,#1183));
#691=CYLINDRICAL_SURFACE('',#692,1.);
#692=AXIS2_PLACEMENT_3D('',#693,#694,#695);
#693=CARTESIAN_POINT('',(-17.0362977391025,3.,-0.96767899524148));
#694=DIRECTION('',(0.,1.,6.53072367426562E-17));
#695=DIRECTION('',(-0.98761643398064,1.02459081851513E-17,-0.156887792168047));
#696=FACE_BOUND('',#697,.T.);
#697=EDGE_LOOP('',(#1184,#1185,#1186,#1187));
#698=(BOUNDED_SURFACE()B_SPLINE_SURFACE(3,2,(
(#699,#700,#701),
(#702,#703,#704),
(#705,#706,#707),
(#708,#709,#710),
(#711,#712,#713),
(#714,#715,#716),
(#717,#718,#719),
(#720,#721,#722),
(#723,#724,#725),
(#726,#727,#728),
(#729,#730,#731),
(#732,#733,#734),
(#735,#736,#737),
(#738,#739,#740),
(#741,#742,#743),
(#744,#745,#746),
(#747,#748,#749),
(#750,#751,#752),
(#753,#754,#755)),
.UNSPECIFIED.,.F.,.F.,.F.)B_SPLINE_SURFACE_WITH_KNOTS((4,1,1,1,1,1,1,1,1,1,1,1,1,
1,1,1,4),
(3,3),
(8.81641915219333,11.7027953496769,12.661486404325,13.2760875839813,13.8174727630532,
14.3588579421252,14.9049052254831,15.5291935882544,16.2416634942355,17.0918269012119,
18.0795314723677,19.1849181433435,20.3491661540332,21.4733922105314,22.5554309054002,
23.5548438198604,24.7504972241004),
(0.,1.),
.UNSPECIFIED.)GEOMETRIC_REPRESENTATION_ITEM()RATIONAL_B_SPLINE_SURFACE((
(1.,0.790608119247736,1.),
(1.,0.790602900905679,1.),
(1.,0.789799922730125,1.),
(1.,0.787500262492509,1.),
(1.,0.7861274211894,1.),
(1.,0.784851219438107,1.),
(1.,0.783462573570786,1.),
(1.,0.781822028122484,1.),
(1.,0.779791307224709,1.),
(1.,0.777113272016409,1.),
(1.,0.773519617771973,1.),
(1.,0.768669766338648,1.),
(1.,0.762307810549251,1.),
(1.,0.75439473570086,1.),
(1.,0.74505586332401,1.),
(1.,0.7346298817072,1.),
(1.,0.722290736557723,1.),
(1.,0.712745033196115,1.),
(1.,0.707105750261454,1.)))REPRESENTATION_ITEM('')SURFACE());
#699=CARTESIAN_POINT('',(-17.4352237205998,-3.49998537557299,-0.0506958649242021));
#700=CARTESIAN_POINT('',(-18.14542306908,-3.49999122477106,-0.359662259987933));
#701=CARTESIAN_POINT('',(-18.0239141731079,-3.4999926877865,-1.12456678742395));
#702=CARTESIAN_POINT('',(-17.4350697197709,-3.69595703688672,-0.0506288681281261));
#703=CARTESIAN_POINT('',(-18.1452772958491,-3.6224520496792,-0.359598842540781));
#704=CARTESIAN_POINT('',(-18.0238383943155,-3.59797851844336,-1.12454854807642));
#705=CARTESIAN_POINT('',(-17.4723197432516,-3.95944913591162,-0.0668341849810493));
#706=CARTESIAN_POINT('',(-18.1714421740807,-3.78569298348568,-0.370981657973982));
#707=CARTESIAN_POINT('',(-18.0420668213744,-3.72972456795581,-1.13506715892154));
#708=CARTESIAN_POINT('',(-17.5721600504279,-4.25306144085793,-0.11026889082292));
#709=CARTESIAN_POINT('',(-18.2387076789185,-3.95938588217501,-0.40024496353224));
#710=CARTESIAN_POINT('',(-18.0909099263967,-3.87653072042897,-1.16389559958416));
#711=CARTESIAN_POINT('',(-17.6341559760712,-4.39478679250945,-0.137239709221513));
#712=CARTESIAN_POINT('',(-18.2774232553309,-4.03798470650703,-0.417087857154395));
#713=CARTESIAN_POINT('',(-18.1212367320073,-3.94739339625473,-1.18196342105281));
#714=CARTESIAN_POINT('',(-17.6915959261012,-4.50585301694696,-0.162228487838933));
#715=CARTESIAN_POINT('',(-18.3123427994972,-4.09850305916314,-0.43227931811731));
#716=CARTESIAN_POINT('',(-18.149333870555,-4.00292650847348,-1.19884538456445));
#717=CARTESIAN_POINT('',(-17.7502018394331,-4.60492252464244,-0.187724509217016));
#718=CARTESIAN_POINT('',(-18.3491533896065,-4.1540175297739,-0.448293463090221));
#719=CARTESIAN_POINT('',(-18.178001257659,-4.05246126232122,-1.21621529481626));
#720=CARTESIAN_POINT('',(-17.8163199959244,-4.70333981334657,-0.216488670298132));
#721=CARTESIAN_POINT('',(-18.3911346683277,-4.2093953438109,-0.466557073686896));
#722=CARTESIAN_POINT('',(-18.2103444775816,-4.10166990667329,-1.23599944042142));
#723=CARTESIAN_POINT('',(-17.8955185929176,-4.80676873927014,-0.250943369615255));
#724=CARTESIAN_POINT('',(-18.4409930125324,-4.26653360704905,-0.488247536943069));
#725=CARTESIAN_POINT('',(-18.249090288367,-4.15338436963507,-1.25997423700509));
#726=CARTESIAN_POINT('',(-17.9934205588629,-4.91753255829402,-0.293534816020394));
#727=CARTESIAN_POINT('',(-18.5034021457859,-4.32748990932534,-0.515398117919596));
#728=CARTESIAN_POINT('',(-18.2969971346796,-4.20876627914701,-1.29005675814862));
#729=CARTESIAN_POINT('',(-18.1158136086597,-5.03500729694502,-0.346780907357273));
#730=CARTESIAN_POINT('',(-18.5817027006112,-4.39065913015439,-0.549462131365461));
#731=CARTESIAN_POINT('',(-18.3569170307993,-4.26750364847251,-1.32842646848422));
#732=CARTESIAN_POINT('',(-18.2652933597941,-5.15336678881316,-0.411810845700441));
#733=CARTESIAN_POINT('',(-18.6784427677324,-4.4520062994487,-0.591548103227623));
#734=CARTESIAN_POINT('',(-18.4301695605993,-4.32668339440658,-1.37658281305566));
#735=CARTESIAN_POINT('',(-18.4391835881385,-5.26308211537491,-0.487460361717825));
#736=CARTESIAN_POINT('',(-18.7918218901432,-4.50439766478965,-0.640872759469151));
#737=CARTESIAN_POINT('',(-18.5155508391381,-4.38154105768745,-1.43469502824983));
#738=CARTESIAN_POINT('',(-18.6289222061695,-5.35469091175167,-0.570004589536203));
#739=CARTESIAN_POINT('',(-18.9148156975026,-4.54062468233179,-0.694380205450796));
#740=CARTESIAN_POINT('',(-18.6090558384677,-4.42734545587584,-1.50117153888138));
#741=CARTESIAN_POINT('',(-18.8225579381433,-5.42269256078595,-0.654244224775947));
#742=CARTESIAN_POINT('',(-19.0394515765445,-4.55774370332709,-0.748602021234729));
#743=CARTESIAN_POINT('',(-18.7050907534073,-4.46134628039297,-1.57302531537646));
#744=CARTESIAN_POINT('',(-19.0097828959927,-5.46714348168731,-0.735694905372111));
#745=CARTESIAN_POINT('',(-19.1582742275393,-4.55666223614922,-0.800294839889602));
#746=CARTESIAN_POINT('',(-18.7988911538384,-4.48357174084366,-1.64721512768261));
#747=CARTESIAN_POINT('',(-19.2020987700917,-5.49419205447232,-0.819360347280859));
#748=CARTESIAN_POINT('',(-19.2786072744954,-4.53896743376493,-0.85264474390543));
#749=CARTESIAN_POINT('',(-18.8966834101657,-4.49709602723616,-1.72903587528788));
#750=CARTESIAN_POINT('',(-19.3293635330676,-5.49999968683857,-0.874725837434388));
#751=CARTESIAN_POINT('',(-19.3567734534938,-4.51582083070657,-0.886650298251167));
#752=CARTESIAN_POINT('',(-18.9629314347678,-4.49999984341929,-1.78799474554105));
#753=CARTESIAN_POINT('',(-19.3986541975763,-5.49999999996606,-0.904870172078765));
#754=CARTESIAN_POINT('',(-19.3986495724407,-4.49999708408016,-0.904868159951525));
#755=CARTESIAN_POINT('',(-18.9997224277816,-4.49999999998303,-1.82185396412265));
#756=FACE_BOUND('',#757,.T.);
#757=EDGE_LOOP('',(#1188,#1189,#1190,#1191));
#758=CYLINDRICAL_SURFACE('',#759,1.);
#759=AXIS2_PLACEMENT_3D('',#760,#761,#762);
#760=CARTESIAN_POINT('',(-24.9333629201557,3.,-0.967678995241473));
#761=DIRECTION('',(0.,1.,2.48167499622094E-16));
#762=DIRECTION('',(0.398925981446585,-2.27565410651947E-16,0.91698313033931));
#763=FACE_BOUND('',#764,.T.);
#764=EDGE_LOOP('',(#1192,#1193,#1194,#1195));
#765=(BOUNDED_SURFACE()B_SPLINE_SURFACE(3,2,(
(#766,#767,#768),
(#769,#770,#771),
(#772,#773,#774),
(#775,#776,#777),
(#778,#779,#780),
(#781,#782,#783),
(#784,#785,#786),
(#787,#788,#789),
(#790,#791,#792),
(#793,#794,#795),
(#796,#797,#798),
(#799,#800,#801),
(#802,#803,#804),
(#805,#806,#807),
(#808,#809,#810),
(#811,#812,#813),
(#814,#815,#816),
(#817,#818,#819),
(#820,#821,#822),
(#823,#824,#825),
(#826,#827,#828),
(#829,#830,#831)),
.UNSPECIFIED.,.F.,.F.,.F.)B_SPLINE_SURFACE_WITH_KNOTS((4,1,1,1,1,1,1,1,1,1,1,1,1,
1,1,1,1,1,1,4),
(3,3),
(18.191712861965,20.7710307658664,21.8360356154313,22.9010404649963,24.0020007588809,
25.1470343493409,26.2911607118321,27.2142477035318,27.8372675677028,28.2198724903218,
28.5044061426241,28.7629916850356,29.021577227447,29.320802513645,29.6690303123654,
30.1095215244281,30.7154726716014,31.5837464754524,32.8277268456729,34.0753331755588),
(0.,1.),
.UNSPECIFIED.)GEOMETRIC_REPRESENTATION_ITEM()RATIONAL_B_SPLINE_SURFACE((
(1.,0.707105750261455,1.),
(1.,0.71929622020976,1.),
(1.,0.733695563776234,1.),
(1.,0.748236769280592,1.),
(1.,0.756763435451281,1.),
(1.,0.764168130523583,1.),
(1.,0.770512154177236,1.),
(1.,0.775483084611892,1.),
(1.,0.778956820544113,1.),
(1.,0.781114134650462,1.),
(1.,0.782420141988609,1.),
(1.,0.783295615248614,1.),
(1.,0.784009933090607,1.),
(1.,0.784697941695033,1.),
(1.,0.785412637723181,1.),
(1.,0.786207274127522,1.),
(1.,0.787127390477989,1.),
(1.,0.788217855282056,1.),
(1.,0.789433866840415,1.),
(1.,0.790377134229737,1.),
(1.,0.790608118684805,1.),
(1.,0.790608119247735,1.)))REPRESENTATION_ITEM('')SURFACE());
#766=CARTESIAN_POINT('',(-22.571006461682,-5.49999999996606,-0.904870172078758));
#767=CARTESIAN_POINT('',(-22.5710110868175,-4.49999708408016,-0.904868159951519));
#768=CARTESIAN_POINT('',(-22.9699382314766,-4.49999999998303,-1.82185396412264));
#769=CARTESIAN_POINT('',(-22.7142349455724,-5.5001183193619,-0.842559796220528));
#770=CARTESIAN_POINT('',(-22.6605476688663,-4.53397723667016,-0.865916005121839));
#771=CARTESIAN_POINT('',(-23.045935970879,-4.50005915968095,-1.75182538989675));
#772=CARTESIAN_POINT('',(-22.9280138193344,-5.47991845189176,-0.749557052542483));
#773=CARTESIAN_POINT('',(-22.7943601277456,-4.56136178825238,-0.807701993629114));
#774=CARTESIAN_POINT('',(-23.1550994649198,-4.48995922594588,-1.65850782254133));
#775=CARTESIAN_POINT('',(-23.2060361182258,-5.40441478596876,-0.62860573426875));
#776=CARTESIAN_POINT('',(-22.9708416547182,-4.55396373997719,-0.730925154420885));
#777=CARTESIAN_POINT('',(-23.2938789936035,-4.45220739298438,-1.5506988686536));
#778=CARTESIAN_POINT('',(-23.3972293038036,-5.32991755490552,-0.545428708782725));
#779=CARTESIAN_POINT('',(-23.0901679983206,-4.53190898781507,-0.679013208432908));
#780=CARTESIAN_POINT('',(-23.388488225832,-4.41495877745276,-1.4810429711101));
#781=CARTESIAN_POINT('',(-23.5839332727601,-5.23243700339727,-0.464204680126485));
#782=CARTESIAN_POINT('',(-23.2094534915533,-4.49177181012157,-0.627119034062915));
#783=CARTESIAN_POINT('',(-23.4803852703524,-4.36621850169864,-1.41654053229603));
#784=CARTESIAN_POINT('',(-23.7612914987868,-5.11216373113131,-0.387046440193401));
#785=CARTESIAN_POINT('',(-23.3262045782321,-4.43260366486426,-0.576327432453992));
#786=CARTESIAN_POINT('',(-23.5674033513411,-4.30608186556566,-1.3579976510244));
#787=CARTESIAN_POINT('',(-23.9162744489842,-4.97886121549625,-0.31962238028499));
#788=CARTESIAN_POINT('',(-23.4294536430362,-4.35996250189914,-0.531409774595694));
#789=CARTESIAN_POINT('',(-23.6433133010278,-4.23943060774812,-1.30869519946235));
#790=CARTESIAN_POINT('',(-24.036333403625,-4.85199318227525,-0.267391717880322));
#791=CARTESIAN_POINT('',(-23.5087044952399,-4.28757749146275,-0.496932342078314));
#792=CARTESIAN_POINT('',(-23.7020712843474,-4.17599659113763,-1.27152037722248));
#793=CARTESIAN_POINT('',(-24.1198360673427,-4.74821094752685,-0.231064569675681));
#794=CARTESIAN_POINT('',(-23.5610188345754,-4.23000319255657,-0.474173418306801));
#795=CARTESIAN_POINT('',(-23.7429253614308,-4.12410547376342,-1.24611809764917));
#796=CARTESIAN_POINT('',(-24.1745748932569,-4.67183120790914,-0.207250892925745));
#797=CARTESIAN_POINT('',(-23.5938470190491,-4.18923815515585,-0.459891786205877));
#798=CARTESIAN_POINT('',(-23.7697033652339,-4.08591560395457,-1.22964515970831));
#799=CARTESIAN_POINT('',(-24.2124800511818,-4.61441890211943,-0.190760565212223));
#800=CARTESIAN_POINT('',(-23.6163556877575,-4.15893000795332,-0.450099574704406));
#801=CARTESIAN_POINT('',(-23.7882455058397,-4.05720945105971,-1.21831581173278));
#802=CARTESIAN_POINT('',(-24.2430407170305,-4.56499356583544,-0.177465398470333));
#803=CARTESIAN_POINT('',(-23.6350489750665,-4.13201992239286,-0.441967213552408));
#804=CARTESIAN_POINT('',(-23.8031945936171,-4.03249678291772,-1.20922719883324));
#805=CARTESIAN_POINT('',(-24.2721273044784,-4.51488630814134,-0.164811517432937));
#806=CARTESIAN_POINT('',(-23.6533469923943,-4.10391616967244,-0.434006811360179));
#807=CARTESIAN_POINT('',(-23.8174224764978,-4.00744315407067,-1.20061515556084));
#808=CARTESIAN_POINT('',(-24.3028894778335,-4.45808721769379,-0.151428686505004));
#809=CARTESIAN_POINT('',(-23.6726745724417,-4.07203320727198,-0.425598506360528));
#810=CARTESIAN_POINT('',(-23.8324699697147,-3.97904360884689,-1.19154723446883));
#811=CARTESIAN_POINT('',(-24.3377887495799,-4.3880427642848,-0.136246044891893));
#812=CARTESIAN_POINT('',(-23.6945591441862,-4.03271397569651,-0.416077803118732));
#813=CARTESIAN_POINT('',(-23.8495413084369,-3.9440213821424,-1.18130870664521));
#814=CARTESIAN_POINT('',(-24.3793265819975,-4.29497626857573,-0.118175351968429));
#815=CARTESIAN_POINT('',(-23.7204292076335,-3.98088518355693,-0.40482324443674));
#816=CARTESIAN_POINT('',(-23.8698604485537,-3.89748813428787,-1.16918870140103));
#817=CARTESIAN_POINT('',(-24.4292508535721,-4.16371948332368,-0.0964562075513111));
#818=CARTESIAN_POINT('',(-23.7518638556303,-3.90733398560934,-0.391147858937621));
#819=CARTESIAN_POINT('',(-23.8942831167493,-3.83185974166184,-1.15471501915232));
#820=CARTESIAN_POINT('',(-24.4811434232867,-3.98651430651154,-0.0738807711902197));
#821=CARTESIAN_POINT('',(-23.788004941672,-3.79881000982896,-0.375424976211996));
#822=CARTESIAN_POINT('',(-23.9196706535217,-3.74325715325577,-1.13978337660001));
#823=CARTESIAN_POINT('',(-24.5235565038838,-3.75890268785064,-0.0554293087329764));
#824=CARTESIAN_POINT('',(-23.8170040973683,-3.65913077656538,-0.362809131640254));
#825=CARTESIAN_POINT('',(-23.9404225080601,-3.62945134392532,-1.12766214829122));
#826=CARTESIAN_POINT('',(-24.5344393182786,-3.59104718695602,-0.0506948296900196));
#827=CARTESIAN_POINT('',(-23.8242391714263,-3.55303542814699,-0.359661572078984));
#828=CARTESIAN_POINT('',(-23.9457476555979,-3.54552359347801,-1.12456628804001));
#829=CARTESIAN_POINT('',(-24.5344369386585,-3.499985375573,-0.0506958649241964));
#830=CARTESIAN_POINT('',(-23.8242375901783,-3.49999122477106,-0.359662259987927));
#831=CARTESIAN_POINT('',(-23.9457464861503,-3.4999926877865,-1.12456678742395));
#832=COMPOSITE_CURVE_SEGMENT(.CONTINUOUS.,.T.,#1196);
#833=COMPOSITE_CURVE_SEGMENT(.CONTINUOUS.,.T.,#1197);
#834=COMPOSITE_CURVE_SEGMENT(.CONTINUOUS.,.T.,#1198);
#835=COMPOSITE_CURVE_SEGMENT(.DISCONTINUOUS.,.T.,#1199);
#836=COMPOSITE_CURVE_SEGMENT(.CONTINUOUS.,.T.,#1200);
#837=COMPOSITE_CURVE_SEGMENT(.CONTINUOUS.,.T.,#1201);
#838=COMPOSITE_CURVE_SEGMENT(.CONTINUOUS.,.T.,#1202);
#839=COMPOSITE_CURVE_SEGMENT(.DISCONTINUOUS.,.T.,#1203);
#840=COMPOSITE_CURVE_SEGMENT(.CONTINUOUS.,.T.,#1204);
#841=COMPOSITE_CURVE_SEGMENT(.CONTINUOUS.,.T.,#1205);
#842=COMPOSITE_CURVE_SEGMENT(.CONTINUOUS.,.T.,#1206);
#843=COMPOSITE_CURVE_SEGMENT(.DISCONTINUOUS.,.T.,#1207);
#844=COMPOSITE_CURVE_SEGMENT(.CONTINUOUS.,.T.,#1208);
#845=COMPOSITE_CURVE_SEGMENT(.CONTINUOUS.,.T.,#1209);
#846=COMPOSITE_CURVE_SEGMENT(.CONTINUOUS.,.T.,#1210);
#847=COMPOSITE_CURVE_SEGMENT(.DISCONTINUOUS.,.T.,#1211);
#848=ORIENTED_EDGE('',*,*,#1212,.T.);
#849=ORIENTED_EDGE('',*,*,#1213,.T.);
#850=ORIENTED_EDGE('',*,*,#1214,.F.);
#851=ORIENTED_EDGE('',*,*,#1215,.F.);
#852=ORIENTED_EDGE('',*,*,#1216,.T.);
#853=ORIENTED_EDGE('',*,*,#1217,.F.);
#854=ORIENTED_EDGE('',*,*,#1218,.F.);
#855=ORIENTED_EDGE('',*,*,#1219,.T.);
#856=ORIENTED_EDGE('',*,*,#1214,.T.);
#857=ORIENTED_EDGE('',*,*,#1220,.T.);
#858=ORIENTED_EDGE('',*,*,#1221,.T.);
#859=ORIENTED_EDGE('',*,*,#1222,.T.);
#860=ORIENTED_EDGE('',*,*,#1223,.T.);
#861=ORIENTED_EDGE('',*,*,#1224,.T.);
#862=ORIENTED_EDGE('',*,*,#1217,.T.);
#863=ORIENTED_EDGE('',*,*,#1225,.T.);
#864=ORIENTED_EDGE('',*,*,#1226,.F.);
#865=ORIENTED_EDGE('',*,*,#1227,.F.);
#866=ORIENTED_EDGE('',*,*,#1228,.F.);
#867=ORIENTED_EDGE('',*,*,#1229,.F.);
#868=ORIENTED_EDGE('',*,*,#1230,.F.);
#869=ORIENTED_EDGE('',*,*,#1229,.T.);
#870=ORIENTED_EDGE('',*,*,#1231,.F.);
#871=ORIENTED_EDGE('',*,*,#1232,.T.);
#872=ORIENTED_EDGE('',*,*,#1233,.F.);
#873=ORIENTED_EDGE('',*,*,#1234,.T.);
#874=ORIENTED_EDGE('',*,*,#1235,.F.);
#875=ORIENTED_EDGE('',*,*,#1227,.T.);
#876=ORIENTED_EDGE('',*,*,#1236,.F.);
#877=ORIENTED_EDGE('',*,*,#1222,.F.);
#878=ORIENTED_EDGE('',*,*,#1237,.F.);
#879=ORIENTED_EDGE('',*,*,#1238,.T.);
#880=ORIENTED_EDGE('',*,*,#1239,.F.);
#881=ORIENTED_EDGE('',*,*,#1238,.F.);
#882=ORIENTED_EDGE('',*,*,#1240,.F.);
#883=ORIENTED_EDGE('',*,*,#1234,.F.);
#884=ORIENTED_EDGE('',*,*,#1241,.F.);
#885=ORIENTED_EDGE('',*,*,#1242,.T.);
#886=ORIENTED_EDGE('',*,*,#1243,.F.);
#887=ORIENTED_EDGE('',*,*,#1244,.F.);
#888=ORIENTED_EDGE('',*,*,#1245,.F.);
#889=ORIENTED_EDGE('',*,*,#1246,.T.);
#890=ORIENTED_EDGE('',*,*,#1247,.F.);
#891=ORIENTED_EDGE('',*,*,#1248,.F.);
#892=ORIENTED_EDGE('',*,*,#1249,.F.);
#893=ORIENTED_EDGE('',*,*,#1250,.F.);
#894=ORIENTED_EDGE('',*,*,#1251,.F.);
#895=ORIENTED_EDGE('',*,*,#1252,.T.);
#896=ORIENTED_EDGE('',*,*,#1219,.F.);
#897=ORIENTED_EDGE('',*,*,#1253,.F.);
#898=ORIENTED_EDGE('',*,*,#1254,.F.);
#899=ORIENTED_EDGE('',*,*,#1232,.F.);
#900=ORIENTED_EDGE('',*,*,#1255,.F.);
#901=ORIENTED_EDGE('',*,*,#1256,.F.);
#902=ORIENTED_EDGE('',*,*,#1212,.F.);
#903=ORIENTED_EDGE('',*,*,#1257,.F.);
#904=ORIENTED_EDGE('',*,*,#1258,.F.);
#905=ORIENTED_EDGE('',*,*,#1259,.F.);
#906=ORIENTED_EDGE('',*,*,#1260,.F.);
#907=ORIENTED_EDGE('',*,*,#1261,.F.);
#908=ORIENTED_EDGE('',*,*,#1240,.T.);
#909=ORIENTED_EDGE('',*,*,#1237,.T.);
#910=ORIENTED_EDGE('',*,*,#1221,.F.);
#911=ORIENTED_EDGE('',*,*,#1262,.F.);
#912=ORIENTED_EDGE('',*,*,#1255,.T.);
#913=ORIENTED_EDGE('',*,*,#1231,.T.);
#914=ORIENTED_EDGE('',*,*,#1228,.T.);
#915=ORIENTED_EDGE('',*,*,#1235,.T.);
#916=ORIENTED_EDGE('',*,*,#1256,.T.);
#917=ORIENTED_EDGE('',*,*,#1262,.T.);
#918=ORIENTED_EDGE('',*,*,#1220,.F.);
#919=ORIENTED_EDGE('',*,*,#1213,.F.);
#920=ORIENTED_EDGE('',*,*,#1253,.T.);
#921=ORIENTED_EDGE('',*,*,#1218,.T.);
#922=ORIENTED_EDGE('',*,*,#1224,.F.);
#923=ORIENTED_EDGE('',*,*,#1263,.F.);
#924=ORIENTED_EDGE('',*,*,#1254,.T.);
#925=ORIENTED_EDGE('',*,*,#1263,.T.);
#926=ORIENTED_EDGE('',*,*,#1223,.F.);
#927=ORIENTED_EDGE('',*,*,#1236,.T.);
#928=ORIENTED_EDGE('',*,*,#1239,.T.);
#929=ORIENTED_EDGE('',*,*,#1233,.T.);
#930=ORIENTED_EDGE('',*,*,#1226,.T.);
#931=ORIENTED_EDGE('',*,*,#1230,.T.);
#932=ORIENTED_EDGE('',*,*,#1257,.T.);
#933=ORIENTED_EDGE('',*,*,#1215,.T.);
#934=ORIENTED_EDGE('',*,*,#1225,.F.);
#935=ORIENTED_EDGE('',*,*,#1216,.F.);
#936=ORIENTED_EDGE('',*,*,#1264,.T.);
#937=ORIENTED_EDGE('',*,*,#1241,.T.);
#938=ORIENTED_EDGE('',*,*,#1265,.T.);
#939=ORIENTED_EDGE('',*,*,#1266,.T.);
#940=ORIENTED_EDGE('',*,*,#1267,.T.);
#941=ORIENTED_EDGE('',*,*,#1268,.T.);
#942=ORIENTED_EDGE('',*,*,#1269,.T.);
#943=ORIENTED_EDGE('',*,*,#1270,.F.);
#944=ORIENTED_EDGE('',*,*,#1271,.T.);
#945=ORIENTED_EDGE('',*,*,#1272,.T.);
#946=ORIENTED_EDGE('',*,*,#1273,.F.);
#947=ORIENTED_EDGE('',*,*,#1274,.T.);
#948=ORIENTED_EDGE('',*,*,#1264,.F.);
#949=ORIENTED_EDGE('',*,*,#1275,.F.);
#950=ORIENTED_EDGE('',*,*,#1276,.F.);
#951=ORIENTED_EDGE('',*,*,#1277,.T.);
#952=ORIENTED_EDGE('',*,*,#1278,.F.);
#953=ORIENTED_EDGE('',*,*,#1242,.F.);
#954=ORIENTED_EDGE('',*,*,#1278,.T.);
#955=ORIENTED_EDGE('',*,*,#1279,.F.);
#956=ORIENTED_EDGE('',*,*,#1280,.T.);
#957=ORIENTED_EDGE('',*,*,#1281,.T.);
#958=ORIENTED_EDGE('',*,*,#1243,.T.);
#959=ORIENTED_EDGE('',*,*,#1244,.T.);
#960=ORIENTED_EDGE('',*,*,#1281,.F.);
#961=ORIENTED_EDGE('',*,*,#1282,.T.);
#962=ORIENTED_EDGE('',*,*,#1283,.T.);
#963=ORIENTED_EDGE('',*,*,#1284,.T.);
#964=ORIENTED_EDGE('',*,*,#1245,.T.);
#965=ORIENTED_EDGE('',*,*,#1283,.F.);
#966=ORIENTED_EDGE('',*,*,#1285,.T.);
#967=ORIENTED_EDGE('',*,*,#1286,.T.);
#968=ORIENTED_EDGE('',*,*,#1249,.T.);
#969=ORIENTED_EDGE('',*,*,#1287,.T.);
#970=ORIENTED_EDGE('',*,*,#1288,.T.);
#971=ORIENTED_EDGE('',*,*,#1289,.F.);
#972=ORIENTED_EDGE('',*,*,#1246,.F.);
#973=ORIENTED_EDGE('',*,*,#1284,.F.);
#974=ORIENTED_EDGE('',*,*,#1290,.T.);
#975=ORIENTED_EDGE('',*,*,#1291,.F.);
#976=ORIENTED_EDGE('',*,*,#1292,.T.);
#977=ORIENTED_EDGE('',*,*,#1293,.T.);
#978=ORIENTED_EDGE('',*,*,#1294,.F.);
#979=ORIENTED_EDGE('',*,*,#1289,.T.);
#980=ORIENTED_EDGE('',*,*,#1295,.T.);
#981=ORIENTED_EDGE('',*,*,#1296,.T.);
#982=ORIENTED_EDGE('',*,*,#1247,.T.);
#983=ORIENTED_EDGE('',*,*,#1296,.F.);
#984=ORIENTED_EDGE('',*,*,#1297,.F.);
#985=ORIENTED_EDGE('',*,*,#1287,.F.);
#986=ORIENTED_EDGE('',*,*,#1248,.T.);
#987=ORIENTED_EDGE('',*,*,#1250,.T.);
#988=ORIENTED_EDGE('',*,*,#1286,.F.);
#989=ORIENTED_EDGE('',*,*,#1298,.T.);
#990=ORIENTED_EDGE('',*,*,#1299,.T.);
#991=ORIENTED_EDGE('',*,*,#1300,.T.);
#992=ORIENTED_EDGE('',*,*,#1251,.T.);
#993=ORIENTED_EDGE('',*,*,#1299,.F.);
#994=ORIENTED_EDGE('',*,*,#1301,.T.);
#995=ORIENTED_EDGE('',*,*,#1302,.T.);
#996=ORIENTED_EDGE('',*,*,#1303,.T.);
#997=ORIENTED_EDGE('',*,*,#1304,.F.);
#998=ORIENTED_EDGE('',*,*,#1305,.F.);
#999=ORIENTED_EDGE('',*,*,#1306,.F.);
#1000=ORIENTED_EDGE('',*,*,#1307,.F.);
#1001=ORIENTED_EDGE('',*,*,#1265,.F.);
#1002=ORIENTED_EDGE('',*,*,#1252,.F.);
#1003=ORIENTED_EDGE('',*,*,#1300,.F.);
#1004=ORIENTED_EDGE('',*,*,#1308,.T.);
#1005=ORIENTED_EDGE('',*,*,#1258,.T.);
#1006=ORIENTED_EDGE('',*,*,#1309,.F.);
#1007=ORIENTED_EDGE('',*,*,#1310,.T.);
#1008=ORIENTED_EDGE('',*,*,#1311,.T.);
#1009=ORIENTED_EDGE('',*,*,#1259,.T.);
#1010=ORIENTED_EDGE('',*,*,#1311,.F.);
#1011=ORIENTED_EDGE('',*,*,#1312,.T.);
#1012=ORIENTED_EDGE('',*,*,#1313,.T.);
#1013=ORIENTED_EDGE('',*,*,#1260,.T.);
#1014=ORIENTED_EDGE('',*,*,#1313,.F.);
#1015=ORIENTED_EDGE('',*,*,#1314,.T.);
#1016=ORIENTED_EDGE('',*,*,#1315,.T.);
#1017=ORIENTED_EDGE('',*,*,#1261,.T.);
#1018=ORIENTED_EDGE('',*,*,#1315,.F.);
#1019=ORIENTED_EDGE('',*,*,#1316,.T.);
#1020=ORIENTED_EDGE('',*,*,#1309,.T.);
#1021=ORIENTED_EDGE('',*,*,#1317,.F.);
#1022=ORIENTED_EDGE('',*,*,#1318,.F.);
#1023=ORIENTED_EDGE('',*,*,#1319,.F.);
#1024=ORIENTED_EDGE('',*,*,#1320,.F.);
#1025=ORIENTED_EDGE('',*,*,#1266,.F.);
#1026=ORIENTED_EDGE('',*,*,#1307,.T.);
#1027=ORIENTED_EDGE('',*,*,#1321,.T.);
#1028=ORIENTED_EDGE('',*,*,#1322,.F.);
#1029=ORIENTED_EDGE('',*,*,#1323,.T.);
#1030=ORIENTED_EDGE('',*,*,#1324,.F.);
#1031=ORIENTED_EDGE('',*,*,#1294,.T.);
#1032=ORIENTED_EDGE('',*,*,#1325,.F.);
#1033=ORIENTED_EDGE('',*,*,#1326,.T.);
#1034=ORIENTED_EDGE('',*,*,#1327,.F.);
#1035=ORIENTED_EDGE('',*,*,#1328,.T.);
#1036=ORIENTED_EDGE('',*,*,#1275,.T.);
#1037=ORIENTED_EDGE('',*,*,#1274,.F.);
#1038=ORIENTED_EDGE('',*,*,#1329,.F.);
#1039=ORIENTED_EDGE('',*,*,#1330,.T.);
#1040=ORIENTED_EDGE('',*,*,#1331,.F.);
#1041=ORIENTED_EDGE('',*,*,#1332,.T.);
#1042=ORIENTED_EDGE('',*,*,#1267,.F.);
#1043=ORIENTED_EDGE('',*,*,#1320,.T.);
#1044=ORIENTED_EDGE('',*,*,#1333,.F.);
#1045=ORIENTED_EDGE('',*,*,#1334,.F.);
#1046=ORIENTED_EDGE('',*,*,#1272,.F.);
#1047=ORIENTED_EDGE('',*,*,#1335,.F.);
#1048=ORIENTED_EDGE('',*,*,#1277,.F.);
#1049=ORIENTED_EDGE('',*,*,#1336,.F.);
#1050=ORIENTED_EDGE('',*,*,#1308,.F.);
#1051=ORIENTED_EDGE('',*,*,#1337,.F.);
#1052=ORIENTED_EDGE('',*,*,#1268,.F.);
#1053=ORIENTED_EDGE('',*,*,#1332,.F.);
#1054=ORIENTED_EDGE('',*,*,#1338,.F.);
#1055=ORIENTED_EDGE('',*,*,#1339,.F.);
#1056=ORIENTED_EDGE('',*,*,#1340,.F.);
#1057=ORIENTED_EDGE('',*,*,#1269,.F.);
#1058=ORIENTED_EDGE('',*,*,#1337,.T.);
#1059=ORIENTED_EDGE('',*,*,#1304,.T.);
#1060=ORIENTED_EDGE('',*,*,#1341,.T.);
#1061=ORIENTED_EDGE('',*,*,#1342,.F.);
#1062=ORIENTED_EDGE('',*,*,#1343,.F.);
#1063=ORIENTED_EDGE('',*,*,#1344,.F.);
#1064=ORIENTED_EDGE('',*,*,#1345,.T.);
#1065=ORIENTED_EDGE('',*,*,#1346,.F.);
#1066=ORIENTED_EDGE('',*,*,#1347,.F.);
#1067=ORIENTED_EDGE('',*,*,#1301,.F.);
#1068=ORIENTED_EDGE('',*,*,#1298,.F.);
#1069=ORIENTED_EDGE('',*,*,#1285,.F.);
#1070=ORIENTED_EDGE('',*,*,#1282,.F.);
#1071=ORIENTED_EDGE('',*,*,#1280,.F.);
#1072=ORIENTED_EDGE('',*,*,#1348,.F.);
#1073=ORIENTED_EDGE('',*,*,#1270,.T.);
#1074=ORIENTED_EDGE('',*,*,#1341,.F.);
#1075=ORIENTED_EDGE('',*,*,#1303,.F.);
#1076=ORIENTED_EDGE('',*,*,#1349,.T.);
#1077=ORIENTED_EDGE('',*,*,#1350,.F.);
#1078=ORIENTED_EDGE('',*,*,#1351,.F.);
#1079=ORIENTED_EDGE('',*,*,#1352,.F.);
#1080=ORIENTED_EDGE('',*,*,#1353,.F.);
#1081=ORIENTED_EDGE('',*,*,#1354,.F.);
#1082=ORIENTED_EDGE('',*,*,#1355,.F.);
#1083=ORIENTED_EDGE('',*,*,#1356,.F.);
#1084=ORIENTED_EDGE('',*,*,#1357,.F.);
#1085=ORIENTED_EDGE('',*,*,#1292,.F.);
#1086=ORIENTED_EDGE('',*,*,#1358,.F.);
#1087=ORIENTED_EDGE('',*,*,#1359,.F.);
#1088=ORIENTED_EDGE('',*,*,#1360,.T.);
#1089=ORIENTED_EDGE('',*,*,#1271,.F.);
#1090=ORIENTED_EDGE('',*,*,#1348,.T.);
#1091=ORIENTED_EDGE('',*,*,#1279,.T.);
#1092=ORIENTED_EDGE('',*,*,#1335,.T.);
#1093=ORIENTED_EDGE('',*,*,#1361,.F.);
#1094=ORIENTED_EDGE('',*,*,#1329,.T.);
#1095=ORIENTED_EDGE('',*,*,#1273,.T.);
#1096=ORIENTED_EDGE('',*,*,#1334,.T.);
#1097=ORIENTED_EDGE('',*,*,#1362,.F.);
#1098=ORIENTED_EDGE('',*,*,#1363,.F.);
#1099=ORIENTED_EDGE('',*,*,#1354,.T.);
#1100=ORIENTED_EDGE('',*,*,#1364,.F.);
#1101=ORIENTED_EDGE('',*,*,#1276,.T.);
#1102=ORIENTED_EDGE('',*,*,#1328,.F.);
#1103=ORIENTED_EDGE('',*,*,#1295,.F.);
#1104=ORIENTED_EDGE('',*,*,#1290,.F.);
#1105=ORIENTED_EDGE('',*,*,#1288,.F.);
#1106=ORIENTED_EDGE('',*,*,#1297,.T.);
#1107=ORIENTED_EDGE('',*,*,#1365,.T.);
#1108=ORIENTED_EDGE('',*,*,#1326,.F.);
#1109=ORIENTED_EDGE('',*,*,#1366,.F.);
#1110=ORIENTED_EDGE('',*,*,#1356,.T.);
#1111=ORIENTED_EDGE('',*,*,#1367,.F.);
#1112=ORIENTED_EDGE('',*,*,#1359,.T.);
#1113=ORIENTED_EDGE('',*,*,#1368,.T.);
#1114=ORIENTED_EDGE('',*,*,#1323,.F.);
#1115=ORIENTED_EDGE('',*,*,#1347,.T.);
#1116=ORIENTED_EDGE('',*,*,#1369,.F.);
#1117=ORIENTED_EDGE('',*,*,#1349,.F.);
#1118=ORIENTED_EDGE('',*,*,#1302,.F.);
#1119=ORIENTED_EDGE('',*,*,#1370,.T.);
#1120=ORIENTED_EDGE('',*,*,#1321,.F.);
#1121=ORIENTED_EDGE('',*,*,#1306,.T.);
#1122=ORIENTED_EDGE('',*,*,#1371,.F.);
#1123=ORIENTED_EDGE('',*,*,#1343,.T.);
#1124=ORIENTED_EDGE('',*,*,#1316,.F.);
#1125=ORIENTED_EDGE('',*,*,#1314,.F.);
#1126=ORIENTED_EDGE('',*,*,#1312,.F.);
#1127=ORIENTED_EDGE('',*,*,#1310,.F.);
#1128=ORIENTED_EDGE('',*,*,#1372,.T.);
#1129=ORIENTED_EDGE('',*,*,#1373,.T.);
#1130=ORIENTED_EDGE('',*,*,#1374,.F.);
#1131=ORIENTED_EDGE('',*,*,#1318,.T.);
#1132=ORIENTED_EDGE('',*,*,#1375,.F.);
#1133=ORIENTED_EDGE('',*,*,#1336,.T.);
#1134=ORIENTED_EDGE('',*,*,#1364,.T.);
#1135=ORIENTED_EDGE('',*,*,#1353,.T.);
#1136=ORIENTED_EDGE('',*,*,#1340,.T.);
#1137=ORIENTED_EDGE('',*,*,#1360,.F.);
#1138=ORIENTED_EDGE('',*,*,#1376,.T.);
#1139=ORIENTED_EDGE('',*,*,#1350,.T.);
#1140=ORIENTED_EDGE('',*,*,#1369,.T.);
#1141=ORIENTED_EDGE('',*,*,#1346,.T.);
#1142=ORIENTED_EDGE('',*,*,#1377,.T.);
#1143=ORIENTED_EDGE('',*,*,#1378,.T.);
#1144=ORIENTED_EDGE('',*,*,#1379,.T.);
#1145=ORIENTED_EDGE('',*,*,#1351,.T.);
#1146=ORIENTED_EDGE('',*,*,#1376,.F.);
#1147=ORIENTED_EDGE('',*,*,#1345,.F.);
#1148=ORIENTED_EDGE('',*,*,#1380,.T.);
#1149=ORIENTED_EDGE('',*,*,#1339,.T.);
#1150=ORIENTED_EDGE('',*,*,#1381,.T.);
#1151=ORIENTED_EDGE('',*,*,#1373,.F.);
#1152=ORIENTED_EDGE('',*,*,#1371,.T.);
#1153=ORIENTED_EDGE('',*,*,#1382,.T.);
#1154=ORIENTED_EDGE('',*,*,#1377,.F.);
#1155=ORIENTED_EDGE('',*,*,#1344,.T.);
#1156=ORIENTED_EDGE('',*,*,#1305,.T.);
#1157=ORIENTED_EDGE('',*,*,#1383,.T.);
#1158=ORIENTED_EDGE('',*,*,#1378,.F.);
#1159=ORIENTED_EDGE('',*,*,#1382,.F.);
#1160=ORIENTED_EDGE('',*,*,#1375,.T.);
#1161=ORIENTED_EDGE('',*,*,#1352,.T.);
#1162=ORIENTED_EDGE('',*,*,#1379,.F.);
#1163=ORIENTED_EDGE('',*,*,#1383,.F.);
#1164=ORIENTED_EDGE('',*,*,#1293,.F.);
#1165=ORIENTED_EDGE('',*,*,#1357,.T.);
#1166=ORIENTED_EDGE('',*,*,#1366,.T.);
#1167=ORIENTED_EDGE('',*,*,#1325,.T.);
#1168=ORIENTED_EDGE('',*,*,#1368,.F.);
#1169=ORIENTED_EDGE('',*,*,#1358,.T.);
#1170=ORIENTED_EDGE('',*,*,#1291,.T.);
#1171=ORIENTED_EDGE('',*,*,#1324,.T.);
#1172=ORIENTED_EDGE('',*,*,#1365,.F.);
#1173=ORIENTED_EDGE('',*,*,#1355,.T.);
#1174=ORIENTED_EDGE('',*,*,#1363,.T.);
#1175=ORIENTED_EDGE('',*,*,#1327,.T.);
#1176=ORIENTED_EDGE('',*,*,#1370,.F.);
#1177=ORIENTED_EDGE('',*,*,#1342,.T.);
#1178=ORIENTED_EDGE('',*,*,#1367,.T.);
#1179=ORIENTED_EDGE('',*,*,#1322,.T.);
#1180=ORIENTED_EDGE('',*,*,#1330,.F.);
#1181=ORIENTED_EDGE('',*,*,#1319,.T.);
#1182=ORIENTED_EDGE('',*,*,#1374,.T.);
#1183=ORIENTED_EDGE('',*,*,#1384,.T.);
#1184=ORIENTED_EDGE('',*,*,#1331,.T.);
#1185=ORIENTED_EDGE('',*,*,#1384,.F.);
#1186=ORIENTED_EDGE('',*,*,#1381,.F.);
#1187=ORIENTED_EDGE('',*,*,#1338,.T.);
#1188=ORIENTED_EDGE('',*,*,#1372,.F.);
#1189=ORIENTED_EDGE('',*,*,#1317,.T.);
#1190=ORIENTED_EDGE('',*,*,#1361,.T.);
#1191=ORIENTED_EDGE('',*,*,#1385,.T.);
#1192=ORIENTED_EDGE('',*,*,#1362,.T.);
#1193=ORIENTED_EDGE('',*,*,#1333,.T.);
#1194=ORIENTED_EDGE('',*,*,#1380,.F.);
#1195=ORIENTED_EDGE('',*,*,#1385,.F.);
#1196=POLYLINE('',(#1386,#1387));
#1197=POLYLINE('',(#1388,#1389));
#1198=POLYLINE('',(#1390,#1391));
#1199=POLYLINE('',(#1392,#1393));
#1200=POLYLINE('',(#1394,#1395));
#1201=POLYLINE('',(#1396,#1397));
#1202=POLYLINE('',(#1398,#1399));
#1203=POLYLINE('',(#1400,#1401));
#1204=POLYLINE('',(#1402,#1403));
#1205=POLYLINE('',(#1404,#1405));
#1206=POLYLINE('',(#1406,#1407));
#1207=POLYLINE('',(#1408,#1409));
#1208=POLYLINE('',(#1410,#1411));
#1209=POLYLINE('',(#1412,#1413));
#1210=POLYLINE('',(#1414,#1415));
#1211=POLYLINE('',(#1416,#1417));
#1212=EDGE_CURVE('',#1418,#1419,#1420,.F.);
#1213=EDGE_CURVE('',#1419,#1421,#1422,.T.);
#1214=EDGE_CURVE('',#1423,#1421,#1424,.T.);
#1215=EDGE_CURVE('',#1418,#1423,#1425,.T.);
#1216=EDGE_CURVE('',#1426,#1427,#1428,.T.);
#1217=EDGE_CURVE('',#1429,#1427,#1430,.T.);
#1218=EDGE_CURVE('',#1431,#1429,#1432,.T.);
#1219=EDGE_CURVE('',#1431,#1426,#1433,.F.);
#1220=EDGE_CURVE('',#1421,#1434,#1435,.T.);
#1221=EDGE_CURVE('',#1434,#1436,#1437,.T.);
#1222=EDGE_CURVE('',#1436,#1438,#1439,.T.);
#1223=EDGE_CURVE('',#1438,#1440,#1441,.T.);
#1224=EDGE_CURVE('',#1440,#1429,#1442,.T.);
#1225=EDGE_CURVE('',#1427,#1423,#1443,.T.);
#1226=EDGE_CURVE('',#1444,#1445,#1446,.F.);
#1227=EDGE_CURVE('',#1447,#1444,#1448,.T.);
#1228=EDGE_CURVE('',#1449,#1447,#1450,.F.);
#1229=EDGE_CURVE('',#1445,#1449,#1451,.T.);
#1230=EDGE_CURVE('',#1445,#1452,#1453,.T.);
#1231=EDGE_CURVE('',#1454,#1449,#1455,.T.);
#1232=EDGE_CURVE('',#1454,#1452,#1456,.F.);
#1233=EDGE_CURVE('',#1457,#1444,#1458,.T.);
#1234=EDGE_CURVE('',#1457,#1459,#1460,.F.);
#1235=EDGE_CURVE('',#1447,#1459,#1461,.T.);
#1236=EDGE_CURVE('',#1438,#1462,#1463,.T.);
#1237=EDGE_CURVE('',#1464,#1436,#1465,.T.);
#1238=EDGE_CURVE('',#1464,#1462,#1466,.F.);
#1239=EDGE_CURVE('',#1462,#1457,#1467,.F.);
#1240=EDGE_CURVE('',#1459,#1464,#1468,.F.);
#1241=EDGE_CURVE('',#1469,#1470,#1471,.T.);
#1242=EDGE_CURVE('',#1469,#1472,#1473,.F.);
#1243=EDGE_CURVE('',#1474,#1472,#1475,.F.);
#1244=EDGE_CURVE('',#1476,#1474,#1477,.F.);
#1245=EDGE_CURVE('',#1478,#1476,#1479,.F.);
#1246=EDGE_CURVE('',#1478,#1480,#1481,.T.);
#1247=EDGE_CURVE('',#1482,#1480,#1483,.F.);
#1248=EDGE_CURVE('',#1484,#1482,#1485,.T.);
#1249=EDGE_CURVE('',#1486,#1484,#1487,.F.);
#1250=EDGE_CURVE('',#1488,#1486,#1489,.F.);
#1251=EDGE_CURVE('',#1490,#1488,#1491,.F.);
#1252=EDGE_CURVE('',#1490,#1470,#1492,.F.);
#1253=EDGE_CURVE('',#1493,#1431,#1494,.F.);
#1254=EDGE_CURVE('',#1452,#1493,#1495,.F.);
#1255=EDGE_CURVE('',#1496,#1454,#1497,.F.);
#1256=EDGE_CURVE('',#1419,#1496,#1498,.F.);
#1257=EDGE_CURVE('',#1426,#1418,#1499,.F.);
#1258=EDGE_CURVE('',#1500,#1501,#1502,.F.);
#1259=EDGE_CURVE('',#1503,#1500,#1504,.F.);
#1260=EDGE_CURVE('',#1505,#1503,#1506,.F.);
#1261=EDGE_CURVE('',#1501,#1505,#1507,.F.);
#1262=EDGE_CURVE('',#1496,#1434,#1508,.T.);
#1263=EDGE_CURVE('',#1493,#1440,#1509,.T.);
#1264=EDGE_CURVE('',#1510,#1469,#1511,.T.);
#1265=EDGE_CURVE('',#1470,#1512,#1513,.F.);
#1266=EDGE_CURVE('',#1512,#1514,#1515,.T.);
#1267=EDGE_CURVE('',#1514,#1516,#1517,.T.);
#1268=EDGE_CURVE('',#1516,#1518,#1519,.F.);
#1269=EDGE_CURVE('',#1518,#1520,#1521,.F.);
#1270=EDGE_CURVE('',#1522,#1520,#1523,.T.);
#1271=EDGE_CURVE('',#1522,#1524,#1525,.T.);
#1272=EDGE_CURVE('',#1524,#1526,#1527,.F.);
#1273=EDGE_CURVE('',#1528,#1526,#1529,.T.);
#1274=EDGE_CURVE('',#1528,#1510,#1530,.T.);
#1275=EDGE_CURVE('',#1531,#1510,#1532,.T.);
#1276=EDGE_CURVE('',#1533,#1531,#1534,.F.);
#1277=EDGE_CURVE('',#1533,#1535,#1536,.T.);
#1278=EDGE_CURVE('',#1472,#1535,#1537,.T.);
#1279=EDGE_CURVE('',#1538,#1535,#1539,.T.);
#1280=EDGE_CURVE('',#1538,#1540,#1541,.T.);
#1281=EDGE_CURVE('',#1540,#1474,#1542,.T.);
#1282=EDGE_CURVE('',#1540,#1543,#1544,.T.);
#1283=EDGE_CURVE('',#1543,#1476,#1545,.T.);
#1284=EDGE_CURVE('',#1546,#1478,#1547,.F.);
#1285=EDGE_CURVE('',#1543,#1548,#1549,.T.);
#1286=EDGE_CURVE('',#1548,#1486,#1550,.T.);
#1287=EDGE_CURVE('',#1484,#1551,#1552,.F.);
#1288=EDGE_CURVE('',#1551,#1546,#1553,.F.);
#1289=EDGE_CURVE('',#1480,#1554,#1555,.F.);
#1290=EDGE_CURVE('',#1546,#1554,#1556,.T.);
#1291=EDGE_CURVE('',#1557,#1558,#1559,.T.);
#1292=EDGE_CURVE('',#1557,#1560,#1561,.T.);
#1293=EDGE_CURVE('',#1560,#1562,#1563,.T.);
#1294=EDGE_CURVE('',#1558,#1562,#1564,.T.);
#1295=EDGE_CURVE('',#1554,#1565,#1566,.F.);
#1296=EDGE_CURVE('',#1565,#1482,#1567,.F.);
#1297=EDGE_CURVE('',#1551,#1565,#1568,.T.);
#1298=EDGE_CURVE('',#1548,#1569,#1570,.T.);
#1299=EDGE_CURVE('',#1569,#1488,#1571,.T.);
#1300=EDGE_CURVE('',#1572,#1490,#1573,.F.);
#1301=EDGE_CURVE('',#1569,#1574,#1575,.T.);
#1302=EDGE_CURVE('',#1574,#1576,#1577,.T.);
#1303=EDGE_CURVE('',#1576,#1578,#1579,.T.);
#1304=EDGE_CURVE('',#1572,#1578,#1580,.F.);
#1305=EDGE_CURVE('',#1581,#1582,#1583,.T.);
#1306=EDGE_CURVE('',#1584,#1581,#1585,.T.);
#1307=EDGE_CURVE('',#1512,#1584,#1586,.T.);
#1308=EDGE_CURVE('',#1572,#1582,#1587,.T.);
#1309=EDGE_CURVE('',#1588,#1501,#1589,.T.);
#1310=EDGE_CURVE('',#1588,#1590,#1591,.T.);
#1311=EDGE_CURVE('',#1590,#1500,#1592,.T.);
#1312=EDGE_CURVE('',#1590,#1593,#1594,.T.);
#1313=EDGE_CURVE('',#1593,#1503,#1595,.T.);
#1314=EDGE_CURVE('',#1593,#1596,#1597,.T.);
#1315=EDGE_CURVE('',#1596,#1505,#1598,.T.);
#1316=EDGE_CURVE('',#1596,#1588,#1599,.T.);
#1317=EDGE_CURVE('',#1600,#1601,#1602,.F.);
#1318=EDGE_CURVE('',#1603,#1600,#1604,.T.);
#1319=EDGE_CURVE('',#1605,#1603,#1606,.F.);
#1320=EDGE_CURVE('',#1514,#1605,#1607,.T.);
#1321=EDGE_CURVE('',#1584,#1608,#1609,.T.);
#1322=EDGE_CURVE('',#1610,#1608,#1611,.F.);
#1323=EDGE_CURVE('',#1610,#1612,#1613,.T.);
#1324=EDGE_CURVE('',#1558,#1612,#1614,.F.);
#1325=EDGE_CURVE('',#1615,#1562,#1616,.F.);
#1326=EDGE_CURVE('',#1615,#1617,#1618,.T.);
#1327=EDGE_CURVE('',#1619,#1617,#1620,.F.);
#1328=EDGE_CURVE('',#1619,#1531,#1621,.T.);
#1329=EDGE_CURVE('',#1601,#1528,#1622,.T.);
#1330=EDGE_CURVE('',#1605,#1623,#1624,.T.);
#1331=EDGE_CURVE('',#1625,#1623,#1626,.F.);
#1332=EDGE_CURVE('',#1625,#1516,#1627,.F.);
#1333=EDGE_CURVE('',#1628,#1629,#1630,.T.);
#1334=EDGE_CURVE('',#1526,#1628,#1631,.F.);
#1335=EDGE_CURVE('',#1535,#1524,#1632,.F.);
#1336=EDGE_CURVE('',#1582,#1533,#1633,.F.);
#1337=EDGE_CURVE('',#1518,#1572,#1634,.F.);
#1338=EDGE_CURVE('',#1635,#1625,#1636,.F.);
#1339=EDGE_CURVE('',#1629,#1635,#1637,.F.);
#1340=EDGE_CURVE('',#1638,#1638,#1639,.T.);
#1341=EDGE_CURVE('',#1578,#1520,#1640,.T.);
#1342=EDGE_CURVE('',#1641,#1642,#1643,.F.);
#1343=EDGE_CURVE('',#1644,#1641,#1645,.T.);
#1344=EDGE_CURVE('',#1646,#1644,#1647,.F.);
#1345=EDGE_CURVE('',#1646,#1648,#1649,.T.);
#1346=EDGE_CURVE('',#1650,#1648,#1651,.T.);
#1347=EDGE_CURVE('',#1574,#1650,#1652,.T.);
#1348=EDGE_CURVE('',#1522,#1538,#1653,.T.);
#1349=EDGE_CURVE('',#1576,#1654,#1655,.T.);
#1350=EDGE_CURVE('',#1656,#1654,#1657,.T.);
#1351=EDGE_CURVE('',#1658,#1656,#1659,.T.);
#1352=EDGE_CURVE('',#1660,#1658,#1661,.T.);
#1353=EDGE_CURVE('',#1662,#1660,#1663,.T.);
#1354=EDGE_CURVE('',#1664,#1662,#1665,.T.);
#1355=EDGE_CURVE('',#1666,#1664,#1667,.F.);
#1356=EDGE_CURVE('',#1668,#1666,#1669,.T.);
#1357=EDGE_CURVE('',#1560,#1668,#1670,.F.);
#1358=EDGE_CURVE('',#1671,#1557,#1672,.F.);
#1359=EDGE_CURVE('',#1642,#1671,#1673,.T.);
#1360=EDGE_CURVE('',#1674,#1674,#1675,.T.);
#1361=EDGE_CURVE('',#1601,#1676,#1677,.T.);
#1362=EDGE_CURVE('',#1676,#1628,#1678,.F.);
#1363=EDGE_CURVE('',#1664,#1619,#1679,.T.);
#1364=EDGE_CURVE('',#1533,#1662,#1680,.F.);
#1365=EDGE_CURVE('',#1666,#1617,#1681,.T.);
#1366=EDGE_CURVE('',#1668,#1615,#1682,.T.);
#1367=EDGE_CURVE('',#1642,#1610,#1683,.T.);
#1368=EDGE_CURVE('',#1671,#1612,#1684,.T.);
#1369=EDGE_CURVE('',#1654,#1650,#1685,.T.);
#1370=EDGE_CURVE('',#1641,#1608,#1686,.T.);
#1371=EDGE_CURVE('',#1644,#1581,#1687,.T.);
#1372=EDGE_CURVE('',#1600,#1688,#1689,.T.);
#1373=EDGE_CURVE('',#1688,#1690,#1691,.F.);
#1374=EDGE_CURVE('',#1603,#1690,#1692,.T.);
#1375=EDGE_CURVE('',#1582,#1660,#1693,.T.);
#1376=EDGE_CURVE('',#1648,#1656,#1694,.T.);
#1377=EDGE_CURVE('',#1646,#1695,#1696,.T.);
#1378=EDGE_CURVE('',#1695,#1697,#1698,.T.);
#1379=EDGE_CURVE('',#1697,#1658,#1699,.T.);
#1380=EDGE_CURVE('',#1688,#1629,#1700,.F.);
#1381=EDGE_CURVE('',#1635,#1690,#1701,.F.);
#1382=EDGE_CURVE('',#1581,#1695,#1702,.T.);
#1383=EDGE_CURVE('',#1582,#1697,#1703,.T.);
#1384=EDGE_CURVE('',#1690,#1623,#1704,.F.);
#1385=EDGE_CURVE('',#1676,#1688,#1705,.F.);
#1386=CARTESIAN_POINT('',(-23.2892515404966,1.59204083889156E-15,-26.));
#1387=CARTESIAN_POINT('',(-23.2892515404966,1.50019232895551E-15,-24.5));
#1388=CARTESIAN_POINT('',(-23.2892515404966,1.50019232895551E-15,-24.5));
#1389=CARTESIAN_POINT('',(-5.28925154049656,1.50019232895551E-15,-24.5));
#1390=CARTESIAN_POINT('',(-5.28925154049656,1.50019232895551E-15,-24.5));
#1391=CARTESIAN_POINT('',(-5.28925154049656,1.59204083889156E-15,-26.));
#1392=CARTESIAN_POINT('',(-5.28925154049656,1.59204083889156E-15,-26.));
#1393=CARTESIAN_POINT('',(-23.2892515404966,1.59204083889156E-15,-26.));
#1394=CARTESIAN_POINT('',(-24.2892515404966,7.70463085312024E-16,-12.5826170590321));
#1395=CARTESIAN_POINT('',(-24.2892515404966,5.86766065439921E-16,-9.58261705903205));
#1396=CARTESIAN_POINT('',(-24.2892515404966,5.86766065439921E-16,-9.58261705903205));
#1397=CARTESIAN_POINT('',(-4.28925154049656,5.86766065439921E-16,-9.58261705903205));
#1398=CARTESIAN_POINT('',(-4.28925154049656,5.86766065439921E-16,-9.58261705903205));
#1399=CARTESIAN_POINT('',(-4.28925154049656,7.70463085312024E-16,-12.5826170590321));
#1400=CARTESIAN_POINT('',(-4.28925154049656,7.70463085312024E-16,-12.5826170590321));
#1401=CARTESIAN_POINT('',(-24.2892515404966,7.70463085312024E-16,-12.5826170590321));
#1402=CARTESIAN_POINT('',(-27.2892515404966,1.46957615897682E-15,-24.));
#1403=CARTESIAN_POINT('',(-27.2892515404966,1.3164953090834E-15,-21.5));
#1404=CARTESIAN_POINT('',(-27.2892515404966,1.3164953090834E-15,-21.5));
#1405=CARTESIAN_POINT('',(-24.2892515404966,1.3164953090834E-15,-21.5));
#1406=CARTESIAN_POINT('',(-24.2892515404966,1.3164953090834E-15,-21.5));
#1407=CARTESIAN_POINT('',(-24.2892515404966,1.46957615897682E-15,-24.));
#1408=CARTESIAN_POINT('',(-24.2892515404966,1.46957615897682E-15,-24.));
#1409=CARTESIAN_POINT('',(-27.2892515404966,1.46957615897682E-15,-24.));
#1410=CARTESIAN_POINT('',(-27.2892515404966,7.70463085312024E-16,-12.5826170590321));
#1411=CARTESIAN_POINT('',(-27.2892515404966,5.86766065439921E-16,-9.58261705903205));
#1412=CARTESIAN_POINT('',(-27.2892515404966,5.86766065439921E-16,-9.58261705903205));
#1413=CARTESIAN_POINT('',(-24.2892515404966,5.86766065439921E-16,-9.58261705903205));
#1414=CARTESIAN_POINT('',(-24.2892515404966,5.86766065439921E-16,-9.58261705903205));
#1415=CARTESIAN_POINT('',(-24.2892515404966,7.70463085312024E-16,-12.5826170590321));
#1416=CARTESIAN_POINT('',(-24.2892515404966,7.70463085312024E-16,-12.5826170590321));
#1417=CARTESIAN_POINT('',(-27.2892515404966,7.70463085312024E-16,-12.5826170590321));
#1418=VERTEX_POINT('',#1706);
#1419=VERTEX_POINT('',#1707);
#1420=LINE('',#1708,#1709);
#1421=VERTEX_POINT('',#1711);
#1422=LINE('',#1712,#1713);
#1423=VERTEX_POINT('',#1715);
#1424=LINE('',#1716,#1717);
#1425=LINE('',#1719,#1720);
#1426=VERTEX_POINT('',#1722);
#1427=VERTEX_POINT('',#1723);
#1428=LINE('',#1724,#1725);
#1429=VERTEX_POINT('',#1727);
#1430=LINE('',#1728,#1729);
#1431=VERTEX_POINT('',#1731);
#1432=LINE('',#1732,#1733);
#1433=LINE('',#1735,#1736);
#1434=VERTEX_POINT('',#1738);
#1435=LINE('',#1739,#1740);
#1436=VERTEX_POINT('',#1742);
#1437=LINE('',#1743,#1744);
#1438=VERTEX_POINT('',#1746);
#1439=LINE('',#1747,#1748);
#1440=VERTEX_POINT('',#1750);
#1441=LINE('',#1751,#1752);
#1442=LINE('',#1754,#1755);
#1443=LINE('',#1757,#1758);
#1444=VERTEX_POINT('',#1760);
#1445=VERTEX_POINT('',#1761);
#1446=LINE('',#1762,#1763);
#1447=VERTEX_POINT('',#1765);
#1448=LINE('',#1766,#1767);
#1449=VERTEX_POINT('',#1769);
#1450=LINE('',#1770,#1771);
#1451=LINE('',#1773,#1774);
#1452=VERTEX_POINT('',#1776);
#1453=LINE('',#1777,#1778);
#1454=VERTEX_POINT('',#1780);
#1455=LINE('',#1781,#1782);
#1456=LINE('',#1784,#1785);
#1457=VERTEX_POINT('',#1787);
#1458=LINE('',#1788,#1789);
#1459=VERTEX_POINT('',#1791);
#1460=LINE('',#1792,#1793);
#1461=LINE('',#1795,#1796);
#1462=VERTEX_POINT('',#1798);
#1463=LINE('',#1799,#1800);
#1464=VERTEX_POINT('',#1802);
#1465=LINE('',#1803,#1804);
#1466=LINE('',#1806,#1807);
#1467=LINE('',#1809,#1810);
#1468=LINE('',#1812,#1813);
#1469=VERTEX_POINT('',#1815);
#1470=VERTEX_POINT('',#1816);
#1471=CIRCLE('',#1817,3.99804261520015);
#1472=VERTEX_POINT('',#1821);
#1473=CIRCLE('',#1822,4.);
#1474=VERTEX_POINT('',#1826);
#1475=LINE('',#1827,#1828);
#1476=VERTEX_POINT('',#1830);
#1477=LINE('',#1831,#1832);
#1478=VERTEX_POINT('',#1834);
#1479=LINE('',#1835,#1836);
#1480=VERTEX_POINT('',#1838);
#1481=LINE('',#1839,#1840);
#1482=VERTEX_POINT('',#1842);
#1483=LINE('',#1843,#1844);
#1484=VERTEX_POINT('',#1846);
#1485=LINE('',#1847,#1848);
#1486=VERTEX_POINT('',#1850);
#1487=LINE('',#1851,#1852);
#1488=VERTEX_POINT('',#1854);
#1489=LINE('',#1855,#1856);
#1490=VERTEX_POINT('',#1858);
#1491=LINE('',#1859,#1860);
#1492=CIRCLE('',#1862,4.);
#1493=VERTEX_POINT('',#1866);
#1494=LINE('',#1867,#1868);
#1495=LINE('',#1870,#1871);
#1496=VERTEX_POINT('',#1873);
#1497=LINE('',#1874,#1875);
#1498=LINE('',#1877,#1878);
#1499=LINE('',#1880,#1881);
#1500=VERTEX_POINT('',#1883);
#1501=VERTEX_POINT('',#1884);
#1502=LINE('',#1885,#1886);
#1503=VERTEX_POINT('',#1888);
#1504=LINE('',#1889,#1890);
#1505=VERTEX_POINT('',#1892);
#1506=LINE('',#1893,#1894);
#1507=LINE('',#1896,#1897);
#1508=LINE('',#1899,#1900);
#1509=LINE('',#1902,#1903);
#1510=VERTEX_POINT('',#1905);
#1511=LINE('',#1906,#1907);
#1512=VERTEX_POINT('',#1909);
#1513=LINE('',#1910,#1911);
#1514=VERTEX_POINT('',#1913);
#1515=CIRCLE('',#1914,3.99804261520015);
#1516=VERTEX_POINT('',#1918);
#1517=LINE('',#1919,#1920);
#1518=VERTEX_POINT('',#1922);
#1519=CIRCLE('',#1923,3.99804261520015);
#1520=VERTEX_POINT('',#1927);
#1521=LINE('',#1928,#1929);
#1522=VERTEX_POINT('',#1931);
#1523=CIRCLE('',#1932,3.99804261520015);
#1524=VERTEX_POINT('',#1936);
#1525=LINE('',#1937,#1938);
#1526=VERTEX_POINT('',#1940);
#1527=CIRCLE('',#1941,3.99804261520015);
#1528=VERTEX_POINT('',#1945);
#1529=LINE('',#1946,#1947);
#1530=CIRCLE('',#1949,3.99804261520015);
#1531=VERTEX_POINT('',#1953);
#1532=CIRCLE('',#1954,4.);
#1533=VERTEX_POINT('',#1958);
#1534=LINE('',#1959,#1960);
#1535=VERTEX_POINT('',#1962);
#1536=CIRCLE('',#1963,4.);
#1537=LINE('',#1967,#1968);
#1538=VERTEX_POINT('',#1970);
#1539=LINE('',#1971,#1972);
#1540=VERTEX_POINT('',#1974);
#1541=LINE('',#1975,#1976);
#1542=LINE('',#1978,#1979);
#1543=VERTEX_POINT('',#1981);
#1544=LINE('',#1982,#1983);
#1545=LINE('',#1985,#1986);
#1546=VERTEX_POINT('',#1988);
#1547=LINE('',#1989,#1990);
#1548=VERTEX_POINT('',#1992);
#1549=LINE('',#1993,#1994);
#1550=LINE('',#1996,#1997);
#1551=VERTEX_POINT('',#1999);
#1552=LINE('',#2000,#2001);
#1553=LINE('',#2003,#2004);
#1554=VERTEX_POINT('',#2006);
#1555=LINE('',#2007,#2008);
#1556=LINE('',#2010,#2011);
#1557=VERTEX_POINT('',#2013);
#1558=VERTEX_POINT('',#2014);
#1559=LINE('',#2015,#2016);
#1560=VERTEX_POINT('',#2018);
#1561=LINE('',#2019,#2020);
#1562=VERTEX_POINT('',#2022);
#1563=LINE('',#2023,#2024);
#1564=LINE('',#2026,#2027);
#1565=VERTEX_POINT('',#2029);
#1566=LINE('',#2030,#2031);
#1567=LINE('',#2033,#2034);
#1568=LINE('',#2036,#2037);
#1569=VERTEX_POINT('',#2039);
#1570=LINE('',#2040,#2041);
#1571=LINE('',#2043,#2044);
#1572=VERTEX_POINT('',#2046);
#1573=LINE('',#2047,#2048);
#1574=VERTEX_POINT('',#2050);
#1575=LINE('',#2051,#2052);
#1576=VERTEX_POINT('',#2054);
#1577=CIRCLE('',#2055,2.49146188171684);
#1578=VERTEX_POINT('',#2059);
#1579=LINE('',#2060,#2061);
#1580=LINE('',#2063,#2064);
#1581=VERTEX_POINT('',#2066);
#1582=VERTEX_POINT('',#2067);
#1583=LINE('',#2068,#2069);
#1584=VERTEX_POINT('',#2071);
#1585=LINE('',#2072,#2073);
#1586=CIRCLE('',#2075,4.);
#1587=CIRCLE('',#2079,4.);
#1588=VERTEX_POINT('',#2083);
#1589=LINE('',#2084,#2085);
#1590=VERTEX_POINT('',#2087);
#1591=LINE('',#2088,#2089);
#1592=LINE('',#2091,#2092);
#1593=VERTEX_POINT('',#2094);
#1594=LINE('',#2095,#2096);
#1595=LINE('',#2098,#2099);
#1596=VERTEX_POINT('',#2101);
#1597=LINE('',#2102,#2103);
#1598=LINE('',#2105,#2106);
#1599=LINE('',#2108,#2109);
#1600=VERTEX_POINT('',#2111);
#1601=VERTEX_POINT('',#2112);
#1602=CIRCLE('',#2113,1.);
#1603=VERTEX_POINT('',#2117);
#1604=CIRCLE('',#2118,2.99804261520015);
#1605=VERTEX_POINT('',#2122);
#1606=CIRCLE('',#2123,1.);
#1607=LINE('',#2127,#2128);
#1608=VERTEX_POINT('',#2130);
#1609=LINE('',#2131,#2132);
#1610=VERTEX_POINT('',#2134);
#1611=CIRCLE('',#2135,1.);
#1612=VERTEX_POINT('',#2139);
#1613=LINE('',#2140,#2141);
#1614=CIRCLE('',#2143,1.);
#1615=VERTEX_POINT('',#2147);
#1616=CIRCLE('',#2148,1.);
#1617=VERTEX_POINT('',#2152);
#1618=LINE('',#2153,#2154);
#1619=VERTEX_POINT('',#2156);
#1620=CIRCLE('',#2157,1.);
#1621=LINE('',#2161,#2162);
#1622=LINE('',#2164,#2165);
#1623=VERTEX_POINT('',#2167);
#1624=LINE('',#2168,#2169);
#1625=VERTEX_POINT('',#2171);
#1626=B_SPLINE_CURVE_WITH_KNOTS('',3,
(#2172,#2173,#2174,#2175,#2176,#2177,#2178),
.UNSPECIFIED.,.F.,.F.,
(4,1,1,1,4),
(0.,0.285188565773284,0.533496359345907,0.759473246687925,1.),
.UNSPECIFIED.);
#1627=LINE('',#2179,#2180);
#1628=VERTEX_POINT('',#2182);
#1629=VERTEX_POINT('',#2183);
#1630=B_SPLINE_CURVE_WITH_KNOTS('',3,
(#2184,#2185,#2186,#2187,#2188,#2189,#2190,#2191,#2192,#2193,#2194,#2195,#2196,#2197,
#2198,#2199,#2200,#2201,#2202,#2203,#2204,#2205,#2206,#2207,#2208,#2209,#2210,#2211,
#2212,#2213,#2214,#2215,#2216,#2217,#2218,#2219,#2220,#2221,#2222,#2223,#2224,#2225,
#2226,#2227,#2228,#2229,#2230,#2231,#2232),
.UNSPECIFIED.,.F.,.F.,
(4,1,1,1,1,1,1,1,1,1,1,1,1,1,1,1,1,1,1,1,1,1,1,1,1,1,1,1,1,1,1,1,1,1,1,1,1,1,1,1,
1,1,1,1,1,1,4),
(0.,0.0229454268071067,0.0349192949046968,0.0460024210147383,0.0692936582793287,
0.0929352203494077,0.113243905979456,0.116735337095384,0.140845998685898,0.165123075078135,
0.18960270208427,0.200029888712768,0.214122353134507,0.238905888367516,0.263892344539969,
0.286591882555379,0.289258781360567,0.314776619448721,0.340753254670389,0.367028833458742,
0.379757759190428,0.393739317753639,0.420606343167141,0.456878410306012,0.491396522635832,
0.49329163953152,0.529837446268765,0.56617771479908,0.61123454376185,0.635131296874727,
0.655767207241569,0.690830047103137,0.716415859551956,0.741783157877501,0.766590323210228,
0.7910652894691,0.815093705633636,0.839008098754065,0.841207875059038,0.862592864880091,
0.885964726141771,0.909022617471352,0.931984802908568,0.954749667217551,0.977421205530348,
0.982565987157994,1.),
.UNSPECIFIED.);
#1631=LINE('',#2233,#2234);
#1632=CIRCLE('',#2236,4.);
#1633=CIRCLE('',#2240,4.);
#1634=CIRCLE('',#2244,4.);
#1635=VERTEX_POINT('',#2248);
#1636=B_SPLINE_CURVE_WITH_KNOTS('',3,
(#2249,#2250,#2251,#2252,#2253,#2254,#2255,#2256,#2257,#2258,#2259,#2260,#2261,#2262,
#2263,#2264,#2265,#2266,#2267,#2268,#2269,#2270,#2271,#2272,#2273,#2274,#2275,#2276,
#2277,#2278,#2279,#2280,#2281,#2282,#2283,#2284,#2285,#2286,#2287,#2288,#2289,#2290,
#2291,#2292,#2293,#2294,#2295,#2296,#2297),
.UNSPECIFIED.,.F.,.F.,
(4,1,1,1,1,1,1,1,1,1,1,1,1,1,1,1,1,1,1,1,1,1,1,1,1,1,1,1,1,1,1,1,1,1,1,1,1,1,1,1,
1,1,1,1,1,1,4),
(0.,0.0229454916836908,0.0349193388799433,0.0460024530502967,0.0692936664423944,
0.09293522605542,0.113243907908834,0.116735339336298,0.140846000760067,0.165123076765299,
0.189602702564589,0.200029886851198,0.214122353965709,0.238905889938231,0.263892345966781,
0.286591878197453,0.289258782638659,0.314776620404446,0.340753255430926,0.367028834153189,
0.379757749721593,0.393739318044182,0.420606343516916,0.456878410415545,0.491396516163692,
0.493291639508571,0.5298374463532,0.566177714967134,0.61123454397082,0.635131296727874,
0.655767207451241,0.690830047210421,0.716415859637788,0.741783158043821,0.766590323379296,
0.791065289671913,0.815093705854293,0.839008098999247,0.841207874920314,0.862592865112583,
0.885964726369918,0.909022617666124,0.931984803078212,0.954749667339851,0.977421205596852,
0.982565987083344,1.),
.UNSPECIFIED.);
#1637=CIRCLE('',#2298,1.99804261520015);
#1638=VERTEX_POINT('',#2302);
#1639=CIRCLE('',#2303,1.95415336489842);
#1640=CIRCLE('',#2307,4.);
#1641=VERTEX_POINT('',#2311);
#1642=VERTEX_POINT('',#2312);
#1643=CIRCLE('',#2313,0.999999999999996);
#1644=VERTEX_POINT('',#2317);
#1645=LINE('',#2318,#2319);
#1646=VERTEX_POINT('',#2321);
#1647=CIRCLE('',#2322,1.);
#1648=VERTEX_POINT('',#2326);
#1649=LINE('',#2327,#2328);
#1650=VERTEX_POINT('',#2330);
#1651=LINE('',#2331,#2332);
#1652=LINE('',#2334,#2335);
#1653=CIRCLE('',#2337,4.);
#1654=VERTEX_POINT('',#2341);
#1655=LINE('',#2342,#2343);
#1656=VERTEX_POINT('',#2345);
#1657=LINE('',#2346,#2347);
#1658=VERTEX_POINT('',#2349);
#1659=LINE('',#2350,#2351);
#1660=VERTEX_POINT('',#2353);
#1661=(BOUNDED_CURVE()B_SPLINE_CURVE(2,
(#2354,#2355,#2356),
.UNSPECIFIED.,.F.,.F.)B_SPLINE_CURVE_WITH_KNOTS((3,3),
(0.,1.),
.UNSPECIFIED.)CURVE()GEOMETRIC_REPRESENTATION_ITEM()RATIONAL_B_SPLINE_CURVE((1.,
0.796235113791947,1.))REPRESENTATION_ITEM(''));
#1662=VERTEX_POINT('',#2357);
#1663=CIRCLE('',#2358,4.);
#1664=VERTEX_POINT('',#2362);
#1665=LINE('',#2363,#2364);
#1666=VERTEX_POINT('',#2366);
#1667=CIRCLE('',#2367,1.);
#1668=VERTEX_POINT('',#2371);
#1669=LINE('',#2372,#2373);
#1670=CIRCLE('',#2375,1.);
#1671=VERTEX_POINT('',#2379);
#1672=CIRCLE('',#2380,1.);
#1673=LINE('',#2384,#2385);
#1674=VERTEX_POINT('',#2387);
#1675=CIRCLE('',#2388,1.95415336489842);
#1676=VERTEX_POINT('',#2392);
#1677=LINE('',#2393,#2394);
#1678=B_SPLINE_CURVE_WITH_KNOTS('',3,
(#2396,#2397,#2398,#2399,#2400,#2401,#2402),
.UNSPECIFIED.,.F.,.F.,
(4,1,1,1,4),
(0.,0.260607312599354,0.534533943447246,0.772963908653635,1.),
.UNSPECIFIED.);
#1679=LINE('',#2403,#2404);
#1680=LINE('',#2406,#2407);
#1681=LINE('',#2409,#2410);
#1682=LINE('',#2412,#2413);
#1683=LINE('',#2415,#2416);
#1684=LINE('',#2418,#2419);
#1685=CIRCLE('',#2421,2.49146188171684);
#1686=LINE('',#2425,#2426);
#1687=CIRCLE('',#2428,4.);
#1688=VERTEX_POINT('',#2432);
#1689=LINE('',#2433,#2434);
#1690=VERTEX_POINT('',#2436);
#1691=CIRCLE('',#2437,2.99804261520015);
#1692=LINE('',#2441,#2442);
#1693=LINE('',#2444,#2445);
#1694=CIRCLE('',#2447,3.);
#1695=VERTEX_POINT('',#2451);
#1696=CIRCLE('',#2452,3.);
#1697=VERTEX_POINT('',#2456);
#1698=B_SPLINE_CURVE_WITH_KNOTS('',3,
(#2457,#2458,#2459,#2460,#2461,#2462),
.UNSPECIFIED.,.F.,.F.,
(4,1,1,4),
(0.,0.333333333333333,0.666666666666667,1.),
.UNSPECIFIED.);
#1699=B_SPLINE_CURVE_WITH_KNOTS('',3,
(#2463,#2464,#2465,#2466,#2467,#2468),
.UNSPECIFIED.,.F.,.F.,
(4,1,1,4),
(0.,0.333333333333333,0.666666666666667,1.),
.UNSPECIFIED.);
#1700=B_SPLINE_CURVE_WITH_KNOTS('',3,
(#2469,#2470,#2471,#2472,#2473,#2474,#2475,#2476,#2477,#2478,#2479,#2480,#2481,#2482,
#2483),
.UNSPECIFIED.,.F.,.F.,
(4,1,1,1,1,1,1,1,1,1,1,1,4),
(0.,0.0935008442641258,0.18037360819277,0.260665886040192,0.345663325621549,0.432772925593773,
0.52079450458668,0.611207983770403,0.701951609759439,0.792367944210265,0.888748059977309,
0.957355403420739,1.),
.UNSPECIFIED.);
#1701=B_SPLINE_CURVE_WITH_KNOTS('',3,
(#2484,#2485,#2486,#2487,#2488,#2489,#2490,#2491,#2492,#2493,#2494,#2495,#2496,#2497,
#2498),
.UNSPECIFIED.,.F.,.F.,
(4,1,1,1,1,1,1,1,1,1,1,1,4),
(0.,0.113407539489392,0.212223012202288,0.299654597515239,0.38925433373026,0.480371867395966,
0.569739320586753,0.657037571250355,0.739161603280044,0.816171115224874,0.891319095523611,
0.952595390448653,1.),
.UNSPECIFIED.);
#1702=CIRCLE('',#2499,1.);
#1703=CIRCLE('',#2503,1.00000000052013);
#1704=CIRCLE('',#2507,1.00000000000001);
#1705=CIRCLE('',#2511,1.00000000000002);
#1706=CARTESIAN_POINT('',(-24.2892515404966,1.3164953090834E-15,-21.5));
#1707=CARTESIAN_POINT('',(-24.2892515404966,1.71450551880629E-15,-28.));
#1708=CARTESIAN_POINT('',(-24.2892515404966,1.71450551880629E-15,-28.));
#1709=VECTOR('',#1710,1.);
#1710=DIRECTION('',(0.,-6.12323399573677E-17,1.));
#1711=CARTESIAN_POINT('',(-24.2892515404966,-8.,-28.));
#1712=CARTESIAN_POINT('',(-24.2892515404966,1.71450551880629E-15,-28.));
#1713=VECTOR('',#1714,1.);
#1714=DIRECTION('',(0.,-1.,0.));
#1715=CARTESIAN_POINT('',(-24.2892515404966,-8.,-21.5));
#1716=CARTESIAN_POINT('',(-24.2892515404966,-8.,-21.5));
#1717=VECTOR('',#1718,1.);
#1718=DIRECTION('',(0.,1.36642833800019E-16,-1.));
#1719=CARTESIAN_POINT('',(-24.2892515404966,1.3164953090834E-15,-21.5));
#1720=VECTOR('',#1721,1.);
#1721=DIRECTION('',(0.,-1.,0.));
#1722=CARTESIAN_POINT('',(-4.28925154049656,1.3164953090834E-15,-21.5));
#1723=CARTESIAN_POINT('',(-4.28925154049656,-8.,-21.5));
#1724=CARTESIAN_POINT('',(-4.28925154049656,1.3164953090834E-15,-21.5));
#1725=VECTOR('',#1726,1.);
#1726=DIRECTION('',(0.,-1.,0.));
#1727=CARTESIAN_POINT('',(-4.28925154049656,-8.,-28.));
#1728=CARTESIAN_POINT('',(-4.28925154049656,-8.,-28.));
#1729=VECTOR('',#1730,1.);
#1730=DIRECTION('',(2.73285667600039E-16,-1.36642833800019E-16,1.));
#1731=CARTESIAN_POINT('',(-4.28925154049656,1.71450551880629E-15,-28.));
#1732=CARTESIAN_POINT('',(-4.28925154049656,1.71450551880629E-15,-28.));
#1733=VECTOR('',#1734,1.);
#1734=DIRECTION('',(0.,-1.,0.));
#1735=CARTESIAN_POINT('',(-4.28925154049656,1.3164953090834E-15,-21.5));
#1736=VECTOR('',#1737,1.);
#1737=DIRECTION('',(-2.73285667600039E-16,6.12323399573677E-17,-1.));
#1738=CARTESIAN_POINT('',(-23.2892515404966,-8.,-28.));
#1739=CARTESIAN_POINT('',(-24.2892515404966,-8.,-28.));
#1740=VECTOR('',#1741,1.);
#1741=DIRECTION('',(1.,0.,0.));
#1742=CARTESIAN_POINT('',(-23.2892515404966,-8.,-24.));
#1743=CARTESIAN_POINT('',(-23.2892515404966,-8.,-28.));
#1744=VECTOR('',#1745,1.);
#1745=DIRECTION('',(0.,0.,1.));
#1746=CARTESIAN_POINT('',(-5.28925154049656,-8.,-24.));
#1747=CARTESIAN_POINT('',(-23.2892515404966,-8.,-24.));
#1748=VECTOR('',#1749,1.);
#1749=DIRECTION('',(1.,0.,0.));
#1750=CARTESIAN_POINT('',(-5.28925154049656,-8.,-28.));
#1751=CARTESIAN_POINT('',(-5.28925154049656,-8.,-24.));
#1752=VECTOR('',#1753,1.);
#1753=DIRECTION('',(0.,0.,-1.));
#1754=CARTESIAN_POINT('',(-5.28925154049656,-8.,-28.));
#1755=VECTOR('',#1756,1.);
#1756=DIRECTION('',(1.,0.,0.));
#1757=CARTESIAN_POINT('',(-4.28925154049656,-8.,-21.5));
#1758=VECTOR('',#1759,1.);
#1759=DIRECTION('',(-1.,0.,0.));
#1760=CARTESIAN_POINT('',(-5.28925154049656,-3.,-24.5));
#1761=CARTESIAN_POINT('',(-5.28925154049656,-3.,-26.));
#1762=CARTESIAN_POINT('',(-5.28925154049656,-3.,-26.));
#1763=VECTOR('',#1764,1.);
#1764=DIRECTION('',(0.,0.,1.));
#1765=CARTESIAN_POINT('',(-23.2892515404966,-3.,-24.5));
#1766=CARTESIAN_POINT('',(-23.2892515404966,-3.,-24.5));
#1767=VECTOR('',#1768,1.);
#1768=DIRECTION('',(1.,0.,0.));
#1769=CARTESIAN_POINT('',(-23.2892515404966,-3.,-26.));
#1770=CARTESIAN_POINT('',(-23.2892515404966,-3.,-24.5));
#1771=VECTOR('',#1772,1.);
#1772=DIRECTION('',(0.,0.,-1.));
#1773=CARTESIAN_POINT('',(-5.28925154049656,-3.,-26.));
#1774=VECTOR('',#1775,1.);
#1775=DIRECTION('',(-1.,0.,0.));
#1776=CARTESIAN_POINT('',(-5.28925154049656,1.59204083889156E-15,-26.));
#1777=CARTESIAN_POINT('',(-5.28925154049656,-3.,-26.));
#1778=VECTOR('',#1779,1.);
#1779=DIRECTION('',(0.,1.,0.));
#1780=CARTESIAN_POINT('',(-23.2892515404966,1.59204083889156E-15,-26.));
#1781=CARTESIAN_POINT('',(-23.2892515404966,1.77635683940025E-15,-26.));
#1782=VECTOR('',#1783,1.);
#1783=DIRECTION('',(0.,-1.,0.));
#1784=CARTESIAN_POINT('',(-5.28925154049656,1.6841988391459E-15,-26.));
#1785=VECTOR('',#1786,1.);
#1786=DIRECTION('',(-1.,0.,0.));
#1787=CARTESIAN_POINT('',(-5.28925154049656,1.50019232895551E-15,-24.5));
#1788=CARTESIAN_POINT('',(-5.28925154049656,1.33226762955019E-15,-24.5));
#1789=VECTOR('',#1790,1.);
#1790=DIRECTION('',(0.,-1.,0.));
#1791=CARTESIAN_POINT('',(-23.2892515404966,1.50019232895551E-15,-24.5));
#1792=CARTESIAN_POINT('',(-23.2892515404966,1.41622997925285E-15,-24.5));
#1793=VECTOR('',#1794,1.);
#1794=DIRECTION('',(1.,0.,0.));
#1795=CARTESIAN_POINT('',(-23.2892515404966,-3.,-24.5));
#1796=VECTOR('',#1797,1.);
#1797=DIRECTION('',(0.,1.,0.));
#1798=CARTESIAN_POINT('',(-5.28925154049656,1.46957615897682E-15,-24.));
#1799=CARTESIAN_POINT('',(-5.28925154049656,-8.,-24.));
#1800=VECTOR('',#1801,1.);
#1801=DIRECTION('',(0.,1.,0.));
#1802=CARTESIAN_POINT('',(-23.2892515404966,1.46957615897682E-15,-24.));
#1803=CARTESIAN_POINT('',(-23.2892515404966,1.46957615897682E-15,-24.));
#1804=VECTOR('',#1805,1.);
#1805=DIRECTION('',(0.,-1.,0.));
#1806=CARTESIAN_POINT('',(-5.28925154049656,1.46957615897682E-15,-24.));
#1807=VECTOR('',#1808,1.);
#1808=DIRECTION('',(-1.,0.,0.));
#1809=CARTESIAN_POINT('',(-5.28925154049656,1.50019232895551E-15,-24.5));
#1810=VECTOR('',#1811,1.);
#1811=DIRECTION('',(0.,-6.12323399573676E-17,1.));
#1812=CARTESIAN_POINT('',(-23.2892515404966,1.46957615897682E-15,-24.));
#1813=VECTOR('',#1814,1.);
#1814=DIRECTION('',(0.,6.12323399573676E-17,-1.));
#1815=CARTESIAN_POINT('',(-21.6566308071635,-9.87096631722412E-16,-5.53611944977185));
#1816=CARTESIAN_POINT('',(-20.9846647405099,-9.4246974903306E-16,-5.59296568590499));
#1817=AXIS2_PLACEMENT_3D('',#1818,#1819,#1820);
#1818=CARTESIAN_POINT('',(-20.9848303296291,9.76608718812227E-17,-1.594923074134));
#1819=DIRECTION('',(3.08148791101958E-33,-1.,-6.12323399573677E-17));
#1820=DIRECTION('',(-0.168032345373275,6.03617068498209E-17,-0.985781482331838));
#1821=CARTESIAN_POINT('',(-24.9404695507478,-2.01349546983041E-15,-1.00000000000001));
#1822=AXIS2_PLACEMENT_3D('',#1823,#1824,#1825);
#1823=CARTESIAN_POINT('',(-20.984664740682,9.75410164197559E-17,-1.59296568590499));
#1824=DIRECTION('',(0.,-1.,-6.12323399573677E-17));
#1825=DIRECTION('',(-0.988951202516434,-9.07716911559698E-18,0.148241421476247));
#1826=CARTESIAN_POINT('',(-28.,-1.77635683940025E-15,-1.00000000000001));
#1827=CARTESIAN_POINT('',(-24.9404695507478,-8.57562249721441E-16,-1.00000000000001));
#1828=VECTOR('',#1829,1.);
#1829=DIRECTION('',(-1.,3.22296557554204E-32,-2.90298931300781E-16));
#1830=CARTESIAN_POINT('',(-28.,1.33226762955019E-15,-49.));
#1831=CARTESIAN_POINT('',(-28.,-8.57562249721441E-16,-1.00000000000001));
#1832=VECTOR('',#1833,1.);
#1833=DIRECTION('',(1.48029736616688E-16,5.83717455943128E-17,-1.));
#1834=CARTESIAN_POINT('',(-20.,2.77648505870392E-15,-49.));
#1835=CARTESIAN_POINT('',(-28.,2.8324599585057E-15,-49.));
#1836=VECTOR('',#1837,1.);
#1837=DIRECTION('',(1.,0.,0.));
#1838=CARTESIAN_POINT('',(-20.,2.93915231795365E-15,-50.));
#1839=CARTESIAN_POINT('',(-20.,2.8324599585057E-15,-49.));
#1840=VECTOR('',#1841,1.);
#1841=DIRECTION('',(0.,3.06161699786838E-17,-1.));
#1842=CARTESIAN_POINT('',(-9.,4.28626379701574E-15,-50.));
#1843=CARTESIAN_POINT('',(-20.,3.00038465791102E-15,-50.));
#1844=VECTOR('',#1845,1.);
#1845=DIRECTION('',(1.,6.12323399573676E-17,0.));
#1846=CARTESIAN_POINT('',(-8.99999999999999,3.34283262158986E-15,-49.));
#1847=CARTESIAN_POINT('',(-9.,3.64332422746338E-15,-49.));
#1848=VECTOR('',#1849,1.);
#1849=DIRECTION('',(0.,3.06161699786838E-17,-1.));
#1850=CARTESIAN_POINT('',(-0.999999999999997,3.5527136788005E-15,-49.));
#1851=CARTESIAN_POINT('',(-8.99999999999999,2.8324599585057E-15,-49.));
#1852=VECTOR('',#1853,1.);
#1853=DIRECTION('',(1.,0.,0.));
#1854=CARTESIAN_POINT('',(-1.,0.,-1.));
#1855=CARTESIAN_POINT('',(-0.999999999999997,2.8324599585057E-15,-49.));
#1856=VECTOR('',#1857,1.);
#1857=DIRECTION('',(-5.55111512312578E-17,-5.83717455943127E-17,1.));
#1858=CARTESIAN_POINT('',(-17.0288599306163,-1.54250148663381E-15,-1.));
#1859=CARTESIAN_POINT('',(-1.,-8.57562249721441E-16,-1.));
#1860=VECTOR('',#1861,1.);
#1861=DIRECTION('',(-1.,1.23037587925113E-32,-2.77056017566053E-16));
#1862=AXIS2_PLACEMENT_3D('',#1863,#1864,#1865);
#1863=CARTESIAN_POINT('',(-20.984664740682,9.75410164197559E-17,-1.59296568590499));
#1864=DIRECTION('',(0.,-1.,-6.12323399573677E-17));
#1865=DIRECTION('',(4.30375735049893E-11,6.12323399573677E-17,-1.));
#1866=CARTESIAN_POINT('',(-5.28925154049656,1.71450551880629E-15,-28.));
#1867=CARTESIAN_POINT('',(-4.28925154049656,1.71450551880629E-15,-28.));
#1868=VECTOR('',#1869,1.);
#1869=DIRECTION('',(-1.,0.,0.));
#1870=CARTESIAN_POINT('',(-5.28925154049656,1.71450551880629E-15,-28.));
#1871=VECTOR('',#1872,1.);
#1872=DIRECTION('',(0.,-6.12323399573677E-17,1.));
#1873=CARTESIAN_POINT('',(-23.2892515404966,1.71450551880629E-15,-28.));
#1874=CARTESIAN_POINT('',(-23.2892515404966,1.59204083889156E-15,-26.));
#1875=VECTOR('',#1876,1.);
#1876=DIRECTION('',(0.,6.12323399573677E-17,-1.));
#1877=CARTESIAN_POINT('',(-23.2892515404966,1.71450551880629E-15,-28.));
#1878=VECTOR('',#1879,1.);
#1879=DIRECTION('',(-1.,0.,0.));
#1880=CARTESIAN_POINT('',(-24.2892515404966,1.3164953090834E-15,-21.5));
#1881=VECTOR('',#1882,1.);
#1882=DIRECTION('',(1.,0.,0.));
#1883=CARTESIAN_POINT('',(-24.2892515404966,5.86766065439921E-16,-9.58261705903205));
#1884=CARTESIAN_POINT('',(-24.2892515404966,7.70463085312024E-16,-12.5826170590321));
#1885=CARTESIAN_POINT('',(-24.2892515404966,8.29320752506075E-16,-12.5826170590321));
#1886=VECTOR('',#1887,1.);
#1887=DIRECTION('',(0.,-3.06161699786838E-17,1.));
#1888=CARTESIAN_POINT('',(-4.28925154049656,5.86766065439921E-16,-9.58261705903205));
#1889=CARTESIAN_POINT('',(-24.2892515404966,7.37472242570023E-16,-9.58261705903205));
#1890=VECTOR('',#1891,1.);
#1891=DIRECTION('',(1.,0.,-8.88178419700125E-17));
#1892=CARTESIAN_POINT('',(-4.28925154049656,7.70463085312024E-16,-12.5826170590321));
#1893=CARTESIAN_POINT('',(-4.28925154049656,7.37472242570023E-16,-9.58261705903205));
#1894=VECTOR('',#1895,1.);
#1895=DIRECTION('',(0.,3.06161699786838E-17,-1.));
#1896=CARTESIAN_POINT('',(-4.28925154049656,8.29320752506075E-16,-12.5826170590321));
#1897=VECTOR('',#1898,1.);
#1898=DIRECTION('',(-1.,-4.93038065763132E-33,8.88178419700125E-17));
#1899=CARTESIAN_POINT('',(-23.2892515404966,1.71450551880629E-15,-28.));
#1900=VECTOR('',#1901,1.);
#1901=DIRECTION('',(0.,-1.,0.));
#1902=CARTESIAN_POINT('',(-5.28925154049656,1.71450551880629E-15,-28.));
#1903=VECTOR('',#1904,1.);
#1904=DIRECTION('',(0.,-1.,0.));
#1905=CARTESIAN_POINT('',(-21.6566308071635,1.,-5.53611944977185));
#1906=CARTESIAN_POINT('',(-21.6566308071635,1.,-5.53611944977185));
#1907=VECTOR('',#1908,1.);
#1908=DIRECTION('',(0.,-1.,0.));
#1909=CARTESIAN_POINT('',(-20.9846647405099,1.,-5.59296568590499));
#1910=CARTESIAN_POINT('',(-20.9846647405099,1.,-5.59296568590499));
#1911=VECTOR('',#1912,1.);
#1912=DIRECTION('',(0.,-1.,0.));
#1913=CARTESIAN_POINT('',(-17.3186926971129,1.,-2.49228061668049E-15));
#1914=AXIS2_PLACEMENT_3D('',#1915,#1916,#1917);
#1915=CARTESIAN_POINT('',(-20.9848303296291,1.,-1.594923074134));
#1916=DIRECTION('',(0.,-1.,-6.12323399573677E-17));
#1917=DIRECTION('',(4.14175473350694E-5,6.12323399048483E-17,-0.999999999142293));
#1918=CARTESIAN_POINT('',(-17.3186926971129,-4.5,-3.135374931392E-15));
#1919=CARTESIAN_POINT('',(-17.3186926971129,1.,-2.74494139158421E-15));
#1920=VECTOR('',#1921,1.);
#1921=DIRECTION('',(0.,-1.,-7.09879163286895E-17));
#1922=CARTESIAN_POINT('',(-20.984664740682,-4.5,-5.592965685905));
#1923=AXIS2_PLACEMENT_3D('',#1924,#1925,#1926);
#1924=CARTESIAN_POINT('',(-20.9848303296291,-4.5,-1.594923074134));
#1925=DIRECTION('',(1.22464679914735E-16,-1.,-6.12323399573676E-17));
#1926=DIRECTION('',(4.14175205167213E-5,6.12374120882413E-17,-0.999999999142294));
#1927=CARTESIAN_POINT('',(-20.9846647406496,-5.5,-5.592965685905));
#1928=CARTESIAN_POINT('',(-20.984664740682,-5.5,-5.592965685905));
#1929=VECTOR('',#1930,1.);
#1930=DIRECTION('',(0.,1.,0.));
#1931=CARTESIAN_POINT('',(-21.6566308070419,-5.5,-5.53611944979258));
#1932=AXIS2_PLACEMENT_3D('',#1933,#1934,#1935);
#1933=CARTESIAN_POINT('',(-20.9848303296291,-5.5,-1.59492307413399));
#1934=DIRECTION('',(0.,-1.,-6.21724893790088E-17));
#1935=DIRECTION('',(-0.168032345347213,6.12884887405759E-17,-0.985781482336281));
#1936=CARTESIAN_POINT('',(-21.6566308070593,-4.5,-5.53611944978962));
#1937=CARTESIAN_POINT('',(-21.6566308070593,-5.5,-5.53611944978962));
#1938=VECTOR('',#1939,1.);
#1939=DIRECTION('',(0.,1.,0.));
#1940=CARTESIAN_POINT('',(-24.6509679621453,-4.5,3.14312913001065E-15));
#1941=AXIS2_PLACEMENT_3D('',#1942,#1943,#1944);
#1942=CARTESIAN_POINT('',(-20.9848303296291,-4.5,-1.594923074134));
#1943=DIRECTION('',(1.22464679914735E-16,-1.,-6.12323399573676E-17));
#1944=DIRECTION('',(-0.916983130339309,-1.36725216857979E-16,0.398925981446587));
#1945=CARTESIAN_POINT('',(-24.6509679621453,1.,3.61394601875787E-15));
#1946=CARTESIAN_POINT('',(-24.6509679621453,1.,3.5527136788005E-15));
#1947=VECTOR('',#1948,1.);
#1948=DIRECTION('',(0.,-1.,-7.44699179617902E-17));
#1949=AXIS2_PLACEMENT_3D('',#1950,#1951,#1952);
#1950=CARTESIAN_POINT('',(-20.9848303296291,1.,-1.594923074134));
#1951=DIRECTION('',(0.,-1.,-6.12323399573677E-17));
#1952=DIRECTION('',(-0.916983130339309,-2.4427171313764E-17,0.398925981446587));
#1953=CARTESIAN_POINT('',(-24.6537872956711,1.,-8.50076206205998E-15));
#1954=AXIS2_PLACEMENT_3D('',#1955,#1956,#1957);
#1955=CARTESIAN_POINT('',(-20.984664740682,1.,-1.59296568590499));
#1956=DIRECTION('',(0.,-1.,-6.12323399573677E-17));
#1957=DIRECTION('',(-0.917280638747259,-2.43852541049389E-17,0.398241421476247));
#1958=CARTESIAN_POINT('',(-24.6537872956711,-4.5,-8.6754726958017E-15));
#1959=CARTESIAN_POINT('',(-24.6537872956711,1.,-7.74126185974028E-15));
#1960=VECTOR('',#1961,1.);
#1961=DIRECTION('',(0.,-1.,-5.08020431536866E-17));
#1962=CARTESIAN_POINT('',(-24.9404695507478,-4.5,-1.00000000000001));
#1963=AXIS2_PLACEMENT_3D('',#1964,#1965,#1966);
#1964=CARTESIAN_POINT('',(-20.984664740682,-4.5,-1.59296568590499));
#1965=DIRECTION('',(1.22464679914735E-16,-1.,-6.12323399573677E-17));
#1966=DIRECTION('',(-0.917280638747259,-1.36719733921106E-16,0.398241421476247));
#1967=CARTESIAN_POINT('',(-24.9404695507478,-3.71699318949939E-15,-1.00000000000001));
#1968=VECTOR('',#1969,1.);
#1969=DIRECTION('',(0.,-1.,0.));
#1970=CARTESIAN_POINT('',(-24.9404695507478,-5.5,-1.00000000000001));
#1971=CARTESIAN_POINT('',(-24.9404695507478,-5.5,-1.00000000000001));
#1972=VECTOR('',#1973,1.);
#1973=DIRECTION('',(0.,1.,0.));
#1974=CARTESIAN_POINT('',(-28.,-5.5,-1.00000000000001));
#1975=CARTESIAN_POINT('',(-24.9404695507478,-5.5,-1.00000000000001));
#1976=VECTOR('',#1977,1.);
#1977=DIRECTION('',(-1.,0.,-1.45149465650391E-16));
#1978=CARTESIAN_POINT('',(-28.,-5.5,-1.00000000000001));
#1979=VECTOR('',#1980,1.);
#1980=DIRECTION('',(0.,1.,0.));
#1981=CARTESIAN_POINT('',(-28.,-5.5,-49.));
#1982=CARTESIAN_POINT('',(-28.,-5.5,-1.00000000000001));
#1983=VECTOR('',#1984,1.);
#1984=DIRECTION('',(1.48029736616688E-16,5.55111512312578E-17,-1.));
#1985=CARTESIAN_POINT('',(-28.,-5.5,-49.));
#1986=VECTOR('',#1987,1.);
#1987=DIRECTION('',(0.,1.,0.));
#1988=CARTESIAN_POINT('',(-20.,-5.,-49.));
#1989=CARTESIAN_POINT('',(-20.,2.66453525910038E-15,-49.));
#1990=VECTOR('',#1991,1.);
#1991=DIRECTION('',(0.,-1.,0.));
#1992=CARTESIAN_POINT('',(-0.999999999999997,-5.5,-49.));
#1993=CARTESIAN_POINT('',(-28.,-5.5,-49.));
#1994=VECTOR('',#1995,1.);
#1995=DIRECTION('',(1.,0.,0.));
#1996=CARTESIAN_POINT('',(-0.999999999999997,-5.5,-49.));
#1997=VECTOR('',#1998,1.);
#1998=DIRECTION('',(0.,1.,0.));
#1999=CARTESIAN_POINT('',(-9.,-5.,-49.));
#2000=CARTESIAN_POINT('',(-9.,-5.,-49.));
#2001=VECTOR('',#2002,1.);
#2002=DIRECTION('',(0.,1.,0.));
#2003=CARTESIAN_POINT('',(-20.,-5.,-49.));
#2004=VECTOR('',#2005,1.);
#2005=DIRECTION('',(1.,1.61486985400023E-16,0.));
#2006=CARTESIAN_POINT('',(-20.,-5.,-50.));
#2007=CARTESIAN_POINT('',(-20.,-5.,-50.));
#2008=VECTOR('',#2009,1.);
#2009=DIRECTION('',(0.,1.,0.));
#2010=CARTESIAN_POINT('',(-20.,-5.,-49.));
#2011=VECTOR('',#2012,1.);
#2012=DIRECTION('',(0.,0.,-1.));
#2013=CARTESIAN_POINT('',(-0.999999999999997,-5.5,-50.));
#2014=CARTESIAN_POINT('',(-0.999999999999997,1.,-50.));
#2015=CARTESIAN_POINT('',(-0.999999999999997,-5.5,-50.));
#2016=VECTOR('',#2017,1.);
#2017=DIRECTION('',(0.,1.,0.));
#2018=CARTESIAN_POINT('',(-28.,-5.5,-50.));
#2019=CARTESIAN_POINT('',(-0.999999999999997,-5.5,-50.));
#2020=VECTOR('',#2021,1.);
#2021=DIRECTION('',(-1.,0.,0.));
#2022=CARTESIAN_POINT('',(-28.,1.,-50.));
#2023=CARTESIAN_POINT('',(-28.,-5.5,-50.));
#2024=VECTOR('',#2025,1.);
#2025=DIRECTION('',(0.,1.,0.));
#2026=CARTESIAN_POINT('',(-0.999999999999997,1.,-50.));
#2027=VECTOR('',#2028,1.);
#2028=DIRECTION('',(-1.,0.,0.));
#2029=CARTESIAN_POINT('',(-9.,-5.,-50.));
#2030=CARTESIAN_POINT('',(-9.,-5.,-50.));
#2031=VECTOR('',#2032,1.);
#2032=DIRECTION('',(-1.,-1.61486985400023E-16,0.));
#2033=CARTESIAN_POINT('',(-9.,4.28626379701574E-15,-50.));
#2034=VECTOR('',#2035,1.);
#2035=DIRECTION('',(0.,-1.,0.));
#2036=CARTESIAN_POINT('',(-9.,-5.,-49.));
#2037=VECTOR('',#2038,1.);
#2038=DIRECTION('',(0.,0.,-1.));
#2039=CARTESIAN_POINT('',(-1.,-5.5,-1.));
#2040=CARTESIAN_POINT('',(-0.999999999999997,-5.5,-49.));
#2041=VECTOR('',#2042,1.);
#2042=DIRECTION('',(-5.55111512312578E-17,-5.55111512312578E-17,1.));
#2043=CARTESIAN_POINT('',(-1.,-5.5,-1.));
#2044=VECTOR('',#2045,1.);
#2045=DIRECTION('',(0.,1.,4.03717463500057E-17));
#2046=CARTESIAN_POINT('',(-17.0288599306163,-4.5,-1.));
#2047=CARTESIAN_POINT('',(-17.0288599306163,-2.78845760977946E-15,-1.));
#2048=VECTOR('',#2049,1.);
#2049=DIRECTION('',(0.,-1.,-4.93432455388959E-17));
#2050=CARTESIAN_POINT('',(-11.0920610168467,-5.5,-1.));
#2051=CARTESIAN_POINT('',(-1.,-5.5,-1.));
#2052=VECTOR('',#2053,1.);
#2053=DIRECTION('',(-1.,0.,-1.32011452103414E-16));
#2054=CARTESIAN_POINT('',(-16.0749847802804,-5.5,-1.));
#2055=AXIS2_PLACEMENT_3D('',#2056,#2057,#2058);
#2056=CARTESIAN_POINT('',(-13.5835228985635,-5.49999999999999,-1.));
#2057=DIRECTION('',(-2.63163976207445E-16,0.,1.));
#2058=DIRECTION('',(1.,-2.13893319312136E-15,2.63163976207445E-16));
#2059=CARTESIAN_POINT('',(-17.0288599306163,-5.5,-1.));
#2060=CARTESIAN_POINT('',(-16.0749847802804,-5.5,-1.));
#2061=VECTOR('',#2062,1.);
#2062=DIRECTION('',(-1.,0.,-2.32781622256159E-16));
#2063=CARTESIAN_POINT('',(-17.0288599306163,-5.5,-1.));
#2064=VECTOR('',#2065,1.);
#2065=DIRECTION('',(0.,1.,0.));
#2066=CARTESIAN_POINT('',(-17.315542185693,-4.06054453334123,-5.16262598732141E-15));
#2067=CARTESIAN_POINT('',(-17.315542185693,-4.5,-3.97530824134175E-15));
#2068=CARTESIAN_POINT('',(-17.315542185693,-4.06054453334122,-4.66293670342566E-15));
#2069=VECTOR('',#2070,1.);
#2070=DIRECTION('',(0.,-1.,0.));
#2071=CARTESIAN_POINT('',(-17.315542185693,1.,-4.71169396254173E-15));
#2072=CARTESIAN_POINT('',(-17.315542185693,1.,-4.84124696482459E-15));
#2073=VECTOR('',#2074,1.);
#2074=DIRECTION('',(0.,-1.,-5.25549755224446E-17));
#2075=AXIS2_PLACEMENT_3D('',#2076,#2077,#2078);
#2076=CARTESIAN_POINT('',(-20.984664740682,1.,-1.59296568590499));
#2077=DIRECTION('',(0.,-1.,-6.12323399573677E-17));
#2078=DIRECTION('',(4.3038461683409E-11,6.12323399573677E-17,-1.));
#2079=AXIS2_PLACEMENT_3D('',#2080,#2081,#2082);
#2080=CARTESIAN_POINT('',(-20.984664740682,-4.5,-1.59296568590499));
#2081=DIRECTION('',(1.22464679914735E-16,-1.,-6.12323399573677E-17));
#2082=DIRECTION('',(0.988951202516434,1.12034423351871E-16,0.148241421476248));
#2083=CARTESIAN_POINT('',(-24.2892515404966,-8.,-12.5826170590321));
#2084=CARTESIAN_POINT('',(-24.2892515404966,-8.,-12.5826170590321));
#2085=VECTOR('',#2086,1.);
#2086=DIRECTION('',(0.,1.,0.));
#2087=CARTESIAN_POINT('',(-24.2892515404966,-8.,-9.58261705903205));
#2088=CARTESIAN_POINT('',(-24.2892515404966,-8.,-12.5826170590321));
#2089=VECTOR('',#2090,1.);
#2090=DIRECTION('',(0.,0.,1.));
#2091=CARTESIAN_POINT('',(-24.2892515404966,-8.,-9.58261705903205));
#2092=VECTOR('',#2093,1.);
#2093=DIRECTION('',(0.,1.,0.));
#2094=CARTESIAN_POINT('',(-4.28925154049656,-8.,-9.58261705903205));
#2095=CARTESIAN_POINT('',(-24.2892515404966,-8.,-9.58261705903205));
#2096=VECTOR('',#2097,1.);
#2097=DIRECTION('',(1.,0.,-8.88178419700125E-17));
#2098=CARTESIAN_POINT('',(-4.28925154049656,-8.,-9.58261705903205));
#2099=VECTOR('',#2100,1.);
#2100=DIRECTION('',(0.,1.,0.));
#2101=CARTESIAN_POINT('',(-4.28925154049656,-8.,-12.5826170590321));
#2102=CARTESIAN_POINT('',(-4.28925154049656,-8.,-9.58261705903205));
#2103=VECTOR('',#2104,1.);
#2104=DIRECTION('',(0.,0.,-1.));
#2105=CARTESIAN_POINT('',(-4.28925154049656,-8.,-12.5826170590321));
#2106=VECTOR('',#2107,1.);
#2107=DIRECTION('',(0.,1.,0.));
#2108=CARTESIAN_POINT('',(-4.28925154049656,-8.,-12.5826170590321));
#2109=VECTOR('',#2110,1.);
#2110=DIRECTION('',(-1.,0.,8.88178419700125E-17));
#2111=CARTESIAN_POINT('',(-23.9457464861751,1.,-1.12456678740952));
#2112=CARTESIAN_POINT('',(-24.5344369387091,1.,-0.0506958649021641));
#2113=AXIS2_PLACEMENT_3D('',#2114,#2115,#2116);
#2114=CARTESIAN_POINT('',(-24.9333629201557,1.,-0.967678995241473));
#2115=DIRECTION('',(0.,1.,6.12323399573677E-17));
#2116=DIRECTION('',(0.398925981446588,-5.61490227721077E-17,0.916983130339308));
#2117=CARTESIAN_POINT('',(-18.0239141730832,1.,-1.12456678740953));
#2118=AXIS2_PLACEMENT_3D('',#2119,#2120,#2121);
#2119=CARTESIAN_POINT('',(-20.9848303296291,1.,-1.594923074134));
#2120=DIRECTION('',(0.,1.,6.12323399573677E-17));
#2121=DIRECTION('',(0.98761643398064,-9.6066066251947E-18,0.156887792168047));
#2122=CARTESIAN_POINT('',(-17.4352237205491,1.,-0.0506958649021708));
#2123=AXIS2_PLACEMENT_3D('',#2124,#2125,#2126);
#2124=CARTESIAN_POINT('',(-17.0362977391025,1.,-0.96767899524148));
#2125=DIRECTION('',(0.,1.,6.12323399573677E-17));
#2126=DIRECTION('',(-0.98761643398064,9.60660662519469E-18,-0.156887792168047));
#2127=CARTESIAN_POINT('',(-17.3186926971129,1.,-8.26946079742758E-16));
#2128=VECTOR('',#2129,1.);
#2129=DIRECTION('',(-0.91698313033931,0.,-0.398925981446584));
#2130=CARTESIAN_POINT('',(-0.999999999999997,1.,-2.33529670697015E-16));
#2131=CARTESIAN_POINT('',(-17.315542185693,1.,-5.24160183114855E-15));
#2132=VECTOR('',#2133,1.);
#2133=DIRECTION('',(1.,0.,3.06247076426368E-16));
#2134=CARTESIAN_POINT('',(1.50039476301212E-15,1.,-1.));
#2135=AXIS2_PLACEMENT_3D('',#2136,#2137,#2138);
#2136=CARTESIAN_POINT('',(-0.999999999999996,1.,-1.));
#2137=DIRECTION('',(0.,1.,6.12323399573677E-17));
#2138=DIRECTION('',(-1.11022302462516E-15,-6.12323399573677E-17,1.));
#2139=CARTESIAN_POINT('',(2.81664043604837E-15,1.,-49.));
#2140=CARTESIAN_POINT('',(5.6791447858867E-17,1.,-1.));
#2141=VECTOR('',#2142,1.);
#2142=DIRECTION('',(5.6791447858867E-17,6.47630097698008E-17,-1.));
#2143=AXIS2_PLACEMENT_3D('',#2144,#2145,#2146);
#2144=CARTESIAN_POINT('',(-0.999999999999997,1.,-49.));
#2145=DIRECTION('',(0.,1.,6.12323399573677E-17));
#2146=DIRECTION('',(1.,0.,0.));
#2147=CARTESIAN_POINT('',(-29.,1.,-49.));
#2148=AXIS2_PLACEMENT_3D('',#2149,#2150,#2151);
#2149=CARTESIAN_POINT('',(-28.,1.,-49.));
#2150=DIRECTION('',(0.,1.,6.12323399573677E-17));
#2151=DIRECTION('',(0.,6.12323399573677E-17,-1.));
#2152=CARTESIAN_POINT('',(-29.,1.,-0.999999999999999));
#2153=CARTESIAN_POINT('',(-29.,1.,-49.));
#2154=VECTOR('',#2155,1.);
#2155=DIRECTION('',(-1.48029736616687E-16,-6.47630097698008E-17,1.));
#2156=CARTESIAN_POINT('',(-28.,1.,-6.34575270335304E-15));
#2157=AXIS2_PLACEMENT_3D('',#2158,#2159,#2160);
#2158=CARTESIAN_POINT('',(-28.,1.,-1.));
#2159=DIRECTION('',(0.,1.,6.12323399573677E-17));
#2160=DIRECTION('',(-1.,-4.07889322034067E-31,6.66133814775094E-15));
#2161=CARTESIAN_POINT('',(-28.,1.,-8.51368579998093E-15));
#2162=VECTOR('',#2163,1.);
#2163=DIRECTION('',(1.,0.,3.06247076426368E-16));
#2164=CARTESIAN_POINT('',(-24.5344369387091,1.,-0.0506958649021643));
#2165=VECTOR('',#2166,1.);
#2166=DIRECTION('',(-0.916983130339307,0.,0.398925981446591));
#2167=CARTESIAN_POINT('',(-17.4352237205491,-3.5,-0.0506958649021717));
#2168=CARTESIAN_POINT('',(-17.4352237205491,1.,-0.0506958649021709));
#2169=VECTOR('',#2170,1.);
#2170=DIRECTION('',(0.,-1.,-7.55568447314342E-17));
#2171=CARTESIAN_POINT('',(-17.689606196095,-4.4999999999811,-0.161362872137509));
#2172=CARTESIAN_POINT('',(-17.4352237205491,-3.5,-0.0506958649021722));
#2173=CARTESIAN_POINT('',(-17.4352237205491,-3.60008662205306,-0.050695864902172));
#2174=CARTESIAN_POINT('',(-17.4485642986021,-3.7872519906038,-0.056499573843795));
#2175=CARTESIAN_POINT('',(-17.5025381760689,-4.04754590042241,-0.0799804660527238));
#2176=CARTESIAN_POINT('',(-17.5814876009319,-4.28296510120763,-0.114326765080551));
#2177=CARTESIAN_POINT('',(-17.6500781762866,-4.42807030069163,-0.144166531686979));
#2178=CARTESIAN_POINT('',(-17.6896061961239,-4.49999999996221,-0.161362872150093));
#2179=CARTESIAN_POINT('',(-17.3186926971129,-4.5,-1.11012846641159E-15));
#2180=VECTOR('',#2181,1.);
#2181=DIRECTION('',(-0.916983130339309,0.,-0.398925981446586));
#2182=CARTESIAN_POINT('',(-24.2800544631633,-4.4999999999811,-0.161362872137504));
#2183=CARTESIAN_POINT('',(-22.969944785123,-4.5,-1.82184793252489));
#2184=CARTESIAN_POINT('',(-24.2800544631633,-4.4999999999996,-0.161362872137504));
#2185=CARTESIAN_POINT('',(-24.2647237725083,-4.4999999999996,-0.168032632216624));
#2186=CARTESIAN_POINT('',(-24.2416429448188,-4.4999999999996,-0.178585219403056));
#2187=CARTESIAN_POINT('',(-24.2117286064513,-4.4999999999996,-0.193260685295807));
#2188=CARTESIAN_POINT('',(-24.1819135862968,-4.4999999999996,-0.208549529455624));
#2189=CARTESIAN_POINT('',(-24.1451928698013,-4.4999999999996,-0.228607140415337));
#2190=CARTESIAN_POINT('',(-24.103567765723,-4.4999999999996,-0.25324990150024));
#2191=CARTESIAN_POINT('',(-24.0748089532066,-4.4999999999996,-0.271520300071416));
#2192=CARTESIAN_POINT('',(-24.046094069113,-4.4999999999996,-0.290438579671673));
#2193=CARTESIAN_POINT('',(-24.015411781058,-4.4999999999996,-0.311507304056373));
#2194=CARTESIAN_POINT('',(-23.9733118242011,-4.4999999999996,-0.342480056682317));
#2195=CARTESIAN_POINT('',(-23.9399200383066,-4.4999999999996,-0.368721157678532));
#2196=CARTESIAN_POINT('',(-23.9127433055034,-4.4999999999996,-0.391062993303588));
#2197=CARTESIAN_POINT('',(-23.8857297127315,-4.4999999999996,-0.413969234048399));
#2198=CARTESIAN_POINT('',(-23.8514208214353,-4.4999999999996,-0.444486612203724));
#2199=CARTESIAN_POINT('',(-23.813478645201,-4.4999999999996,-0.48027532428962));
#2200=CARTESIAN_POINT('',(-23.7877737738053,-4.4999999999996,-0.505863679351306));
#2201=CARTESIAN_POINT('',(-23.7621498135648,-4.4999999999996,-0.53208536516432));
#2202=CARTESIAN_POINT('',(-23.7352918932445,-4.4999999999996,-0.560421951521961));
#2203=CARTESIAN_POINT('',(-23.6978081672208,-4.4999999999996,-0.602142469151867));
#2204=CARTESIAN_POINT('',(-23.6673938459037,-4.4999999999996,-0.637801106308495));
#2205=CARTESIAN_POINT('',(-23.6431361408196,-4.4999999999996,-0.667315375829161));
#2206=CARTESIAN_POINT('',(-23.6189798322772,-4.4999999999996,-0.697445831229711));
#2207=CARTESIAN_POINT('',(-23.585019196508,-4.4999999999996,-0.741406993893946));
#2208=CARTESIAN_POINT('',(-23.5435110260449,-4.4999999999996,-0.798150365885375));
#2209=CARTESIAN_POINT('',(-23.5137654161924,-4.4999999999996,-0.841191095908176));
#2210=CARTESIAN_POINT('',(-23.4844519553745,-4.4999999999996,-0.884766131274539));
#2211=CARTESIAN_POINT('',(-23.4549923436066,-4.4999999999996,-0.92982957980817));
#2212=CARTESIAN_POINT('',(-23.4101173941989,-4.4999999999996,-1.00193821740149));
#2213=CARTESIAN_POINT('',(-23.3714742783468,-4.4999999999996,-1.06718261366626));
#2214=CARTESIAN_POINT('',(-23.3394676716587,-4.4999999999996,-1.12317425793759));
#2215=CARTESIAN_POINT('',(-23.3114773016126,-4.4999999999996,-1.1731644465926));
#2216=CARTESIAN_POINT('',(-23.28340194864,-4.4999999999996,-1.22449512232069));
#2217=CARTESIAN_POINT('',(-23.2541606078492,-4.4999999999996,-1.27907227713393));
#2218=CARTESIAN_POINT('',(-23.2286885354798,-4.4999999999996,-1.32729937498452));
#2219=CARTESIAN_POINT('',(-23.2038030056323,-4.4999999999996,-1.37493973298201));
#2220=CARTESIAN_POINT('',(-23.17951174291,-4.4999999999996,-1.42181165066426));
#2221=CARTESIAN_POINT('',(-23.1556052243205,-4.4999999999996,-1.46816777153176));
#2222=CARTESIAN_POINT('',(-23.1390764664578,-4.4999999999996,-1.50028367392514));
#2223=CARTESIAN_POINT('',(-23.1234139336795,-4.4999999999996,-1.53070464044688));
#2224=CARTESIAN_POINT('',(-23.1079242691199,-4.4999999999996,-1.56077556190409));
#2225=CARTESIAN_POINT('',(-23.0854994683144,-4.4999999999996,-1.60417215013933));
#2226=CARTESIAN_POINT('',(-23.0624517325762,-4.4999999999996,-1.64851578799569));
#2227=CARTESIAN_POINT('',(-23.0394647960427,-4.4999999999996,-1.69238324233088));
#2228=CARTESIAN_POINT('',(-23.0164275907954,-4.4999999999996,-1.7358921589418));
#2229=CARTESIAN_POINT('',(-22.9992310432054,-4.4999999999996,-1.7679671189933));
#2230=CARTESIAN_POINT('',(-22.9837439524057,-4.4999999999996,-1.79659720628118));
#2231=CARTESIAN_POINT('',(-22.975973260031,-4.4999999999996,-1.81085596950062));
#2232=CARTESIAN_POINT('',(-22.969944785123,-4.4999999999996,-1.82184793252489));
#2233=CARTESIAN_POINT('',(-24.2800544631922,-4.5,-0.161362872124924));
#2234=VECTOR('',#2235,1.);
#2235=DIRECTION('',(-0.916983130339309,0.,0.398925981446586));
#2236=AXIS2_PLACEMENT_3D('',#2237,#2238,#2239);
#2237=CARTESIAN_POINT('',(-20.984664740682,-4.5,-1.592965685905));
#2238=DIRECTION('',(-1.22464679914735E-16,1.,6.12323399573677E-17));
#2239=DIRECTION('',(-0.167991516594324,3.97891056354744E-17,-0.985788440971154));
#2240=AXIS2_PLACEMENT_3D('',#2241,#2242,#2243);
#2241=CARTESIAN_POINT('',(-20.984664740682,-4.5,-1.592965685905));
#2242=DIRECTION('',(-1.22464679914735E-16,1.,6.12323399573677E-17));
#2243=DIRECTION('',(-0.917280638747258,-1.36719733921106E-16,0.398241421476247));
#2244=AXIS2_PLACEMENT_3D('',#2245,#2246,#2247);
#2245=CARTESIAN_POINT('',(-20.984664740682,-4.5,-1.592965685905));
#2246=DIRECTION('',(-1.22464679914735E-16,1.,6.12323399573677E-17));
#2247=DIRECTION('',(0.988951202516434,1.12034423351871E-16,0.14824142147625));
#2248=CARTESIAN_POINT('',(-18.9997158741352,-4.5,-1.8218479325249));
#2249=CARTESIAN_POINT('',(-17.689606196095,-4.4999999999996,-0.161362872137509));
#2250=CARTESIAN_POINT('',(-17.7049369299446,-4.4999999999996,-0.168032651009928));
#2251=CARTESIAN_POINT('',(-17.728017785794,-4.4999999999996,-0.178585252525821));
#2252=CARTESIAN_POINT('',(-17.7579321432533,-4.4999999999996,-0.193260730896587));
#2253=CARTESIAN_POINT('',(-17.7877471256719,-4.4999999999996,-0.208549557871133));
#2254=CARTESIAN_POINT('',(-17.8244678170589,-4.4999999999996,-0.228607156502322));
#2255=CARTESIAN_POINT('',(-17.8660929020732,-4.4999999999996,-0.253249906819304));
#2256=CARTESIAN_POINT('',(-17.894851710826,-4.4999999999996,-0.271520303179048));
#2257=CARTESIAN_POINT('',(-17.9235665926357,-4.4999999999996,-0.290438581356079));
#2258=CARTESIAN_POINT('',(-17.9542488804535,-4.4999999999996,-0.311507305667562));
#2259=CARTESIAN_POINT('',(-17.9963488362251,-4.4999999999996,-0.342480057593823));
#2260=CARTESIAN_POINT('',(-18.029740619907,-4.4999999999996,-0.368721156875274));
#2261=CARTESIAN_POINT('',(-18.0569173523082,-4.4999999999996,-0.391062992089919));
#2262=CARTESIAN_POINT('',(-18.0839309457573,-4.4999999999996,-0.41396923334119));
#2263=CARTESIAN_POINT('',(-18.1182398388823,-4.4999999999996,-0.444486613164211));
#2264=CARTESIAN_POINT('',(-18.1561820124753,-4.4999999999996,-0.480275322834549));
#2265=CARTESIAN_POINT('',(-18.181886883861,-4.4999999999996,-0.505863677771616));
#2266=CARTESIAN_POINT('',(-18.2075108440068,-4.4999999999996,-0.532085363374235));
#2267=CARTESIAN_POINT('',(-18.2343687669381,-4.4999999999996,-0.560421952528857));
#2268=CARTESIAN_POINT('',(-18.2718524927881,-4.4999999999996,-0.602142470010837));
#2269=CARTESIAN_POINT('',(-18.3022668093084,-4.4999999999996,-0.637801101578066));
#2270=CARTESIAN_POINT('',(-18.3265245143767,-4.4999999999996,-0.667315370822432));
#2271=CARTESIAN_POINT('',(-18.3506808229603,-4.4999999999996,-0.69744582601721));
#2272=CARTESIAN_POINT('',(-18.3846414630162,-4.4999999999996,-0.741406994249533));
#2273=CARTESIAN_POINT('',(-18.4261496306656,-4.4999999999996,-0.798150362414728));
#2274=CARTESIAN_POINT('',(-18.4558952405016,-4.4999999999996,-0.841191092193908));
#2275=CARTESIAN_POINT('',(-18.4852087014311,-4.4999999999996,-0.884766127519809));
#2276=CARTESIAN_POINT('',(-18.5146683158315,-4.4999999999996,-0.92982958008688));
#2277=CARTESIAN_POINT('',(-18.559543265332,-4.4999999999996,-1.00193821784935));
#2278=CARTESIAN_POINT('',(-18.5981863810894,-4.4999999999996,-1.06718261397512));
#2279=CARTESIAN_POINT('',(-18.6301929877837,-4.4999999999996,-1.12317425826316));
#2280=CARTESIAN_POINT('',(-18.6581833577837,-4.4999999999996,-1.17316444684117));
#2281=CARTESIAN_POINT('',(-18.6862587108221,-4.4999999999996,-1.22449512269824));
#2282=CARTESIAN_POINT('',(-18.7155000515824,-4.4999999999996,-1.27907227745991));
#2283=CARTESIAN_POINT('',(-18.7409721239581,-4.4999999999996,-1.32729937532661));
#2284=CARTESIAN_POINT('',(-18.7658576538303,-4.4999999999996,-1.37493973337498));
#2285=CARTESIAN_POINT('',(-18.7901489165572,-4.4999999999996,-1.42181165106874));
#2286=CARTESIAN_POINT('',(-18.8140554351599,-4.4999999999996,-1.46816777196312));
#2287=CARTESIAN_POINT('',(-18.8305841929028,-4.4999999999996,-1.5002836741241));
#2288=CARTESIAN_POINT('',(-18.8462467256791,-4.4999999999996,-1.5307046406416));
#2289=CARTESIAN_POINT('',(-18.8617363902275,-4.4999999999996,-1.56077556207751));
#2290=CARTESIAN_POINT('',(-18.8841611911384,-4.4999999999996,-1.6041721505147));
#2291=CARTESIAN_POINT('',(-18.9072089268536,-4.4999999999996,-1.64851578832437));
#2292=CARTESIAN_POINT('',(-18.930195863353,-4.4999999999996,-1.6923832425918));
#2293=CARTESIAN_POINT('',(-18.9532330685622,-4.4999999999996,-1.73589215912799));
#2294=CARTESIAN_POINT('',(-18.9704296160759,-4.4999999999996,-1.76796711903571));
#2295=CARTESIAN_POINT('',(-18.9859167068412,-4.4999999999996,-1.79659720626013));
#2296=CARTESIAN_POINT('',(-18.9936873991974,-4.4999999999996,-1.81085596944609));
#2297=CARTESIAN_POINT('',(-18.9997158741352,-4.4999999999996,-1.8218479325249));
#2298=AXIS2_PLACEMENT_3D('',#2299,#2300,#2301);
#2299=CARTESIAN_POINT('',(-20.9848303296291,-4.5,-1.594923074134));
#2300=DIRECTION('',(-1.22464679914735E-16,1.,6.12323399573676E-17));
#2301=DIRECTION('',(0.993529587549091,1.2862665914494E-16,-0.113573582599713));
#2302=CARTESIAN_POINT('',(-20.984664740682,-4.5,-3.54711905080342));
#2303=AXIS2_PLACEMENT_3D('',#2304,#2305,#2306);
#2304=CARTESIAN_POINT('',(-20.984664740682,-4.5,-1.59296568590499));
#2305=DIRECTION('',(-1.22464679914735E-16,1.,6.12323399573677E-17));
#2306=DIRECTION('',(6.12323399573676E-17,6.12323399573677E-17,-1.));
#2307=AXIS2_PLACEMENT_3D('',#2308,#2309,#2310);
#2308=CARTESIAN_POINT('',(-20.984664740682,-5.5,-1.592965685905));
#2309=DIRECTION('',(0.,1.,6.21724893790088E-17));
#2310=DIRECTION('',(0.988951202516434,-9.21653820226129E-18,0.14824142147625));
#2311=CARTESIAN_POINT('',(-0.999999999999994,-5.5,-1.6946390148975E-15));
#2312=CARTESIAN_POINT('',(1.149287887118E-15,-5.5,-1.));
#2313=AXIS2_PLACEMENT_3D('',#2314,#2315,#2316);
#2314=CARTESIAN_POINT('',(-0.999999999999996,-5.5,-1.));
#2315=DIRECTION('',(0.,-1.,-6.21724893790088E-17));
#2316=DIRECTION('',(1.,2.76101316827355E-32,-4.44089209850064E-16));
#2317=CARTESIAN_POINT('',(-9.58352289856354,-5.5,-2.23779837188458E-15));
#2318=CARTESIAN_POINT('',(-9.58352289856354,-5.5,-1.63585186965788E-15));
#2319=VECTOR('',#2320,1.);
#2320=DIRECTION('',(1.,0.,1.53123538213184E-16));
#2321=CARTESIAN_POINT('',(-10.5835228985635,-5.5,0.999999999999998));
#2322=AXIS2_PLACEMENT_3D('',#2323,#2324,#2325);
#2323=CARTESIAN_POINT('',(-9.58352289856354,-5.5,1.));
#2324=DIRECTION('',(0.,1.,6.21724893790088E-17));
#2325=DIRECTION('',(3.5527136788005E-15,6.21724893790088E-17,-1.));
#2326=CARTESIAN_POINT('',(-10.5835228985635,-5.5,5.));
#2327=CARTESIAN_POINT('',(-10.5835228985635,-5.5,0.999999999999998));
#2328=VECTOR('',#2329,1.);
#2329=DIRECTION('',(-4.44089209850063E-16,0.,1.));
#2330=CARTESIAN_POINT('',(-11.0920610168467,-5.5,5.));
#2331=CARTESIAN_POINT('',(-11.0920610168467,-5.5,4.99999999999999));
#2332=VECTOR('',#2333,1.);
#2333=DIRECTION('',(1.,0.,0.));
#2334=CARTESIAN_POINT('',(-11.0920610168467,-5.5,-1.));
#2335=VECTOR('',#2336,1.);
#2336=DIRECTION('',(0.,4.44089209850063E-16,1.));
#2337=AXIS2_PLACEMENT_3D('',#2338,#2339,#2340);
#2338=CARTESIAN_POINT('',(-20.984664740682,-5.5,-1.592965685905));
#2339=DIRECTION('',(0.,1.,6.21724893790088E-17));
#2340=DIRECTION('',(-0.167991516581298,6.12889213763667E-17,-0.985788440973374));
#2341=CARTESIAN_POINT('',(-16.0749847802804,-5.5,4.99999999999999));
#2342=CARTESIAN_POINT('',(-16.0749847802804,-5.5,-1.));
#2343=VECTOR('',#2344,1.);
#2344=DIRECTION('',(0.,0.,1.));
#2345=CARTESIAN_POINT('',(-16.5835228985635,-5.49999999999999,4.99999999999999));
#2346=CARTESIAN_POINT('',(-16.5835228985635,-5.5,4.99999999999999));
#2347=VECTOR('',#2348,1.);
#2348=DIRECTION('',(1.,-1.74653263495494E-15,0.));
#2349=CARTESIAN_POINT('',(-16.5835228985635,-5.5,0.963424277088748));
#2350=CARTESIAN_POINT('',(-16.5835228985635,-5.5,0.963424277088748));
#2351=VECTOR('',#2352,1.);
#2352=DIRECTION('',(0.,-2.20032641691546E-16,1.));
#2353=CARTESIAN_POINT('',(-17.315542185693,-5.5,-5.47710025481744E-15));
#2354=CARTESIAN_POINT('',(-17.315542185693,-5.5,0.));
#2355=CARTESIAN_POINT('',(-16.5835228985635,-5.5,0.203614394218199));
#2356=CARTESIAN_POINT('',(-16.5835228985635,-5.5,0.963424277088748));
#2357=CARTESIAN_POINT('',(-24.6537872956711,-5.5,-8.32812091037657E-15));
#2358=AXIS2_PLACEMENT_3D('',#2359,#2360,#2361);
#2359=CARTESIAN_POINT('',(-20.984664740682,-5.5,-1.592965685905));
#2360=DIRECTION('',(0.,1.,6.21724893790088E-17));
#2361=DIRECTION('',(-0.917280638747258,-2.47596605470133E-17,0.398241421476247));
#2362=CARTESIAN_POINT('',(-28.,-5.5,-6.89335335691016E-15));
#2363=CARTESIAN_POINT('',(-28.,-5.5,-8.00856168365241E-15));
#2364=VECTOR('',#2365,1.);
#2365=DIRECTION('',(1.,0.,1.21483538761367E-15));
#2366=CARTESIAN_POINT('',(-29.,-5.5,-1.));
#2367=AXIS2_PLACEMENT_3D('',#2368,#2369,#2370);
#2368=CARTESIAN_POINT('',(-28.,-5.5,-1.00000000000001));
#2369=DIRECTION('',(0.,-1.,-6.21724893790088E-17));
#2370=DIRECTION('',(0.,-6.21724893790088E-17,1.));
#2371=CARTESIAN_POINT('',(-29.,-5.5,-49.));
#2372=CARTESIAN_POINT('',(-29.,-5.5,-49.));
#2373=VECTOR('',#2374,1.);
#2374=DIRECTION('',(-7.40148683083437E-17,-7.40148683083437E-17,1.));
#2375=AXIS2_PLACEMENT_3D('',#2376,#2377,#2378);
#2376=CARTESIAN_POINT('',(-28.,-5.5,-49.));
#2377=DIRECTION('',(0.,-1.,-6.21724893790088E-17));
#2378=DIRECTION('',(-1.,0.,0.));
#2379=CARTESIAN_POINT('',(2.86385326019544E-15,-5.5,-49.));
#2380=AXIS2_PLACEMENT_3D('',#2381,#2382,#2383);
#2381=CARTESIAN_POINT('',(-0.999999999999997,-5.5,-49.));
#2382=DIRECTION('',(0.,-1.,-6.21724893790088E-17));
#2383=DIRECTION('',(-2.22044604925031E-16,6.21724893790088E-17,-1.));
#2384=CARTESIAN_POINT('',(5.67914478588672E-17,-5.5,-1.));
#2385=VECTOR('',#2386,1.);
#2386=DIRECTION('',(5.6791447858867E-17,7.40148683083438E-17,-1.));
#2387=CARTESIAN_POINT('',(-20.984664740682,-5.5,-3.54711905080342));
#2388=AXIS2_PLACEMENT_3D('',#2389,#2390,#2391);
#2389=CARTESIAN_POINT('',(-20.984664740682,-5.5,-1.59296568590499));
#2390=DIRECTION('',(0.,1.,6.21724893790088E-17));
#2391=DIRECTION('',(6.12323399573676E-17,6.21724893790088E-17,-1.));
#2392=CARTESIAN_POINT('',(-24.5344369387091,-3.5,-0.0506958649021652));
#2393=CARTESIAN_POINT('',(-24.5344369387091,1.,-0.050695864902164));
#2394=VECTOR('',#2395,1.);
#2395=DIRECTION('',(0.,-1.,-3.46944695195361E-16));
#2396=CARTESIAN_POINT('',(-24.2800544631344,-4.49999999996221,-0.161362872150084));
#2397=CARTESIAN_POINT('',(-24.3228812523329,-4.42206748321968,-0.142731429162805));
#2398=CARTESIAN_POINT('',(-24.4007020178621,-4.25526474676763,-0.108876144110641));
#2399=CARTESIAN_POINT('',(-24.4806214656825,-3.99821076198175,-0.0741078445600879));
#2400=CARTESIAN_POINT('',(-24.5251803820497,-3.74297698474812,-0.0547228538706855));
#2401=CARTESIAN_POINT('',(-24.5344369387091,-3.57967206552177,-0.050695864902168));
#2402=CARTESIAN_POINT('',(-24.5344369387091,-3.5,-0.0506958649021681));
#2403=CARTESIAN_POINT('',(-28.,-5.5,-6.78731635656474E-15));
#2404=VECTOR('',#2405,1.);
#2405=DIRECTION('',(0.,1.,6.47768784286886E-17));
#2406=CARTESIAN_POINT('',(-24.6537872956711,-5.5,-8.93946768676436E-15));
#2407=VECTOR('',#2408,1.);
#2408=DIRECTION('',(3.55271367880051E-15,1.,3.63683077366232E-16));
#2409=CARTESIAN_POINT('',(-29.,-5.5,-1.));
#2410=VECTOR('',#2411,1.);
#2411=DIRECTION('',(0.,1.,6.83214169000096E-17));
#2412=CARTESIAN_POINT('',(-29.,-5.5,-49.));
#2413=VECTOR('',#2414,1.);
#2414=DIRECTION('',(0.,1.,0.));
#2415=CARTESIAN_POINT('',(1.69373026086717E-15,-5.5,-1.));
#2416=VECTOR('',#2417,1.);
#2417=DIRECTION('',(-6.83214169000096E-17,1.,6.83214169000096E-17));
#2418=CARTESIAN_POINT('',(2.83468040455495E-15,-5.5,-49.));
#2419=VECTOR('',#2420,1.);
#2420=DIRECTION('',(0.,1.,0.));
#2421=AXIS2_PLACEMENT_3D('',#2422,#2423,#2424);
#2422=CARTESIAN_POINT('',(-13.5835228985635,-5.5,5.));
#2423=DIRECTION('',(3.06247076426368E-16,6.12323399573676E-17,-1.));
#2424=DIRECTION('',(-1.,3.56488865520227E-16,-3.06247076426368E-16));
#2425=CARTESIAN_POINT('',(-0.999999999999995,-5.5,-7.65601682946006E-16));
#2426=VECTOR('',#2427,1.);
#2427=DIRECTION('',(-3.41607084500048E-16,1.,8.1857232653691E-17));
#2428=AXIS2_PLACEMENT_3D('',#2429,#2430,#2431);
#2429=CARTESIAN_POINT('',(-13.5835228985635,-5.5,-4.49669204502123E-15));
#2430=DIRECTION('',(-3.06247076426368E-16,-6.12323399573676E-17,1.));
#2431=DIRECTION('',(1.,3.01898744547311E-48,3.06247076426368E-16));
#2432=CARTESIAN_POINT('',(-23.9457464861751,-3.5,-1.12456678740952));
#2433=CARTESIAN_POINT('',(-23.9457464861751,1.,-1.12456678740952));
#2434=VECTOR('',#2435,1.);
#2435=DIRECTION('',(0.,-1.,-4.93432455388958E-17));
#2436=CARTESIAN_POINT('',(-18.0239141730832,-3.5,-1.12456678740953));
#2437=AXIS2_PLACEMENT_3D('',#2438,#2439,#2440);
#2438=CARTESIAN_POINT('',(-20.9848303296291,-3.5,-1.594923074134));
#2439=DIRECTION('',(-1.22464679914735E-16,1.,6.12323399573677E-17));
#2440=DIRECTION('',(0.98761643398064,1.11341523840777E-16,0.156887792168048));
#2441=CARTESIAN_POINT('',(-18.0239141730832,1.,-1.12456678740953));
#2442=VECTOR('',#2443,1.);
#2443=DIRECTION('',(0.,-1.,-4.93432455388958E-17));
#2444=CARTESIAN_POINT('',(-17.315542185693,-4.5,-4.66293670342566E-15));
#2445=VECTOR('',#2446,1.);
#2446=DIRECTION('',(0.,-1.,0.));
#2447=AXIS2_PLACEMENT_3D('',#2448,#2449,#2450);
#2448=CARTESIAN_POINT('',(-13.5835228985635,-5.5,5.));
#2449=DIRECTION('',(-3.06247076426368E-16,-6.12323399573676E-17,1.));
#2450=DIRECTION('',(1.,-6.23810782064098E-34,3.06247076426368E-16));
#2451=CARTESIAN_POINT('',(-16.3825373639106,-4.42040840000592,0.999999999999995));
#2452=AXIS2_PLACEMENT_3D('',#2453,#2454,#2455);
#2453=CARTESIAN_POINT('',(-13.5835228985635,-5.5,0.999999999999995));
#2454=DIRECTION('',(-3.06247076426368E-16,-6.12323399573676E-17,1.));
#2455=DIRECTION('',(1.,2.96059473233375E-16,3.06247076426368E-16));
#2456=CARTESIAN_POINT('',(-16.488260408222,-4.75000000001138,0.990014714292526));
#2457=CARTESIAN_POINT('',(-16.3825373639106,-4.42040840000592,0.999999999999995));
#2458=CARTESIAN_POINT('',(-16.3966619936124,-4.45702876909106,0.999999999999994));
#2459=CARTESIAN_POINT('',(-16.4232622826283,-4.5302726890006,0.998941811092741));
#2460=CARTESIAN_POINT('',(-16.4584169230891,-4.64013603488497,0.99519244781266));
#2461=CARTESIAN_POINT('',(-16.4788048187032,-4.71337865927591,0.991809836809851));
#2462=CARTESIAN_POINT('',(-16.488260408222,-4.75000000001139,0.990014714292525));
#2463=CARTESIAN_POINT('',(-16.488260408222,-4.75000000001138,0.990014714292526));
#2464=CARTESIAN_POINT('',(-16.5097767428134,-4.83333240555655,0.985929886303909));
#2465=CARTESIAN_POINT('',(-16.5451774697275,-5.00000043296907,0.976746165359418));
#2466=CARTESIAN_POINT('',(-16.5765904824173,-5.24999987629485,0.966067472971971));
#2467=CARTESIAN_POINT('',(-16.5835228985635,-5.41666666666621,0.963424277088748));
#2468=CARTESIAN_POINT('',(-16.5835228985635,-5.5,0.963424277088748));
#2469=CARTESIAN_POINT('',(-22.9699447852316,-4.5,-1.82184793292062));
#2470=CARTESIAN_POINT('',(-23.0144790825042,-4.4999999999879,-1.78086458431017));
#2471=CARTESIAN_POINT('',(-23.1003308284401,-4.4954314428328,-1.70502099434301));
#2472=CARTESIAN_POINT('',(-23.2233182424798,-4.47332021918646,-1.60476214576507));
#2473=CARTESIAN_POINT('',(-23.3402877098466,-4.43635873459033,-1.51581765986175));
#2474=CARTESIAN_POINT('',(-23.4535092573323,-4.38310152541861,-1.4348631521498));
#2475=CARTESIAN_POINT('',(-23.5636719468336,-4.31052433979928,-1.36026207195245));
#2476=CARTESIAN_POINT('',(-23.6665121577056,-4.21869596646872,-1.29369821001673));
#2477=CARTESIAN_POINT('',(-23.7580189063097,-4.10867366369675,-1.23659576774933));
#2478=CARTESIAN_POINT('',(-23.8345039368758,-3.98260661691376,-1.19019572858179));
#2479=CARTESIAN_POINT('',(-23.8941161730791,-3.84129148886609,-1.15476501796337));
#2480=CARTESIAN_POINT('',(-23.9295935741358,-3.70269842533328,-1.13397738131836));
#2481=CARTESIAN_POINT('',(-23.9436545010665,-3.58665423863296,-1.12578428132807));
#2482=CARTESIAN_POINT('',(-23.9457464861751,-3.52401244258639,-1.12456678740952));
#2483=CARTESIAN_POINT('',(-23.9457464861751,-3.5,-1.12456678740952));
#2484=CARTESIAN_POINT('',(-18.0239141730832,-3.5,-1.12456678740953));
#2485=CARTESIAN_POINT('',(-18.0239141730832,-3.56389357548953,-1.12456678740953));
#2486=CARTESIAN_POINT('',(-18.0345696607251,-3.68334314694371,-1.13075497612273));
#2487=CARTESIAN_POINT('',(-18.0770585594689,-3.84570420742498,-1.15565531035444));
#2488=CARTESIAN_POINT('',(-18.1369586004415,-3.98576207228793,-1.19128335992125));
#2489=CARTESIAN_POINT('',(-18.2126630809699,-4.11007447229646,-1.23722545936241));
#2490=CARTESIAN_POINT('',(-18.3046120934606,-4.22032537401138,-1.29461846496027));
#2491=CARTESIAN_POINT('',(-18.4085642125759,-4.31257015203552,-1.36195405417634));
#2492=CARTESIAN_POINT('',(-18.5183962797615,-4.38424444659767,-1.436441741423));
#2493=CARTESIAN_POINT('',(-18.6289962785578,-4.43599769222152,-1.51560303276662));
#2494=CARTESIAN_POINT('',(-18.7375917133843,-4.47067055917336,-1.59807255710997));
#2495=CARTESIAN_POINT('',(-18.8381441402889,-4.49022743143089,-1.67941918190181));
#2496=CARTESIAN_POINT('',(-18.9254073713861,-4.49861283601201,-1.75441732914254));
#2497=CARTESIAN_POINT('',(-18.9771389403744,-4.49999999999387,-1.80107117435273));
#2498=CARTESIAN_POINT('',(-18.9997158740266,-4.5,-1.82184793292063));
#2499=AXIS2_PLACEMENT_3D('',#2500,#2501,#2502);
#2500=CARTESIAN_POINT('',(-17.315542185693,-4.06054453334123,0.999999999999996));
#2501=DIRECTION('',(-0.359863866664692,-0.933004821782362,-3.58492195892571E-15));
#2502=DIRECTION('',(3.48808372354136E-15,2.49697172890429E-15,-1.));
#2503=AXIS2_PLACEMENT_3D('',#2504,#2505,#2506);
#2504=CARTESIAN_POINT('',(-17.4565062452804,-4.49999999989263,0.990014714509275));
#2505=DIRECTION('',(-0.24984176190277,-0.967632983052239,-0.0355739247025703));
#2506=DIRECTION('',(0.140964059514116,-1.07377735173517E-10,-0.990014713994343));
#2507=AXIS2_PLACEMENT_3D('',#2508,#2509,#2510);
#2508=CARTESIAN_POINT('',(-17.0362977391025,-3.5,-0.967678995241486));
#2509=DIRECTION('',(-4.06922598076894E-16,-1.,1.46369460706544E-15));
#2510=DIRECTION('',(-0.398925981446592,1.50451525945825E-15,0.916983130339306));
#2511=AXIS2_PLACEMENT_3D('',#2512,#2513,#2514);
#2512=CARTESIAN_POINT('',(-24.9333629201557,-3.5,-0.967678995241487));
#2513=DIRECTION('',(-2.96392612215293E-15,-1.,-1.21126829399625E-15));
#2514=DIRECTION('',(0.987616433980642,-2.73718893897454E-15,-0.156887792168032));
ENDSEC;
END-ISO-10303-21;
